"Slug","SEO Town","County","London Town","Driver Name","Business Name","website","facebook","Profile","Profile:alt","index","Town","Nearby Towns","Phone","WhatsApp","Van type","Work Undertaken","Work Done","Porters","instagram","X","TikTok","Title","Content","Driver Image 1","Driver Image 1:alt","Driver Image 2","Driver Image 2:alt","Driver Image 3","Driver Image 3:alt","Driver Image 4","Driver Image 4:alt","Driver Image 5","Driver Image 5:alt","Driver Image 6","Driver Image 6:alt","Driver Image 7","Driver Image 7:alt","Driver Image 8","Driver Image 8:alt","Insurance","Featured","Driver Detail H1","Driver Detail H2","Other Man and Van Businesses H2","Empty State Signup Paragraph","Empty State Signup Paragraph HTML","County Drivers Button Text","show gallery"
"cristian-marian-morariu","Milltimber","Aberdeenshire","","Cristian Marian Morariu","","","","https://framerusercontent.com/images/GdKEvAzo1miBw0qhING3SWOBvI.webp","Default profile image for Cristian Marian Morariu in Milltimber, Aberdeenshire.","false","milltimber-aberdeenshire","","07787604511","WhatsApp https://wa.me/447787604511","","","","","","","","","<h2 dir=""auto"">Overview</h2><p dir=""auto"">Cristian Marian Morariu is a Milltimber-based man and van listing, set up around the AB13 area of Aberdeenshire.</p><h3 dir=""auto"">The area</h3><p dir=""auto"">Expect the A93 to carry most of the traffic, so peak-time access is worth flagging up front.</p><h3 dir=""auto"">Worth checking first</h3><p dir=""auto"">This listing is fairly bare at the moment, so ask about the vehicle and the kind of work covered before going further. Send a clear rundown, both postcodes, the items, stairs or lift, parking, and timing, so the driver can say if the job suits. Insurance has been provided through VanHub UK, but ask that the cover matches your goods before you commit.</p>","https://framerusercontent.com/images/74yRCSFDqUH6HVBRhJ2WdDQ794.webp","","https://framerusercontent.com/images/SUN3A8zxFQjL4QFjunA3b6gCcnw.webp","","https://framerusercontent.com/images/7xFxF7YEZ36crGYyiwcyaEBoGk.webp","","https://framerusercontent.com/images/omzuUS1Y9BdxI4urAbkSJ6FrfA.webp","","","","https://framerusercontent.com/images/ceQ1QusSo96JydAUXoMTkQY77vc.webp","","https://framerusercontent.com/images/pEj6OyLZ1LjP2s4PsGqgqygb7Yk.webp","","https://framerusercontent.com/images/azUfSF1er2mSeE7AixHvDqMg340.webp","","true","false","Cristian Marian Morariu, Van and Driver in Milltimber","What Cristian Marian Morariu takes on around Milltimber and Aberdeenshire","Other Man and Van Businesses in Milltimber","Nobody has listed against Cristian Marian Morariu in Milltimber yet. List your business here.","<p dir=""auto"">Nobody has listed against Cristian Marian Morariu in Milltimber yet. <a href=""/driver-signup-page"">List your business here</a>.</p>","Search for drivers in Aberdeenshire","true"
"houseremovel-and-logistic-manchester","Manchester","Greater Manchester","","Adam Jadid","HouseRemovel & Logistic","","","https://framerusercontent.com/images/pebpOSMYH81ZEpRYn0kQUSgXvw.png","Default profile image for HouseRemovel & Logistic in Manchester, Greater Manchester.","false","manchester-greater-manchester","Salford, Prestwich, Stretford, Pendlebury, Eccles, Droylsden, Failsworth, Swinton","07466285528","https://wa.me/447466285528","Luton with tailift, LUTON, LUTON (TAILLIFT)","","Single Item, UK Wide, Local, Large Removals, HGV, Rubbish, Motorbike, Small Removals, motorbike transport, Single Items, Removals, Antiques, Heavy Goods, Whatever","","","","","HouseRemovel & Logistic","<h2 dir=""auto"">Overview</h2><p dir=""auto"">Based in Manchester (M19), HouseRemovel &amp; Logistic takes on man and van work across Greater Manchester. That typically takes in Salford, Prestwich, Stretford, and Pendlebury among other nearby areas. For clearance loads the nearest household waste centre is Sandfold Lane RC.</p><h3 dir=""auto"">Vehicle and services</h3><p dir=""auto"">Listed here are a Luton with a tail lift and a Luton van, so appliances, furniture, and heavier single items can be wheeled up rather than lifted by hand. Jobs listed include single-item collections, UK-wide courier runs, local courier work, larger house moves, motorbike transport, small house moves, house removals, antiques, and heavy or awkward goods. The mix leans towards house moves and bulkier loads rather than light courier drops.</p><p dir=""auto"">For any rubbish, clearance or waste jobs, check the driver holds valid waste carrier registration and disposes of loads properly before booking.</p><h3 dir=""auto"">Before you book</h3><p dir=""auto"">For a sensible price, send both postcodes, a quick item list, access at each end, and your date. It also helps to mention rough weights or sizes of the larger items and how the bike will be loaded and secured. The driver has supplied insurance details to VanHub UK. Confirm the cover fits your items before agreeing anything valuable.</p>","https://framerusercontent.com/images/74yRCSFDqUH6HVBRhJ2WdDQ794.webp","","https://framerusercontent.com/images/SUN3A8zxFQjL4QFjunA3b6gCcnw.webp","","https://framerusercontent.com/images/7xFxF7YEZ36crGYyiwcyaEBoGk.webp","","https://framerusercontent.com/images/omzuUS1Y9BdxI4urAbkSJ6FrfA.webp","","","","https://framerusercontent.com/images/ceQ1QusSo96JydAUXoMTkQY77vc.webp","","https://framerusercontent.com/images/pEj6OyLZ1LjP2s4PsGqgqygb7Yk.webp","","https://framerusercontent.com/images/azUfSF1er2mSeE7AixHvDqMg340.webp","","true","false","HouseRemovel & Logistic, Man and Van in Manchester","Adam Jadid, working in and around Manchester","Other Man and Van Businesses in Manchester","No other man and van driver is listed in Manchester yet. Already got a van? Add your details.","<p dir=""auto"">No other man and van driver is listed in Manchester yet. Already got a van? <a href=""/driver-signup-page"">Add your details</a>.</p>","Search for drivers in Greater Manchester","true"
"adnan-bradford","Bradford","West Yorkshire","","Adnan","","","","https://framerusercontent.com/images/GdKEvAzo1miBw0qhING3SWOBvI.webp","Default profile image for Adnan in Bradford, West Yorkshire.","false","bradford-west-yorkshire","Leeds, Shipley, Pudsey, Baildon, Queensbury, Cleckheaton, Bingley, Yeadon","07861908586","https://wa.me/447861908586","Luton no tailift","","Customer travel, Motorbike, Single Items, Removals, Heavy Goods, customer can travel, motorbike transport","Yes","","","","Adnan","<h2 dir=""auto"">At a glance</h2><p dir=""auto"">Adnan is a Bradford-based man and van profile, set up around the BD2 area of West Yorkshire. That puts Leeds, Shipley, Pudsey, and Baildon within easy reach for collections and drop-offs. A lot of collection work here starts around Broadway and Forster Square.</p><h3 dir=""auto"">Services listed</h3><p dir=""auto"">Jobs listed include motorbike transport, single-item collections, house removals, and heavy or awkward goods. An extra pair of hands is listed, useful where items need two people. With the moving work and that load space, this reads as a removals-focused setup rather than a courier one.</p><h3 dir=""auto"">The vehicle</h3><p dir=""auto"">Listed here is a Luton (no tail lift), which gives plenty of load height for furniture and boxed goods.</p><p dir=""auto"">For a sensible price, send both postcodes, a quick item list, access at each end, and your date. It also helps to mention rough weights or sizes of the larger items and how the bike will be loaded and secured. No insurance details have been supplied through VanHub UK, so confirm cover directly before booking valuable or higher-risk work.</p>","https://framerusercontent.com/images/74yRCSFDqUH6HVBRhJ2WdDQ794.webp","","https://framerusercontent.com/images/SUN3A8zxFQjL4QFjunA3b6gCcnw.webp","","https://framerusercontent.com/images/7xFxF7YEZ36crGYyiwcyaEBoGk.webp","","https://framerusercontent.com/images/omzuUS1Y9BdxI4urAbkSJ6FrfA.webp","","","","https://framerusercontent.com/images/ceQ1QusSo96JydAUXoMTkQY77vc.webp","","https://framerusercontent.com/images/pEj6OyLZ1LjP2s4PsGqgqygb7Yk.webp","","https://framerusercontent.com/images/azUfSF1er2mSeE7AixHvDqMg340.webp","","false","false","Adnan, Removals and Man and Van in Bradford","Jobs Adnan covers in and around Bradford, West Yorkshire","Other Man and Van Businesses in Bradford","There is room for more drivers in Bradford. If you have a van, set up a profile.","<p dir=""auto"">There is room for more drivers in Bradford. If you have a van, <a href=""/driver-signup-page"">set up a profile</a>.</p>","Search for drivers in West Yorkshire","true"
"packpoint-logistics-newport","Newport","Newport","","Akanbi Ademola","Packpoint Logistics","https://packpointlogistics.com","","https://framerusercontent.com/images/GdKEvAzo1miBw0qhING3SWOBvI.webp","Default profile image for Packpoint Logistics in Newport.","true","newport-newport-county","Caerleon, Risca, Cwmbran, Abercarn, Pontypool, Usk, Bedwas, Pontllanfraith","07979138242","https://wa.me/447979138242","Luton with tailift","","Motorbike, Single Items, Removals, Antiques, Heavy Goods","Yes","","","","Packpoint Logistics","<h2 dir=""auto"">What you are looking at</h2><p dir=""auto"">Based in Newport (NP20), Packpoint Logistics takes on man and van work across Newport. Nearby spots like Caerleon, Risca, Cwmbran, and Abercarn sit inside the usual working area. A lot of collection work here starts around Newport city centre and Friars Walk.</p><h3 dir=""auto"">Vehicle and services</h3><p dir=""auto"">Listed here is a Luton with a tail lift, so appliances, furniture, and heavier single items can be wheeled up rather than lifted by hand. Jobs listed include motorbike transport, single-item collections, house removals, antiques, and heavy or awkward goods. Porter help is shown as available, which matters for two-person lifts or stairs. The mix leans towards house moves and bulkier loads rather than light courier drops.</p><h3 dir=""auto"">Sorting a quote</h3><p dir=""auto"">A clear message beats a vague one: list the items, both postcodes, floor levels, and parking, plus the date you want. It also helps to mention rough weights or sizes of the larger items and how the bike will be loaded and secured. The driver has supplied insurance details to VanHub UK. Confirm the cover fits your items before agreeing anything valuable. A website is linked on the profile, handy for a look before you make contact.</p>","https://framerusercontent.com/images/74yRCSFDqUH6HVBRhJ2WdDQ794.webp","","https://framerusercontent.com/images/SUN3A8zxFQjL4QFjunA3b6gCcnw.webp","","https://framerusercontent.com/images/7xFxF7YEZ36crGYyiwcyaEBoGk.webp","","https://framerusercontent.com/images/omzuUS1Y9BdxI4urAbkSJ6FrfA.webp","","","","https://framerusercontent.com/images/ceQ1QusSo96JydAUXoMTkQY77vc.webp","","https://framerusercontent.com/images/pEj6OyLZ1LjP2s4PsGqgqygb7Yk.webp","","https://framerusercontent.com/images/azUfSF1er2mSeE7AixHvDqMg340.webp","","true","false","Packpoint Logistics, Man and Van in Newport","Akanbi Ademola runs a van out of Newport","Other Man and Van Businesses in Newport","Only Akanbi Ademola is listed for van work in Newport so far. Get listed too.","<p dir=""auto"">Only Akanbi Ademola is listed for van work in Newport so far. <a href=""/driver-signup-page"">Get listed too</a>.</p>","Search for drivers in Newport","true"
"aksar-khan-bethnal-green","Bethnal Green","Tower Hamlets","bethnal-green-tower-hamlets","Aksar Khan","","","","https://framerusercontent.com/images/GdKEvAzo1miBw0qhING3SWOBvI.webp","Default profile image for Aksar Khan in Bethnal Green.","false","","Westminster, Finsbury, Bermondsey, Marylebone, Stepney, Islington, Bethnal Green, Lambeth","07356291072","https://wa.me/447356291072","SWB panel","","Single Items, Vehicle transport, Antiques, Removals","Yes","","","","Aksar Khan","<h2 dir=""auto"">In brief</h2><p dir=""auto"">Aksar Khan covers Bethnal Green and the surrounding Bethnal Green area, working out of the E2 postcode. That puts Westminster, Finsbury, Bermondsey, and Marylebone within easy reach for collections and drop-offs.</p><h3 dir=""auto"">Services listed</h3><p dir=""auto"">Jobs listed include single-item collections, vehicle transport, antiques, and house removals. Porter help is shown as available, which matters for two-person lifts or stairs.</p><h3 dir=""auto"">The vehicle</h3><p dir=""auto"">The profile lists a short wheelbase panel van, handy for single items, furniture, and smaller moves.</p><h3 dir=""auto"">Making contact</h3><p dir=""auto"">A clear message beats a vague one: list the items, both postcodes, floor levels, and parking, plus the date you want. It also helps to mention rough weights or sizes of the larger items. Insurance has not been supplied through VanHub UK. Check cover with the driver before handing over anything of value.</p>","https://framerusercontent.com/images/74yRCSFDqUH6HVBRhJ2WdDQ794.webp","","https://framerusercontent.com/images/SUN3A8zxFQjL4QFjunA3b6gCcnw.webp","","https://framerusercontent.com/images/7xFxF7YEZ36crGYyiwcyaEBoGk.webp","","https://framerusercontent.com/images/omzuUS1Y9BdxI4urAbkSJ6FrfA.webp","","","","https://framerusercontent.com/images/ceQ1QusSo96JydAUXoMTkQY77vc.webp","","https://framerusercontent.com/images/pEj6OyLZ1LjP2s4PsGqgqygb7Yk.webp","","https://framerusercontent.com/images/azUfSF1er2mSeE7AixHvDqMg340.webp","","false","false","Aksar Khan, Van Driver Covering Bethnal Green","Where Aksar Khan works: Bethnal Green and across Tower Hamlets","Other Man and Van Businesses in Bethnal Green","No other man and van driver is listed in Bethnal Green yet. Already got a van? Add your details.","<p dir=""auto"">No other man and van driver is listed in Bethnal Green yet. Already got a van? <a href=""/driver-signup-page"">Add your details</a>.</p>","Search for drivers in Bethnal Green","true"
"aleksejs-majorovs-redditch","Redditch","Worcestershire","","Aleksejs Majorovs","","","","https://framerusercontent.com/images/GdKEvAzo1miBw0qhING3SWOBvI.webp","Default profile image for Aleksejs Majorovs in Redditch, Worcestershire.","false","redditch-worcestershire","Bromsgrove, Droitwich Spa, Lakeside, Riverside, Lodge Park, Southcrest, Enfield, Batchley","07544072109","https://wa.me/447544072109","Renault master lwb","","motorbike transport","","","","","Aleksejs Majorovs","<h2 dir=""auto"">Profile summary</h2><p dir=""auto"">Aleksejs Majorovs runs out of Redditch in Worcestershire, with the profile tied to the B98 district. Customers around Bromsgrove, Droitwich Spa, Lakeside, and Riverside may also find this a useful option. Local runs mostly follow the A441, A448 and A4023, so timing around those routes matters more than raw mileage. Flats around Redditch bring the usual single-item and small-move jobs.</p><h3 dir=""auto"">Van and load space</h3><p dir=""auto"">The profile lists a long wheelbase panel van, handy for single items, furniture, and smaller moves.</p><h3 dir=""auto"">Typical work</h3><p dir=""auto"">Jobs listed include motorbike transport. Motorbike transport sits alongside the general work, so it suits bike moves as well as boxes.</p><p dir=""auto"">When you get in touch, give the pickup and drop-off postcodes, what is moving, parking and stairs, and when you need it. It also helps to mention how the bike will be loaded and secured. No insurance details have been supplied through VanHub UK, so confirm cover directly before booking valuable or higher-risk work.</p>","https://framerusercontent.com/images/74yRCSFDqUH6HVBRhJ2WdDQ794.webp","","https://framerusercontent.com/images/SUN3A8zxFQjL4QFjunA3b6gCcnw.webp","","https://framerusercontent.com/images/7xFxF7YEZ36crGYyiwcyaEBoGk.webp","","https://framerusercontent.com/images/omzuUS1Y9BdxI4urAbkSJ6FrfA.webp","","","","https://framerusercontent.com/images/ceQ1QusSo96JydAUXoMTkQY77vc.webp","","https://framerusercontent.com/images/pEj6OyLZ1LjP2s4PsGqgqygb7Yk.webp","","https://framerusercontent.com/images/azUfSF1er2mSeE7AixHvDqMg340.webp","","false","false","Aleksejs Majorovs, Deliveries and Man and Van in Redditch","Aleksejs Majorovs, based in Redditch and working across Worcestershire","Other Man and Van Businesses in Redditch","Aleksejs Majorovs is the only Redditch driver on here so far. Add your own listing.","<p dir=""auto"">Aleksejs Majorovs is the only Redditch driver on here so far. <a href=""/driver-signup-page"">Add your own listing</a>.</p>","Search for drivers in Worcestershire","true"
"mk-delivery-solutions-ltd-towcester","Towcester","Northamptonshire","","MK Delivery Solutions","Mk Delivery Solutions Ltd","","","https://framerusercontent.com/images/pebpOSMYH81ZEpRYn0kQUSgXvw.png","Default profile image for Mk Delivery Solutions Ltd in Towcester, Northamptonshire.","false","towcester-northamptonshire","Northampton, Buckingham, Brackley, Hulcote, Wood Burcote, Duncote, Tiffield, Shutlanger","07450245419","https://wa.me/447450245419","Luton tailift, Curtainsider 3.5t, XLWB, LWB, Vehicle transport, HGV","","
","Yes","","","","Mk Delivery Solutions Ltd","<h2 dir=""auto"">The rundown</h2><p dir=""auto"">Working from NN12 in Towcester, Mk Delivery Solutions Ltd handles jobs across Northamptonshire and nearby. Nearby spots like Northampton, Buckingham, Brackley, and Hulcote sit inside the usual working area. Local runs mostly follow the A5, A43 and M1, so timing around those routes matters more than raw mileage.</p><h3 dir=""auto"">What the van handles</h3><p dir=""auto"">You are looking at a few vehicles, including a Luton with a tail lift and a curtainsider, so appliances, furniture, and heavier single items can be wheeled up rather than lifted by hand.</p><h3 dir=""auto"">Getting a useful quote</h3><p dir=""auto"">Give the driver something to work with, both postcodes, what is moving, stairs or lift, and timing, and the quote will be more accurate. It also helps to mention rough weights or sizes of the larger items. The driver has supplied insurance details to VanHub UK. Confirm the cover fits your items before agreeing anything valuable.</p>","https://framerusercontent.com/images/74yRCSFDqUH6HVBRhJ2WdDQ794.webp","","https://framerusercontent.com/images/SUN3A8zxFQjL4QFjunA3b6gCcnw.webp","","https://framerusercontent.com/images/7xFxF7YEZ36crGYyiwcyaEBoGk.webp","","https://framerusercontent.com/images/omzuUS1Y9BdxI4urAbkSJ6FrfA.webp","","","","https://framerusercontent.com/images/ceQ1QusSo96JydAUXoMTkQY77vc.webp","","https://framerusercontent.com/images/pEj6OyLZ1LjP2s4PsGqgqygb7Yk.webp","","https://framerusercontent.com/images/azUfSF1er2mSeE7AixHvDqMg340.webp","","true","false","Mk Delivery Solutions Ltd, Van and Driver in Towcester","MK Delivery Solutions, based in Towcester and working across Northamptonshire","Other Man and Van Businesses in Towcester","MK Delivery Solutions stands alone on the Towcester listings at the moment. List alongside them.","<p dir=""auto"">MK Delivery Solutions stands alone on the Towcester listings at the moment. <a href=""/driver-signup-page"">List alongside them</a>.</p>","Search for drivers in Northamptonshire","true"
"alfy-van-daventry","Daventry","Northamptonshire","","Alfy Van","","","","https://framerusercontent.com/images/GdKEvAzo1miBw0qhING3SWOBvI.webp","Default profile image for Alfy Van in Daventry, Northamptonshire.","false","daventry-northamptonshire","Rugby, Drayton, Newnham, Norton, Staverton, Badby, Welton, Dodford","07867278603","https://wa.me/447867278603","LUTON (TAILLIFT)","","customer can travel, motorbike transport, Single Items, Removals, Antiques, Heavy Goods","","","","","Alfy Van","<h2 dir=""auto"">What you are looking at</h2><p dir=""auto"">Based in Daventry (NN11), Alfy Van takes on man and van work across Northamptonshire. Customers around Rugby, Drayton, Newnham, and Norton may also find this a useful option. Shop and store pickups often come off Daventry town centre and Bowen Square. Storage runs come up a fair bit locally, Armadillo Daventry included.</p><h3 dir=""auto"">What the van handles</h3><p dir=""auto"">The profile lists a Luton with a tail lift, so appliances, furniture, and heavier single items can be wheeled up rather than lifted by hand.</p><h3 dir=""auto"">What this covers</h3><p dir=""auto"">Jobs listed include motorbike transport, single-item collections, house removals, antiques, and heavy or awkward goods. The mix leans towards house moves and bulkier loads rather than light courier drops.</p><h3 dir=""auto"">Getting a useful quote</h3><p dir=""auto"">A clear message beats a vague one: list the items, both postcodes, floor levels, and parking, plus the date you want. It also helps to mention rough weights or sizes of the larger items and how the bike will be loaded and secured. Insurance has not been supplied through VanHub UK. Check cover with the driver before handing over anything of value.</p>","https://framerusercontent.com/images/74yRCSFDqUH6HVBRhJ2WdDQ794.webp","","https://framerusercontent.com/images/SUN3A8zxFQjL4QFjunA3b6gCcnw.webp","","https://framerusercontent.com/images/7xFxF7YEZ36crGYyiwcyaEBoGk.webp","","https://framerusercontent.com/images/omzuUS1Y9BdxI4urAbkSJ6FrfA.webp","","","","https://framerusercontent.com/images/ceQ1QusSo96JydAUXoMTkQY77vc.webp","","https://framerusercontent.com/images/pEj6OyLZ1LjP2s4PsGqgqygb7Yk.webp","","https://framerusercontent.com/images/azUfSF1er2mSeE7AixHvDqMg340.webp","","false","false","Alfy Van, Man and Van Services in Daventry","Alfy Van runs a van out of Daventry across Northamptonshire","Other Man and Van Businesses in Daventry","Alfy Van stands alone on the Daventry listings at the moment. List alongside them.","<p dir=""auto"">Alfy Van stands alone on the Daventry listings at the moment. <a href=""/driver-signup-page"">List alongside them</a>.</p>","Search for drivers in Northamptonshire","true"
"east-vans-london","North Woolwich","Newham","north-woolwich-newham","Ali Abbaspour","East Vans","","","https://framerusercontent.com/images/GdKEvAzo1miBw0qhING3SWOBvI.webp","Default profile image for East Vans in London, Newham.","false","","Westminster, Finsbury, Bermondsey, Marylebone, Stepney, Islington, Bethnal Green, Lambeth","07570781067","https://wa.me/447570781067","LWB panel","","Small Removals, Local, Single Item, UK Wide","Yes","","","","East Vans","<h2 dir=""auto"">What you are looking at</h2><p dir=""auto"">East Vans covers Newham and the surrounding Newham area, working out of the E16 postcode. Nearby spots like Westminster, Finsbury, Bermondsey, and Marylebone sit inside the usual working area.</p><h3 dir=""auto"">What this covers</h3><p dir=""auto"">Jobs listed include small house moves, local courier work, single-item collections, and UK-wide courier runs. An extra pair of hands is listed, useful where items need two people.</p><h3 dir=""auto"">Van type and loading</h3><p dir=""auto"">The profile lists a long wheelbase panel van, well suited to single items, a few boxes, or a small furniture run.</p><p dir=""auto"">Give the driver something to work with, both postcodes, what is moving, stairs or lift, and timing, and the quote will be more accurate. There is no insurance on file with VanHub UK, so it is worth confirming cover directly, especially for anything valuable.</p>","https://framerusercontent.com/images/74yRCSFDqUH6HVBRhJ2WdDQ794.webp","","https://framerusercontent.com/images/SUN3A8zxFQjL4QFjunA3b6gCcnw.webp","","https://framerusercontent.com/images/7xFxF7YEZ36crGYyiwcyaEBoGk.webp","","https://framerusercontent.com/images/omzuUS1Y9BdxI4urAbkSJ6FrfA.webp","","","","https://framerusercontent.com/images/ceQ1QusSo96JydAUXoMTkQY77vc.webp","","https://framerusercontent.com/images/pEj6OyLZ1LjP2s4PsGqgqygb7Yk.webp","","https://framerusercontent.com/images/azUfSF1er2mSeE7AixHvDqMg340.webp","","false","false","East Vans, Collections and Removals in North Woolwich","Van work from Ali Abbaspour across North Woolwich and Newham","Other Man and Van Businesses in London","Driver coverage in North Woolwich is thin, with just Ali Abbaspour listed. Add yours to it.","<p dir=""auto"">Driver coverage in North Woolwich is thin, with just Ali Abbaspour listed. <a href=""/driver-signup-page"">Add yours to it</a>.</p>","Search for drivers in Newham","true"
"andre-powell-chelmsford","Chelmsford","Essex","","Andre powell","","","","https://framerusercontent.com/images/GdKEvAzo1miBw0qhING3SWOBvI.webp","Default profile image for Andre powell in Chelmsford, Essex.","false","chelmsford-essex","Billericay, Witham, Wickford, Maldon, Chipping Ongar, Moulsham, Widford, Great Baddow","07400753147","https://wa.me/447400753147","MWB","","Rubbish removal, Vehicle transport, Hazardous material transport, pet and livestock transport, customer can travel, motorbike transport","when neeeded","","","","Andre powell","<h2 dir=""auto"">The rundown</h2><p dir=""auto"">Andre powell runs out of chelmsford in Essex, with the profile tied to the CM1 district. Customers around Billericay, Witham, Wickford, and Maldon may also find this a useful option.</p><h3 dir=""auto"">The setup</h3><p dir=""auto"">The profile lists a medium wheelbase panel van, a sensible size for single items and lighter moves. Jobs listed include vehicle transport, pet and livestock transport, and motorbike transport. Motorbike transport sits alongside the general work, so it suits bike moves as well as boxes.</p><h3 dir=""auto"">Local jobs</h3><p dir=""auto"">Rubbish runs round here usually head to Chelmsford Recycling Centre, Drovers Way, CM2 5PH. Check Essex rules before travelling, including residency, booking and any vehicle restrictions. Local runs mostly follow the A12, A130 and A414, so timing around those routes matters more than raw mileage.</p><p dir=""auto"">For any rubbish, clearance or waste jobs, check the driver holds valid waste carrier registration and disposes of loads properly before booking. Hazardous waste is specialist work that needs the right licensing, so confirm this directly.</p><h3 dir=""auto"">Getting a useful quote</h3><p dir=""auto"">Give the driver something to work with, both postcodes, what is moving, stairs or lift, and timing, and the quote will be more accurate. It also helps to mention how the bike will be loaded and secured. Insurance has not been supplied through VanHub UK. Check cover with the driver before handing over anything of value.</p>","https://framerusercontent.com/images/74yRCSFDqUH6HVBRhJ2WdDQ794.webp","","https://framerusercontent.com/images/SUN3A8zxFQjL4QFjunA3b6gCcnw.webp","","https://framerusercontent.com/images/7xFxF7YEZ36crGYyiwcyaEBoGk.webp","","https://framerusercontent.com/images/omzuUS1Y9BdxI4urAbkSJ6FrfA.webp","","","","https://framerusercontent.com/images/ceQ1QusSo96JydAUXoMTkQY77vc.webp","","https://framerusercontent.com/images/pEj6OyLZ1LjP2s4PsGqgqygb7Yk.webp","","https://framerusercontent.com/images/azUfSF1er2mSeE7AixHvDqMg340.webp","","false","false","Andre powell, Man and Van Covering Chelmsford","Van work from Andre powell across Chelmsford and Essex","Other Man and Van Businesses in Chelmsford","The Chelmsford listings currently show one driver. Add a second.","<p dir=""auto"">The Chelmsford listings currently show one driver. <a href=""/driver-signup-page"">Add a second</a>.</p>","Search for drivers in Essex","true"
"mbc-logistics-ltd-stockport","Stockport","Greater Manchester","","Andrew Dickinson","MBC Logistics Ltd","","https://www.facebook.com/mbclogistics","https://framerusercontent.com/images/IC1nKKfkwDkjUrkY0NA4ZfPciM.png","Profile image for MBC Logistics Ltd in Stockport, Greater Manchester.","true","stockport-greater-manchester","Manchester, Salford, Cheadle, Cheadle Hulme, Romiley, Hazel Grove, Gatley, Denton","07932622131","https://wa.me/447932622131","LWB panel, SWB panel","","Single Item, Local, UK Wide","Yes","","","","MBC Logistics Ltd","<h2 dir=""auto"">About this profile</h2><p dir=""auto"">Working from SK6 in Stockport, MBC Logistics Ltd handles jobs across Greater Manchester and nearby. Nearby spots like Manchester, Salford, Cheadle, and Cheadle Hulme sit inside the usual working area. Shop and store pickups often come off Merseyway and Peel Centre. Expect the M60, A6 and A34 to carry most of the traffic, so peak-time access is worth flagging up front.</p><h3 dir=""auto"">The setup</h3><p dir=""auto"">The profile lists a long wheelbase panel van and a short wheelbase panel van, handy for single items, furniture, and smaller moves. Jobs listed include single-item collections, local courier work, and UK-wide courier runs. Porter help is shown as available, which matters for two-person lifts or stairs. Going by the van and the job list, this suits single items and courier-style runs more than full house moves.</p><h3 dir=""auto"">Getting a price</h3><p dir=""auto"">A clear message beats a vague one: list the items, both postcodes, floor levels, and parking, plus the date you want. Insurance details have been supplied to VanHub UK, though it is still worth checking the cover suits your particular job. A social page is linked, handy for a quick look at past work before booking.</p>","https://framerusercontent.com/images/74yRCSFDqUH6HVBRhJ2WdDQ794.webp","","https://framerusercontent.com/images/SUN3A8zxFQjL4QFjunA3b6gCcnw.webp","","https://framerusercontent.com/images/7xFxF7YEZ36crGYyiwcyaEBoGk.webp","","https://framerusercontent.com/images/omzuUS1Y9BdxI4urAbkSJ6FrfA.webp","","","","https://framerusercontent.com/images/ceQ1QusSo96JydAUXoMTkQY77vc.webp","","https://framerusercontent.com/images/pEj6OyLZ1LjP2s4PsGqgqygb7Yk.webp","","https://framerusercontent.com/images/azUfSF1er2mSeE7AixHvDqMg340.webp","","true","false","MBC Logistics Ltd, Man and Van Services in Stockport","Andrew Dickinson runs a van out of Stockport across Greater Manchester","Other Man and Van Businesses in Stockport","Nobody else has listed a van in Stockport yet. If you work the area, get your profile up.","<p dir=""auto"">Nobody else has listed a van in Stockport yet. If you work the area, <a href=""/driver-signup-page"">get your profile up</a>.</p>","Search for drivers in Greater Manchester","true"
"benjamin-cooper-wakefield","Wakefield","West Yorkshire","","Benjamin cooper","","","","https://framerusercontent.com/images/GdKEvAzo1miBw0qhING3SWOBvI.webp","Default profile image for Benjamin cooper in Wakefield, West Yorkshire.","false","wakefield-west-yorkshire","Leeds, Horbury, Ossett, Normanton, Rothwell, Featherstone, Dewsbury, Royston","07907236595","https://wa.me/447907236595","Luton","","small jobs (man and van)","","","","","Benjamin cooper","<h2 dir=""auto"">What you are looking at</h2><p dir=""auto"">Benjamin cooper covers Wakefield and the surrounding West Yorkshire area, working out of the WF1 postcode. That typically takes in Leeds, Horbury, Ossett, and Normanton among other nearby areas. Expect the M1, M62 and A638 to carry most of the traffic, so peak-time access is worth flagging up front. Flats around Westgate and Kirkgate bring the usual single-item and small-move jobs.</p><h3 dir=""auto"">The van</h3><p dir=""auto"">The profile lists a Luton van, so a decent amount of furniture or a small flat move fits in one run.</p><h3 dir=""auto"">Making contact</h3><p dir=""auto"">Give the driver something to work with, both postcodes, what is moving, stairs or lift, and timing, and the quote will be more accurate. It also helps to mention rough weights or sizes of the larger items. Insurance has not been supplied through VanHub UK. Check cover with the driver before handing over anything of value.</p>","https://framerusercontent.com/images/74yRCSFDqUH6HVBRhJ2WdDQ794.webp","","https://framerusercontent.com/images/SUN3A8zxFQjL4QFjunA3b6gCcnw.webp","","https://framerusercontent.com/images/7xFxF7YEZ36crGYyiwcyaEBoGk.webp","","https://framerusercontent.com/images/omzuUS1Y9BdxI4urAbkSJ6FrfA.webp","","","","https://framerusercontent.com/images/ceQ1QusSo96JydAUXoMTkQY77vc.webp","","https://framerusercontent.com/images/pEj6OyLZ1LjP2s4PsGqgqygb7Yk.webp","","https://framerusercontent.com/images/azUfSF1er2mSeE7AixHvDqMg340.webp","","false","false","Benjamin cooper, Man and Van Work in Wakefield","Benjamin cooper, based in Wakefield and working across West Yorkshire","Other Man and Van Businesses in Wakefield","Nobody has joined Benjamin cooper on the Wakefield listings yet. Claim a spot.","<p dir=""auto"">Nobody has joined Benjamin cooper on the Wakefield listings yet. <a href=""/driver-signup-page"">Claim a spot</a>.</p>","Search for drivers in West Yorkshire","true"
"chris-rogers-wakefield","Wakefield","West Yorkshire","","Chris rogers","","","","https://framerusercontent.com/images/GdKEvAzo1miBw0qhING3SWOBvI.webp","Default profile image for Chris rogers in Wakefield, West Yorkshire.","false","wakefield-west-yorkshire","Leeds, Horbury, Ossett, Normanton, Rothwell, Featherstone, Dewsbury, Royston","07412081199","https://wa.me/447412081199","Mercedes sprinter 4m","","pet and livestock transport, customer can travel, motorbike transport","","","","","Chris rogers","<h2 dir=""auto"">In brief</h2><p dir=""auto"">Chris rogers is a Wakefield-based man and van profile, set up around the WF1 area of West Yorkshire. That typically takes in Leeds, Horbury, Ossett, and Normanton among other nearby areas. Local runs mostly follow the M1, M62 and A638, so timing around those routes matters more than raw mileage. Flats around Westgate and Kirkgate bring the usual single-item and small-move jobs.</p><h3 dir=""auto"">Work covered</h3><p dir=""auto"">Jobs listed include pet and livestock transport and motorbike transport. Motorbike transport sits alongside the general work, so it suits bike moves as well as boxes.</p><h3 dir=""auto"">Van type and loading</h3><p dir=""auto"">You are looking at a long wheelbase Sprinter, well suited to single items, a few boxes, or a small furniture run.</p><h3 dir=""auto"">Getting a useful quote</h3><p dir=""auto"">For a sensible price, send both postcodes, a quick item list, access at each end, and your date. It also helps to mention how the bike will be loaded and secured. No insurance details have been supplied through VanHub UK, so confirm cover directly before booking valuable or higher-risk work.</p>","https://framerusercontent.com/images/74yRCSFDqUH6HVBRhJ2WdDQ794.webp","","https://framerusercontent.com/images/SUN3A8zxFQjL4QFjunA3b6gCcnw.webp","","https://framerusercontent.com/images/7xFxF7YEZ36crGYyiwcyaEBoGk.webp","","https://framerusercontent.com/images/omzuUS1Y9BdxI4urAbkSJ6FrfA.webp","","","","https://framerusercontent.com/images/ceQ1QusSo96JydAUXoMTkQY77vc.webp","","https://framerusercontent.com/images/pEj6OyLZ1LjP2s4PsGqgqygb7Yk.webp","","https://framerusercontent.com/images/azUfSF1er2mSeE7AixHvDqMg340.webp","","false","false","Chris rogers, Man and Van Driver in Wakefield","Man and van jobs covered by Chris rogers in Wakefield and West Yorkshire","Other Man and Van Businesses in Wakefield","Wakefield could do with more listed drivers than Chris rogers alone. Add your van.","<p dir=""auto"">Wakefield could do with more listed drivers than Chris rogers alone. <a href=""/driver-signup-page"">Add your van</a>.</p>","Search for drivers in West Yorkshire","true"
"christopher-starkie-hull","Hull","East Riding of Yorkshire","","Christopher starkie","","","","https://framerusercontent.com/images/GdKEvAzo1miBw0qhING3SWOBvI.webp","Default profile image for Christopher starkie in Hull, East Riding of Yorkshire.","false","hull-east-riding-of-yorkshire","Cottingham, Hessle, Barton-Upon-Humber, Hedon, Beverley, Sculcoates, Victoria Dock Village, West Park","07715233896","https://wa.me/447715233896","Luton","","small jobs (man and van)","","","","","Christopher starkie","<h2 dir=""auto"">In brief</h2><p dir=""auto"">Based in Hull (HU1), Christopher starkie takes on man and van work across East Riding of Yorkshire. Nearby spots like Cottingham, Hessle, Barton-Upon-Humber, and Hedon sit inside the usual working area.</p><h3 dir=""auto"">Van type and loading</h3><p dir=""auto"">The profile lists a Luton van, which gives plenty of load height for furniture and boxed goods.</p><h3 dir=""auto"">Working Hull</h3><p dir=""auto"">Expect the A63, A1033 and A1079 to carry most of the traffic, so peak-time access is worth flagging up front. Flats around Hull Paragon bring the usual single-item and small-move jobs.</p><p dir=""auto"">A clear message beats a vague one: list the items, both postcodes, floor levels, and parking, plus the date you want. It also helps to mention rough weights or sizes of the larger items. Insurance has not been supplied through VanHub UK. Check cover with the driver before handing over anything of value.</p>","https://framerusercontent.com/images/74yRCSFDqUH6HVBRhJ2WdDQ794.webp","","https://framerusercontent.com/images/SUN3A8zxFQjL4QFjunA3b6gCcnw.webp","","https://framerusercontent.com/images/7xFxF7YEZ36crGYyiwcyaEBoGk.webp","","https://framerusercontent.com/images/omzuUS1Y9BdxI4urAbkSJ6FrfA.webp","","","","https://framerusercontent.com/images/ceQ1QusSo96JydAUXoMTkQY77vc.webp","","https://framerusercontent.com/images/pEj6OyLZ1LjP2s4PsGqgqygb7Yk.webp","","https://framerusercontent.com/images/azUfSF1er2mSeE7AixHvDqMg340.webp","","false","false","Christopher starkie, Man and Van Work in Hull","Van driver Christopher starkie, covering Hull and East Riding of Yorkshire","Other Man and Van Businesses in Hull","There is room for more drivers in Hull. If you have a van, set up a profile.","<p dir=""auto"">There is room for more drivers in Hull. If you have a van, <a href=""/driver-signup-page"">set up a profile</a>.</p>","Search for drivers in East Riding of Yorkshire","true"
"col-t-a-collect-and-deliver-express-manchester","Manchester","Greater Manchester","","Col T/A Collect and deliver express","","","","https://framerusercontent.com/images/GdKEvAzo1miBw0qhING3SWOBvI.webp","Default profile image for Col T/A Collect and deliver express in Manchester, Greater Manchester.","false","","Salford, Prestwich, Stretford, Pendlebury, Eccles, Droylsden, Failsworth, Swinton","07903703787","https://wa.me/447903703787","Ford Transit leader luton 3.5 tonne fitted with a electric tail lift dashcam and cctv.","","customer can travel, motorbike transport","","","","","Col T/A Collect and deliver express","<h2 dir=""auto"">At a glance</h2><p dir=""auto"">Working from M25 in Greater Manchester, Col T/A Collect and deliver express handles jobs across Greater Manchester and nearby. That typically takes in Salford, Prestwich, Stretford, and Pendlebury among other nearby areas.</p><h3 dir=""auto"">The vehicle</h3><p dir=""auto"">Listed here is a Luton with a tail lift, so appliances, furniture, and heavier single items can be wheeled up rather than lifted by hand.</p><h3 dir=""auto"">What Col covers</h3><p dir=""auto"">Jobs listed include motorbike transport. Motorbike transport sits alongside the general work, so it suits bike moves as well as boxes.</p><h3 dir=""auto"">Before you book</h3><p dir=""auto"">For a sensible price, send both postcodes, a quick item list, access at each end, and your date. It also helps to mention rough weights or sizes of the larger items and how the bike will be loaded and secured. Insurance has not been supplied through VanHub UK. Check cover with the driver before handing over anything of value.</p>","https://framerusercontent.com/images/74yRCSFDqUH6HVBRhJ2WdDQ794.webp","","https://framerusercontent.com/images/SUN3A8zxFQjL4QFjunA3b6gCcnw.webp","","https://framerusercontent.com/images/7xFxF7YEZ36crGYyiwcyaEBoGk.webp","","https://framerusercontent.com/images/omzuUS1Y9BdxI4urAbkSJ6FrfA.webp","","","","https://framerusercontent.com/images/ceQ1QusSo96JydAUXoMTkQY77vc.webp","","https://framerusercontent.com/images/pEj6OyLZ1LjP2s4PsGqgqygb7Yk.webp","","https://framerusercontent.com/images/azUfSF1er2mSeE7AixHvDqMg340.webp","","false","false","Col T/A Collect and deliver express, Deliveries and Man and Van in Manchester","Col T/A Collect and deliver express runs a van out of Manchester","Other Man and Van Businesses in Manchester","If you run a van around Manchester, the listings are wide open. Put your details up.","<p dir=""auto"">If you run a van around Manchester, the listings are wide open. <a href=""/driver-signup-page"">Put your details up</a>.</p>","Search for drivers in Greater Manchester","true"
"tt-removals-bradford","Bradford","West Yorkshire","","Craig Gaskin","TT Removals","https://ttremovals.com","","https://framerusercontent.com/images/UTPAI9DfziTX54gDaeB2PeWlcbs.webp","Profile image for TT Removals in Bradford, West Yorkshire.","true","bradford-west-yorkshire","Leeds, Shipley, Pudsey, Baildon, Queensbury, Cleckheaton, Bingley, Yeadon","07702855343","https://wa.me/447702855343","Luton no tailift","","Single Item, Small/Med Removals","Yes","","","","TT Removals","<h2 dir=""auto"">The rundown</h2><p dir=""auto"">Working from BD13 in Bradford, TT Removals handles jobs across West Yorkshire and nearby. That typically takes in Leeds, Shipley, Pudsey, and Baildon among other nearby areas. Shop and store pickups often come off Broadway and Forster Square.</p><h3 dir=""auto"">The setup</h3><p dir=""auto"">You are looking at a Luton (no tail lift), so a decent amount of furniture or a small flat move fits in one run. Jobs listed include single-item collections and medium house moves. An extra pair of hands is listed, useful where items need two people. With the moving work and that load space, this reads as a removals-focused setup rather than a courier one.</p><p dir=""auto"">Give the driver something to work with, both postcodes, what is moving, stairs or lift, and timing, and the quote will be more accurate. It also helps to mention rough weights or sizes of the larger items. No insurance details have been supplied through VanHub UK, so confirm cover directly before booking valuable or higher-risk work. There is a website linked, so there is more background to check before getting in touch.</p>","https://framerusercontent.com/images/74yRCSFDqUH6HVBRhJ2WdDQ794.webp","","https://framerusercontent.com/images/SUN3A8zxFQjL4QFjunA3b6gCcnw.webp","","https://framerusercontent.com/images/7xFxF7YEZ36crGYyiwcyaEBoGk.webp","","https://framerusercontent.com/images/omzuUS1Y9BdxI4urAbkSJ6FrfA.webp","","","","https://framerusercontent.com/images/ceQ1QusSo96JydAUXoMTkQY77vc.webp","","https://framerusercontent.com/images/pEj6OyLZ1LjP2s4PsGqgqygb7Yk.webp","","https://framerusercontent.com/images/azUfSF1er2mSeE7AixHvDqMg340.webp","","false","false","TT Removals, Man and Van Covering Bradford","Man and Van Services from Craig Gaskin in Bradford, West Yorkshire","Other Man and Van Businesses in Bradford","Craig Gaskin is the only Bradford driver on here so far. Add your own listing.","<p dir=""auto"">Craig Gaskin is the only Bradford driver on here so far. <a href=""/driver-signup-page"">Add your own listing</a>.</p>","Search for drivers in West Yorkshire","true"
"craig-king-sheffield","Sheffield","South Yorkshire","","Craig King","","","","https://framerusercontent.com/images/GdKEvAzo1miBw0qhING3SWOBvI.webp","Default profile image for Craig King in Sheffield, South Yorkshire.","false","sheffield-south-yorkshire","Dronfield, Rotherham, Rawmarsh, Stocksbridge, Swinton, Wath Upon Dearne, Staveley, Worsbrough","01143124451","https://wa.me/441143124451","Relay xlwb","","","","","","","Craig King","<h2 dir=""auto"">Profile summary</h2><p dir=""auto"">Working from S1 in Sheffield, Craig King handles jobs across South Yorkshire and nearby. That typically takes in Dronfield, Rotherham, Rawmarsh, and Stocksbridge among other nearby areas.</p><h3 dir=""auto"">What the van handles</h3><p dir=""auto"">You are looking at an extra-long wheelbase panel van, with enough length for a small move or a few bulky pieces.</p><h3 dir=""auto"">On the ground</h3><p dir=""auto"">Expect the M1, A61 and A57 to carry most of the traffic, so peak-time access is worth flagging up front.</p><h3 dir=""auto"">Before you book</h3><p dir=""auto"">Give the driver something to work with, both postcodes, what is moving, stairs or lift, and timing, and the quote will be more accurate. It also helps to mention rough weights or sizes of the larger items. The driver has supplied insurance details to VanHub UK. Confirm the cover fits your items before agreeing anything valuable.</p>","https://framerusercontent.com/images/74yRCSFDqUH6HVBRhJ2WdDQ794.webp","","https://framerusercontent.com/images/SUN3A8zxFQjL4QFjunA3b6gCcnw.webp","","https://framerusercontent.com/images/7xFxF7YEZ36crGYyiwcyaEBoGk.webp","","https://framerusercontent.com/images/omzuUS1Y9BdxI4urAbkSJ6FrfA.webp","","","","https://framerusercontent.com/images/ceQ1QusSo96JydAUXoMTkQY77vc.webp","","https://framerusercontent.com/images/pEj6OyLZ1LjP2s4PsGqgqygb7Yk.webp","","https://framerusercontent.com/images/azUfSF1er2mSeE7AixHvDqMg340.webp","","true","false","Craig King, Van Driver in Sheffield","Man and van coverage from Craig King in Sheffield and South Yorkshire","Other Man and Van Businesses in Sheffield","Sheffield could do with more listed drivers than Craig King alone. Add your van.","<p dir=""auto"">Sheffield could do with more listed drivers than Craig King alone. <a href=""/driver-signup-page"">Add your van</a>.</p>","Search for drivers in South Yorkshire","true"
"dale-evans-cleckheaton","Cleckheaton","West Yorkshire","","Dale Evans","","","","https://framerusercontent.com/images/GdKEvAzo1miBw0qhING3SWOBvI.webp","Default profile image for Dale Evans in Cleckheaton, West Yorkshire.","false","cleckheaton-west-yorkshire","Bradford, Leeds, Wakefield, Liversedge, Heckmondwike, Brighouse, Mirfield, Batley","07473607358","https://wa.me/447473607358","MWB panel","","Customer travel, Single Items, Removals, Antiques, Heavy Goods, Courier, Palletised, customer can travel, ""Currier, palletised. Anything that fits in the van ðŸ‘","","","","","Dale Evans","<h2 dir=""auto"">What you are looking at</h2><p dir=""auto"">Dale Evans covers Cleckheaton and the surrounding West Yorkshire area, working out of the BD19 postcode. That typically takes in Bradford, Leeds, Wakefield, and Liversedge among other nearby areas. A lot of collection work here starts around Town centre and Spen Valley retail/trade areas.</p><h3 dir=""auto"">Vehicle and services</h3><p dir=""auto"">Listed here is a medium wheelbase panel van, a sensible size for single items and lighter moves. Jobs listed include single-item collections, house removals, antiques, heavy or awkward goods, courier work, and palletised loads. The job list is broad, from single items through to larger moves, so be specific about which you need.</p><p dir=""auto"">When you get in touch, give the pickup and drop-off postcodes, what is moving, parking and stairs, and when you need it. It also helps to mention rough weights or sizes of the larger items. Insurance has been provided through VanHub UK, but ask that the cover matches your goods before you commit.</p>","https://framerusercontent.com/images/74yRCSFDqUH6HVBRhJ2WdDQ794.webp","","https://framerusercontent.com/images/SUN3A8zxFQjL4QFjunA3b6gCcnw.webp","","https://framerusercontent.com/images/7xFxF7YEZ36crGYyiwcyaEBoGk.webp","","https://framerusercontent.com/images/omzuUS1Y9BdxI4urAbkSJ6FrfA.webp","","","","https://framerusercontent.com/images/ceQ1QusSo96JydAUXoMTkQY77vc.webp","","https://framerusercontent.com/images/pEj6OyLZ1LjP2s4PsGqgqygb7Yk.webp","","https://framerusercontent.com/images/azUfSF1er2mSeE7AixHvDqMg340.webp","","true","false","Dale Evans, Man and Van Covering Cleckheaton","Jobs Dale Evans covers in and around Cleckheaton, West Yorkshire","Other Man and Van Businesses in Cleckheaton","Cleckheaton could do with more listed drivers than Dale Evans alone. Add your van.","<p dir=""auto"">Cleckheaton could do with more listed drivers than Dale Evans alone. <a href=""/driver-signup-page"">Add your van</a>.</p>","Search for drivers in West Yorkshire","true"
"daniel-brown-barnsley","Barnsley","South Yorkshire","","Daniel Brown","","","","https://framerusercontent.com/images/GdKEvAzo1miBw0qhING3SWOBvI.webp","Default profile image for Daniel Brown in Barnsley, South Yorkshire.","false","barnsley-south-yorkshire","Wakefield, Worsbrough, Royston, Penistone, Hemsworth, Wath Upon Dearne, Thurnscoe, Stocksbridge","07899818556","https://wa.me/447899818556","Ford Transit 85 T280 2.4m internal bed length","","Rubbish removal","","","","","Daniel Brown","<h2 dir=""auto"">What you are looking at</h2><p dir=""auto"">Working from S70 in Barnsley, Daniel Brown handles jobs across South Yorkshire and nearby. Nearby spots like Wakefield, Worsbrough, Royston, and Penistone sit inside the usual working area. Rubbish runs round here usually head to Barnsley HWRCs.</p><h3 dir=""auto"">Van type and loading</h3><p dir=""auto"">You are looking at a long wheelbase van, a sensible size for single items and lighter moves.</p><p dir=""auto"">For any rubbish, clearance or waste jobs, check the driver holds valid waste carrier registration and disposes of loads properly before booking.</p><h3 dir=""auto"">Getting a useful quote</h3><p dir=""auto"">For a sensible price, send both postcodes, a quick item list, access at each end, and your date. Insurance has not been supplied through VanHub UK. Check cover with the driver before handing over anything of value.</p>","https://framerusercontent.com/images/74yRCSFDqUH6HVBRhJ2WdDQ794.webp","","https://framerusercontent.com/images/SUN3A8zxFQjL4QFjunA3b6gCcnw.webp","","https://framerusercontent.com/images/7xFxF7YEZ36crGYyiwcyaEBoGk.webp","","https://framerusercontent.com/images/omzuUS1Y9BdxI4urAbkSJ6FrfA.webp","","","","https://framerusercontent.com/images/ceQ1QusSo96JydAUXoMTkQY77vc.webp","","https://framerusercontent.com/images/pEj6OyLZ1LjP2s4PsGqgqygb7Yk.webp","","https://framerusercontent.com/images/azUfSF1er2mSeE7AixHvDqMg340.webp","","false","false","Daniel Brown, Van and Driver in Barnsley","Jobs Daniel Brown covers in and around Barnsley, South Yorkshire","Other Man and Van Businesses in Barnsley","So far Daniel Brown is the only listing for Barnsley. List your own van.","<p dir=""auto"">So far Daniel Brown is the only listing for Barnsley. <a href=""/driver-signup-page"">List your own van</a>.</p>","Search for drivers in South Yorkshire","true"
"darran-wyer-llandrindod-wells","Llandrindod Wells","Powys","","Darran Wyer","","","","https://framerusercontent.com/images/GdKEvAzo1miBw0qhING3SWOBvI.webp","Default profile image for Darran Wyer in Llandrindod Wells, Powys.","false","llandrindod-wells-powys","Builth Wells, Llanyre, Crossway, Howey, Llanfihangel-helygen, Disserth, Great Cellws, Gwystre","07581004574","https://wa.me/447581004574","Citroen Berlingo Box Van","","Rubbish removal, Hazardous material transport, customer can travel","","","","","Darran Wyer","<h2 dir=""auto"">What you are looking at</h2><p dir=""auto"">Darran Wyer runs out of Llandrindod Wells in Powys, with the profile tied to the LD1 district. That puts Builth Wells, Llanyre, Crossway, and Howey within easy reach for collections and drop-offs. For clearance loads the nearest household waste centre is Llandrindod HWRC. Local runs mostly follow the A483, A4081 and A44, so timing around those routes matters more than raw mileage.</p><h3 dir=""auto"">The vehicle</h3><p dir=""auto"">You are looking at a small van, aimed at single items, parcels, and smaller drops rather than big moves.</p><p dir=""auto"">For any rubbish, clearance or waste jobs, check the driver holds valid waste carrier registration and disposes of loads properly before booking. Hazardous waste is specialist work that needs the right licensing, so confirm this directly.</p><p dir=""auto"">For a sensible price, send both postcodes, a quick item list, access at each end, and your date. No insurance details have been supplied through VanHub UK, so confirm cover directly before booking valuable or higher-risk work.</p>","https://framerusercontent.com/images/74yRCSFDqUH6HVBRhJ2WdDQ794.webp","","https://framerusercontent.com/images/SUN3A8zxFQjL4QFjunA3b6gCcnw.webp","","https://framerusercontent.com/images/7xFxF7YEZ36crGYyiwcyaEBoGk.webp","","https://framerusercontent.com/images/omzuUS1Y9BdxI4urAbkSJ6FrfA.webp","","","","https://framerusercontent.com/images/ceQ1QusSo96JydAUXoMTkQY77vc.webp","","https://framerusercontent.com/images/pEj6OyLZ1LjP2s4PsGqgqygb7Yk.webp","","https://framerusercontent.com/images/azUfSF1er2mSeE7AixHvDqMg340.webp","","false","false","Darran Wyer, Man and Van Covering Llandrindod Wells","Darran Wyer, based in Llandrindod Wells and working across Powys","Other Man and Van Businesses in Llandrindod Wells","Llandrindod Wells has one listed driver at the moment. Running a van nearby? Add your business.","<p dir=""auto"">Llandrindod Wells has one listed driver at the moment. Running a van nearby? <a href=""/driver-signup-page"">Add your business</a>.</p>","Search for drivers in Powys","true"
"edc-ellis-delivery-and-collection-spalding","Spalding","Lincolnshire","","Andy Ellis","EDC (Ellis Delivery & Collection)","","https://www.facebook.com/share/g/14as8MLMCTY/","https://framerusercontent.com/images/5xlrDlChjYtMc34wkxbYhnVHt0.webp","Profile image for EDC (Ellis Delivery & Collection) in Spalding, Lincolnshire.","true","spalding-lincolnshire","Holbeach, Bourne, Clay Lake, Fulney, Fen End, Low Fulney, Little London, Pode Hole","07890653510","https://wa.me/447890653510","MWB panel","","Local, Single Item, UK Wide","if neccessary","","","","EDC (Ellis Delivery & Collection)","<h2 dir=""auto"">At a glance</h2><p dir=""auto"">Based in Spalding (PE11), EDC (Ellis Delivery &amp; Collection) takes on man and van work across Lincolnshire. That typically takes in Holbeach, Bourne, Clay Lake, and Fulney among other nearby areas.</p><h3 dir=""auto"">The setup</h3><p dir=""auto"">You are looking at a medium wheelbase panel van, a sensible size for single items and lighter moves. Jobs listed include local courier work, single-item collections, and UK-wide courier runs. It reads as a courier and single-item setup rather than a big-removals one.</p><h3 dir=""auto"">The area</h3><p dir=""auto"">A lot of collection work here starts around Spalding town centre and Springfields Outlet.</p><h3 dir=""auto"">Making contact</h3><p dir=""auto"">A clear message beats a vague one: list the items, both postcodes, floor levels, and parking, plus the date you want. There is no insurance on file with VanHub UK, so it is worth confirming cover directly, especially for anything valuable. There is a social page on the profile, worth a glance before you commit.</p>","https://framerusercontent.com/images/74yRCSFDqUH6HVBRhJ2WdDQ794.webp","","https://framerusercontent.com/images/SUN3A8zxFQjL4QFjunA3b6gCcnw.webp","","https://framerusercontent.com/images/7xFxF7YEZ36crGYyiwcyaEBoGk.webp","","https://framerusercontent.com/images/omzuUS1Y9BdxI4urAbkSJ6FrfA.webp","","","","https://framerusercontent.com/images/ceQ1QusSo96JydAUXoMTkQY77vc.webp","","https://framerusercontent.com/images/pEj6OyLZ1LjP2s4PsGqgqygb7Yk.webp","","https://framerusercontent.com/images/azUfSF1er2mSeE7AixHvDqMg340.webp","","false","false","EDC (Ellis Delivery & Collection), Man and Van in Spalding","Andy Ellis is available for van work in Spalding and Lincolnshire","Other Man and Van Businesses in Spalding","The Spalding listings currently show one driver. Add a second.","<p dir=""auto"">The Spalding listings currently show one driver. <a href=""/driver-signup-page"">Add a second</a>.</p>","Search for drivers in Lincolnshire","true"
"dawid-pasamonik-oldham","Oldham","Greater Manchester","","Dawid Pasamonik","","","","https://framerusercontent.com/images/GdKEvAzo1miBw0qhING3SWOBvI.webp","Default profile image for Dawid Pasamonik in Oldham, Greater Manchester.","false","oldham-greater-manchester","Manchester, Salford, Chadderton, Royton, Shaw, Failsworth, Middleton, Ashton-Under-Lyne","07542407595","https://wa.me/447542407595","LUTON (TAILLIFT)","","customer can travel, motorbike transport, Single Items, Removals, Antiques, Heavy Goods","","","","","Dawid Pasamonik","<h2 dir=""auto"">At a glance</h2><p dir=""auto"">Dawid Pasamonik is a Oldham-based man and van profile, set up around the OL9 area of Greater Manchester. Customers around Manchester, Salford, Chadderton, and Royton may also find this a useful option.</p><h3 dir=""auto"">Van and load space</h3><p dir=""auto"">You are looking at a Luton with a tail lift, handy when the load includes weighty goods, white goods, or anything hard to raise into a van.</p><h3 dir=""auto"">Services listed</h3><p dir=""auto"">Jobs listed include motorbike transport, single-item collections, house removals, antiques, and heavy or awkward goods. The mix leans towards house moves and bulkier loads rather than light courier drops.</p><h3 dir=""auto"">The area</h3><p dir=""auto"">A lot of collection work here starts around Oldham town centre and Spindles.</p><h3 dir=""auto"">Getting a price</h3><p dir=""auto"">To get a quote worth having, describe the load, both postcodes, and any access issues rather than asking for a flat rate. It also helps to mention rough weights or sizes of the larger items and how the bike will be loaded and secured. No insurance details have been supplied through VanHub UK, so confirm cover directly before booking valuable or higher-risk work.</p>","https://framerusercontent.com/images/74yRCSFDqUH6HVBRhJ2WdDQ794.webp","","https://framerusercontent.com/images/SUN3A8zxFQjL4QFjunA3b6gCcnw.webp","","https://framerusercontent.com/images/7xFxF7YEZ36crGYyiwcyaEBoGk.webp","","https://framerusercontent.com/images/omzuUS1Y9BdxI4urAbkSJ6FrfA.webp","","","","https://framerusercontent.com/images/ceQ1QusSo96JydAUXoMTkQY77vc.webp","","https://framerusercontent.com/images/pEj6OyLZ1LjP2s4PsGqgqygb7Yk.webp","","https://framerusercontent.com/images/azUfSF1er2mSeE7AixHvDqMg340.webp","","false","false","Dawid Pasamonik, Deliveries and Man and Van in Oldham","Dawid Pasamonik, working Oldham and the rest of Greater Manchester","Other Man and Van Businesses in Oldham","Nobody has joined Dawid Pasamonik on the Oldham listings yet. Claim a spot.","<p dir=""auto"">Nobody has joined Dawid Pasamonik on the Oldham listings yet. <a href=""/driver-signup-page"">Claim a spot</a>.</p>","Search for drivers in Greater Manchester","true"
"lmd-logistics-limited-chester-le-street","Chester le Street","County Durham","","Dennis Blackwood","LMD Logistics Limited","https://lmdlogistics.net","","https://framerusercontent.com/images/GdKEvAzo1miBw0qhING3SWOBvI.webp","Default profile image for LMD Logistics Limited in Chester Le Street, County Durham.","true","chester-le-street-county-durham","Durham, Newcastle upon Tyne, Sunderland, Washington, Houghton-Le-Spring, Stanley, Hetton-Le-Hole, Gateshead","07376293540","https://wa.me/447376293540","Luton with tailift","","Rubbish, Customer travel, Motorbike, Single Items, Removals, Antiques, Rubbish removal, customer can travel, motorbike transport","Yes","","","","LMD Logistics Limited","<h2 dir=""auto"">Overview</h2><p dir=""auto"">LMD Logistics Limited is a Chester le Street-based man and van profile, set up around the DH3 area of County Durham. Customers around Durham, Newcastle upon Tyne, Sunderland, and Washington may also find this a useful option.</p><h3 dir=""auto"">Van type and loading</h3><p dir=""auto"">You are looking at a Luton with a tail lift, handy when the load includes weighty goods, white goods, or anything hard to raise into a van.</p><h3 dir=""auto"">Work covered</h3><p dir=""auto"">Jobs listed include motorbike transport, single-item collections, house removals, and antiques. An extra pair of hands is listed, useful where items need two people. With the moving work and that load space, this reads as a removals-focused setup rather than a courier one.</p><h3 dir=""auto"">Around Chester le Street</h3><p dir=""auto"">Rubbish runs round here usually head to Hett Hills HWRC. A lot of collection work here starts around Front Street and town centre.</p><p dir=""auto"">Waste and clearance work should only go to a driver with valid waste carrier registration, so confirm this and how the load is disposed of first.</p><p dir=""auto"">For a sensible price, send both postcodes, a quick item list, access at each end, and your date. It also helps to mention rough weights or sizes of the larger items and how the bike will be loaded and secured. Insurance has not been supplied through VanHub UK. Check cover with the driver before handing over anything of value. There is a website linked, so there is more background to check before getting in touch.</p>","https://framerusercontent.com/images/74yRCSFDqUH6HVBRhJ2WdDQ794.webp","","https://framerusercontent.com/images/SUN3A8zxFQjL4QFjunA3b6gCcnw.webp","","https://framerusercontent.com/images/7xFxF7YEZ36crGYyiwcyaEBoGk.webp","","https://framerusercontent.com/images/omzuUS1Y9BdxI4urAbkSJ6FrfA.webp","","","","https://framerusercontent.com/images/ceQ1QusSo96JydAUXoMTkQY77vc.webp","","https://framerusercontent.com/images/pEj6OyLZ1LjP2s4PsGqgqygb7Yk.webp","","https://framerusercontent.com/images/azUfSF1er2mSeE7AixHvDqMg340.webp","","false","false","LMD Logistics Limited, Van Driver in Chester le Street","Dennis Blackwood covers Chester le Street and the wider County Durham area","Other Man and Van Businesses in Chester Le Street","Chester le Street has one listed driver at the moment. Running a van nearby? Add your business.","<p dir=""auto"">Chester le Street has one listed driver at the moment. Running a van nearby? <a href=""/driver-signup-page"">Add your business</a>.</p>","Search for drivers in County Durham","true"
"movebox-birmingham","Birmingham","West Midlands","","Dimitrian Alexandru","Movebox","","","https://framerusercontent.com/images/GdKEvAzo1miBw0qhING3SWOBvI.webp","Default profile image for Movebox in Birmingham, West Midlands.","false","birmingham-west-midlands","Smethwick, Sutton Coldfield, Solihull, Oldbury, West Bromwich, Blackheath, Wednesbury, Walsall","","","XLWB panel","","Rubbish, Customer travel, Single Items, Removals","Yes","","","","Movebox","<h2 dir=""auto"">What you are looking at</h2><p dir=""auto"">Movebox runs out of Birmingham in West Midlands, with the profile tied to the B23 district. Nearby spots like Smethwick, Sutton Coldfield, Solihull, and Oldbury sit inside the usual working area. For clearance loads the nearest household waste centre is Birmingham HRCs. A lot of collection work here starts around Bullring and Grand Central.</p><h3 dir=""auto"">Van and work</h3><p dir=""auto"">Listed here is an extra-long wheelbase panel van, which gives good load length for a small move or several larger items. Jobs listed include single-item collections and house removals. An extra pair of hands is listed, useful where items need two people. With the moving work and that load space, this reads as a removals-focused setup rather than a courier one.</p><p dir=""auto"">Waste and clearance work should only go to a driver with valid waste carrier registration, so confirm this and how the load is disposed of first.</p><h3 dir=""auto"">Making contact</h3><p dir=""auto"">A clear message beats a vague one: list the items, both postcodes, floor levels, and parking, plus the date you want. It also helps to mention rough weights or sizes of the larger items. Insurance has not been supplied through VanHub UK. Check cover with the driver before handing over anything of value.</p>","https://framerusercontent.com/images/74yRCSFDqUH6HVBRhJ2WdDQ794.webp","","https://framerusercontent.com/images/SUN3A8zxFQjL4QFjunA3b6gCcnw.webp","","https://framerusercontent.com/images/7xFxF7YEZ36crGYyiwcyaEBoGk.webp","","https://framerusercontent.com/images/omzuUS1Y9BdxI4urAbkSJ6FrfA.webp","","","","https://framerusercontent.com/images/ceQ1QusSo96JydAUXoMTkQY77vc.webp","","https://framerusercontent.com/images/pEj6OyLZ1LjP2s4PsGqgqygb7Yk.webp","","https://framerusercontent.com/images/azUfSF1er2mSeE7AixHvDqMg340.webp","","false","false","Movebox, Man and Van Driver in Birmingham","Jobs Dimitrian Alexandru covers in and around Birmingham, West Midlands","Other Man and Van Businesses in Birmingham","Dimitrian Alexandru stands alone on the Birmingham listings at the moment. List alongside them.","<p dir=""auto"">Dimitrian Alexandru stands alone on the Birmingham listings at the moment. <a href=""/driver-signup-page"">List alongside them</a>.</p>","Search for drivers in West Midlands","true"
"courierscape-ltd-croydon","Croydon","Croydon","croydon-croydon","Emmanuel Tebesenghan","Courierscape Ltd","https://www.courierscape.com","","https://framerusercontent.com/images/hOvpWLhvU0vaaK1Wlqdf5pDeXc8.png","Profile image for Courierscape Ltd in Croydon.","true","","Westminster, Wallington, Purley, Penge, Beckenham, Mitcham, Carshalton, Streatham","07398597780","https://wa.me/447398597780","Luton with tailift","","Single Item, UK Wide, Local, Small/Med Removals, Rubbish","Yes","","","","Courierscape Ltd","<h2 dir=""auto"">Overview</h2><p dir=""auto"">Based in Croydon (CR0), Courierscape Ltd takes on man and van work across Croydon. Nearby spots like Westminster, Wallington, Purley, and Penge sit inside the usual working area.</p><h3 dir=""auto"">Van and load space</h3><p dir=""auto"">Listed here is a Luton with a tail lift, handy when the load includes weighty goods, white goods, or anything hard to raise into a van.</p><h3 dir=""auto"">Services listed</h3><p dir=""auto"">Jobs listed include single-item collections, UK-wide courier runs, local courier work, and medium house moves. An extra pair of hands is listed, useful where items need two people. The mix leans towards house moves and bulkier loads rather than light courier drops.</p><p dir=""auto"">Waste and clearance work should only go to a driver with valid waste carrier registration, so confirm this and how the load is disposed of first.</p><h3 dir=""auto"">Making contact</h3><p dir=""auto"">When you get in touch, give the pickup and drop-off postcodes, what is moving, parking and stairs, and when you need it. It also helps to mention rough weights or sizes of the larger items. Insurance details have been supplied to VanHub UK, though it is still worth checking the cover suits your particular job. A website is linked on the profile, handy for a look before you make contact.</p>","https://framerusercontent.com/images/74yRCSFDqUH6HVBRhJ2WdDQ794.webp","","https://framerusercontent.com/images/SUN3A8zxFQjL4QFjunA3b6gCcnw.webp","","https://framerusercontent.com/images/7xFxF7YEZ36crGYyiwcyaEBoGk.webp","","https://framerusercontent.com/images/omzuUS1Y9BdxI4urAbkSJ6FrfA.webp","","","","https://framerusercontent.com/images/ceQ1QusSo96JydAUXoMTkQY77vc.webp","","https://framerusercontent.com/images/pEj6OyLZ1LjP2s4PsGqgqygb7Yk.webp","","https://framerusercontent.com/images/azUfSF1er2mSeE7AixHvDqMg340.webp","","true","false","Courierscape Ltd, Removals and Man and Van in Croydon","Emmanuel Tebesenghan, working in and around Croydon","Other Man and Van Businesses in Croydon","Nobody else has listed a van in Croydon yet. If you work the area, get your profile up.","<p dir=""auto"">Nobody else has listed a van in Croydon yet. If you work the area, <a href=""/driver-signup-page"">get your profile up</a>.</p>","Search for drivers in Croydon","true"
"asvan-light-haulage-gloucester","Gloucester","Gloucestershire","","George Placidly-Cox","Asvan Light Haulage","","https://Facebook.com/Asvanlighthaulage","https://framerusercontent.com/images/GdKEvAzo1miBw0qhING3SWOBvI.webp","Default profile image for Asvan Light Haulage in Gloucester, Gloucestershire.","true","gloucester-gloucestershire","Cheltenham, Stroud, Tewkesbury, Wotton, Kingsholm, St Paul's, Barton, Tredworth","07795955863","https://wa.me/447795955863","LWB panel","","","","","","","Asvan Light Haulage","<h2 dir=""auto"">Overview</h2><p dir=""auto"">Asvan Light Haulage runs out of Gloucester in Gloucestershire, with the profile tied to the GL1 district. Nearby spots like Cheltenham, Stroud, Tewkesbury, and Wotton sit inside the usual working area.</p><h3 dir=""auto"">The vehicle</h3><p dir=""auto"">You are looking at a long wheelbase panel van, well suited to single items, a few boxes, or a small furniture run.</p><h3 dir=""auto"">Working Gloucester</h3><p dir=""auto"">Expect the M5, A40 and A38 to carry most of the traffic, so peak-time access is worth flagging up front. Flats around Gloucester bring the usual single-item and small-move jobs.</p><p dir=""auto"">To get a quote worth having, describe the load, both postcodes, and any access issues rather than asking for a flat rate. There is no insurance on file with VanHub UK, so it is worth confirming cover directly, especially for anything valuable. A social page is linked, handy for a quick look at past work before booking.</p>","https://framerusercontent.com/images/74yRCSFDqUH6HVBRhJ2WdDQ794.webp","","https://framerusercontent.com/images/SUN3A8zxFQjL4QFjunA3b6gCcnw.webp","","https://framerusercontent.com/images/7xFxF7YEZ36crGYyiwcyaEBoGk.webp","","https://framerusercontent.com/images/omzuUS1Y9BdxI4urAbkSJ6FrfA.webp","","","","https://framerusercontent.com/images/ceQ1QusSo96JydAUXoMTkQY77vc.webp","","https://framerusercontent.com/images/pEj6OyLZ1LjP2s4PsGqgqygb7Yk.webp","","https://framerusercontent.com/images/azUfSF1er2mSeE7AixHvDqMg340.webp","","false","false","Asvan Light Haulage, Man and Van Covering Gloucester","George Placidly-Cox covers Gloucester and the surrounding area","Other Man and Van Businesses in Gloucester","Only one van is listed in Gloucester at present. Put yours on too.","<p dir=""auto"">Only one van is listed in Gloucester at present. <a href=""/driver-signup-page"">Put yours on too</a>.</p>","Search for drivers in Gloucestershire","true"
"briteeuro-express-ltd-stanmore","Stanmore","Harrow","stanmore-harrow","Gheorghe Mihai Boghian","Briteeuro Express Ltd","","","https://framerusercontent.com/images/GdKEvAzo1miBw0qhING3SWOBvI.webp","Default profile image for Briteeuro Express Ltd in Stanmore, harrow.","false","","St Albans, Edgware, Kenton, Harrow, Bushey, Pinner, Wembley, Borehamwood","07711369032","https://wa.me/447711369032","LWB panel","","Antiques, Heavy Goods","","","","","Briteeuro Express Ltd","<h2 dir=""auto"">What you are looking at</h2><p dir=""auto"">Based in Harrow (HA7), Briteeuro Express Ltd takes on man and van work across Harrow. Nearby spots like St Albans, Edgware, Kenton, and Harrow sit inside the usual working area.</p><h3 dir=""auto"">What the van handles</h3><p dir=""auto"">You are looking at a long wheelbase panel van, handy for single items, furniture, and smaller moves.</p><h3 dir=""auto"">Jobs on the profile</h3><p dir=""auto"">Jobs listed include antiques and heavy or awkward goods.</p><p dir=""auto"">A clear message beats a vague one: list the items, both postcodes, floor levels, and parking, plus the date you want. It also helps to mention rough weights or sizes of the larger items. Insurance details have been supplied to VanHub UK, though it is still worth checking the cover suits your particular job.</p>","https://framerusercontent.com/images/74yRCSFDqUH6HVBRhJ2WdDQ794.webp","","https://framerusercontent.com/images/SUN3A8zxFQjL4QFjunA3b6gCcnw.webp","","https://framerusercontent.com/images/7xFxF7YEZ36crGYyiwcyaEBoGk.webp","","https://framerusercontent.com/images/omzuUS1Y9BdxI4urAbkSJ6FrfA.webp","","","","https://framerusercontent.com/images/ceQ1QusSo96JydAUXoMTkQY77vc.webp","","https://framerusercontent.com/images/pEj6OyLZ1LjP2s4PsGqgqygb7Yk.webp","","https://framerusercontent.com/images/azUfSF1er2mSeE7AixHvDqMg340.webp","","true","false","Briteeuro Express Ltd, Deliveries and Man and Van in Stanmore","Gheorghe Mihai Boghian covers Stanmore and the wider Harrow area","Other Man and Van Businesses in Stanmore","So far Gheorghe Mihai Boghian is the only listing for Stanmore. List your own van.","<p dir=""auto"">So far Gheorghe Mihai Boghian is the only listing for Stanmore. <a href=""/driver-signup-page"">List your own van</a>.</p>","Search for drivers in harrow","true"
"nexstop-house-removal-birmingham","Birmingham","West Midlands","","Gulbaz","Nexstop House Removal","","","https://framerusercontent.com/images/GdKEvAzo1miBw0qhING3SWOBvI.webp","Default profile image for Nexstop House Removal in Birmingham, West Midlands.","false","birmingham-west-midlands","Smethwick, Sutton Coldfield, Solihull, Oldbury, West Bromwich, Blackheath, Wednesbury, Walsall","07508751079","https://wa.me/447508751079","Luton with tailift","","","Yes","","","","Nexstop House Removal","<h2 dir=""auto"">In brief</h2><p dir=""auto"">Based in Birmingham (B33), Nexstop House Removal takes on man and van work across West Midlands. Customers around Smethwick, Sutton Coldfield, Solihull, and Oldbury may also find this a useful option. Expect the M6, M5 and M42 to carry most of the traffic, so peak-time access is worth flagging up front.</p><h3 dir=""auto"">The vehicle</h3><p dir=""auto"">You are looking at a Luton with a tail lift, which helps with heavier or bulky items, appliances, and stacked boxes that are awkward to lift in by hand.</p><p dir=""auto"">Give the driver something to work with, both postcodes, what is moving, stairs or lift, and timing, and the quote will be more accurate. It also helps to mention rough weights or sizes of the larger items. The driver has supplied insurance details to VanHub UK. Confirm the cover fits your items before agreeing anything valuable.</p>","https://framerusercontent.com/images/74yRCSFDqUH6HVBRhJ2WdDQ794.webp","","https://framerusercontent.com/images/SUN3A8zxFQjL4QFjunA3b6gCcnw.webp","","https://framerusercontent.com/images/7xFxF7YEZ36crGYyiwcyaEBoGk.webp","","https://framerusercontent.com/images/omzuUS1Y9BdxI4urAbkSJ6FrfA.webp","","","","https://framerusercontent.com/images/ceQ1QusSo96JydAUXoMTkQY77vc.webp","","https://framerusercontent.com/images/pEj6OyLZ1LjP2s4PsGqgqygb7Yk.webp","","https://framerusercontent.com/images/azUfSF1er2mSeE7AixHvDqMg340.webp","","true","false","Nexstop House Removal, Van and Driver in Birmingham","Gulbaz, based in Birmingham and working across West Midlands","Other Man and Van Businesses in Birmingham","Gulbaz is currently the only listed driver in Birmingham. If you run a van locally, list your van here.","<p dir=""auto"">Gulbaz is currently the only listed driver in Birmingham. If you run a van locally, <a href=""/driver-signup-page"">list your van here</a>.</p>","Search for drivers in West Midlands","true"
"vanooo-norwich","Norwich","Norfolk","","Habib Jneid","Vanooo","https://vanooo.co.uk/","","https://framerusercontent.com/images/GdKEvAzo1miBw0qhING3SWOBvI.webp","Default profile image for Vanooo in Norwich, Norfolk.","true","norwich-norfolk","Wymondham, Thorpe Hamlet, Lakenham, New Catton, Long John's Hill, Trowse Newton, Eaton, Mile Cross","07366617592","https://wa.me/447366617592","MWB panel, SWB panel, SWB, MWB, LWB panel","","Customer travel, Motorbike, Rubbish, Single Items, Removals, Antiques, Vehicle transport, Piano, Rubbish removal, customer can travel, motorbike transport","Yes","","","","Vanooo","<h2 dir=""auto"">Profile summary</h2><p dir=""auto"">Working from NR4 in Norwich, Vanooo handles jobs across Norfolk and nearby. Customers around Wymondham, Thorpe Hamlet, Lakenham, and New Catton may also find this a useful option. Rubbish runs round here usually head to Norwich North RC. A lot of collection work here starts around City centre and Castle Quarter.</p><h3 dir=""auto"">The van</h3><p dir=""auto"">You are looking at a few vehicles, including a medium wheelbase panel van and a short wheelbase panel van, handy for single items, furniture, and smaller moves.</p><h3 dir=""auto"">What Habib covers</h3><p dir=""auto"">Jobs listed include motorbike transport, single-item collections, house removals, antiques, vehicle transport, and piano moves. Porter help is shown as available, which matters for two-person lifts or stairs. The job list is broad, from single items through to larger moves, so be specific about which you need.</p><p dir=""auto"">For any rubbish, clearance or waste jobs, check the driver holds valid waste carrier registration and disposes of loads properly before booking.</p><p dir=""auto"">To get a quote worth having, describe the load, both postcodes, and any access issues rather than asking for a flat rate. It also helps to mention rough weights or sizes of the larger items and how the bike will be loaded and secured. Insurance details have been supplied to VanHub UK, though it is still worth checking the cover suits your particular job. A website is linked on the profile, handy for a look before you make contact.</p>","https://framerusercontent.com/images/74yRCSFDqUH6HVBRhJ2WdDQ794.webp","","https://framerusercontent.com/images/SUN3A8zxFQjL4QFjunA3b6gCcnw.webp","","https://framerusercontent.com/images/7xFxF7YEZ36crGYyiwcyaEBoGk.webp","","https://framerusercontent.com/images/omzuUS1Y9BdxI4urAbkSJ6FrfA.webp","","","","https://framerusercontent.com/images/ceQ1QusSo96JydAUXoMTkQY77vc.webp","","https://framerusercontent.com/images/pEj6OyLZ1LjP2s4PsGqgqygb7Yk.webp","","https://framerusercontent.com/images/azUfSF1er2mSeE7AixHvDqMg340.webp","","true","false","Vanooo, Man and Van Covering Norwich","Where Habib Jneid works: Norwich and across Norfolk","Other Man and Van Businesses in Norwich","If you run a van around Norwich, the listings are wide open. Put your details up.","<p dir=""auto"">If you run a van around Norwich, the listings are wide open. <a href=""/driver-signup-page"">Put your details up</a>.</p>","Search for drivers in Norfolk","true"
"hagiogig-bradford","Bradford","West Yorkshire","","Hagiogig","","","","https://framerusercontent.com/images/GdKEvAzo1miBw0qhING3SWOBvI.webp","Default profile image for Hagiogig in Bradford, West Yorkshire.","false","bradford-west-yorkshire","Leeds, Shipley, Pudsey, Baildon, Queensbury, Cleckheaton, Bingley, Yeadon","79557467","https://wa.me/4479557467","MWB","","customer can travel, motorbike transport, Single Items, Removals","","","","","Hagiogig","<h2 dir=""auto"">What you are looking at</h2><p dir=""auto"">Hagiogig is a Bradford-based man and van listing, set up around the BD3 area of West Yorkshire. Nearby spots like Leeds, Shipley, Pudsey, and Baildon sit inside the usual working area. A lot of collection work here starts around Broadway and Forster Square.</p><h3 dir=""auto"">Services listed</h3><p dir=""auto"">Jobs listed include motorbike transport, single-item collections, and house removals.</p><h3 dir=""auto"">The van</h3><p dir=""auto"">The profile lists a medium wheelbase panel van, handy for single items, furniture, and smaller moves.</p><h3 dir=""auto"">Getting a useful quote</h3><p dir=""auto"">For a sensible price, send both postcodes, a quick item list, access at each end, and your date. It also helps to mention how the bike will be loaded and secured. There is no insurance on file with VanHub UK, so it is worth confirming cover directly, especially for anything valuable.</p>","https://framerusercontent.com/images/74yRCSFDqUH6HVBRhJ2WdDQ794.webp","","https://framerusercontent.com/images/SUN3A8zxFQjL4QFjunA3b6gCcnw.webp","","https://framerusercontent.com/images/7xFxF7YEZ36crGYyiwcyaEBoGk.webp","","https://framerusercontent.com/images/omzuUS1Y9BdxI4urAbkSJ6FrfA.webp","","","","https://framerusercontent.com/images/ceQ1QusSo96JydAUXoMTkQY77vc.webp","","https://framerusercontent.com/images/pEj6OyLZ1LjP2s4PsGqgqygb7Yk.webp","","https://framerusercontent.com/images/azUfSF1er2mSeE7AixHvDqMg340.webp","","false","false","Hagiogig, Collections and Removals in Bradford","Hagiogig, working Bradford and the rest of West Yorkshire","Other Man and Van Businesses in Bradford","Nobody else has listed a van in Bradford yet. If you work the area, get your profile up.","<p dir=""auto"">Nobody else has listed a van in Bradford yet. If you work the area, <a href=""/driver-signup-page"">get your profile up</a>.</p>","Search for drivers in West Yorkshire","true"
"handren-muhamed-wigan","Wigan","Greater Manchester","","Handren muhamed","","","","https://framerusercontent.com/images/GdKEvAzo1miBw0qhING3SWOBvI.webp","Default profile image for Handren muhamed in Wigan, Greater Manchester.","false","wigan-greater-manchester","Ince in Makerfield, Hindley, Abram, Standish, Ashton-in-Makerfield, Westhoughton, Billinge, Horwich","07360676010","https://wa.me/447360676010","SWB, MWB","","Rubbish removal, Vehicle transport, pet and livestock transport, customer can travel, motorbike transport","Available","","","","Handren muhamed","<h2 dir=""auto"">Profile summary</h2><p dir=""auto"">Handren muhamed covers Wigan and the surrounding Greater Manchester area, working out of the WN1 postcode. Nearby spots like Ince in Makerfield, Hindley, Abram, and Standish sit inside the usual working area.</p><h3 dir=""auto"">Services listed</h3><p dir=""auto"">Jobs listed include vehicle transport, pet and livestock transport, and motorbike transport. An extra pair of hands is listed, useful where items need two people. Motorbike transport sits alongside the general work, so it suits bike moves as well as boxes.</p><h3 dir=""auto"">Van and load space</h3><p dir=""auto"">You are looking at a short wheelbase panel van and a medium wheelbase panel van, well suited to single items, a few boxes, or a small furniture run.</p><h3 dir=""auto"">The area</h3><p dir=""auto"">For clearance loads the nearest household waste centre is Kirkless Waste and Recycling Centre, Makerfield Way, Higher Ince, WN2 2PR. Wigan also lists Slag Lane and Chanters centres; check the council page before travelling. Local runs mostly follow the M6, M58 and A49, so timing around those routes matters more than raw mileage.</p><p dir=""auto"">For any rubbish, clearance or waste jobs, check the driver holds valid waste carrier registration and disposes of loads properly before booking.</p><p dir=""auto"">A clear message beats a vague one: list the items, both postcodes, floor levels, and parking, plus the date you want. It also helps to mention how the bike will be loaded and secured. Insurance has not been supplied through VanHub UK. Check cover with the driver before handing over anything of value.</p>","https://framerusercontent.com/images/74yRCSFDqUH6HVBRhJ2WdDQ794.webp","","https://framerusercontent.com/images/SUN3A8zxFQjL4QFjunA3b6gCcnw.webp","","https://framerusercontent.com/images/7xFxF7YEZ36crGYyiwcyaEBoGk.webp","","https://framerusercontent.com/images/omzuUS1Y9BdxI4urAbkSJ6FrfA.webp","","","","https://framerusercontent.com/images/ceQ1QusSo96JydAUXoMTkQY77vc.webp","","https://framerusercontent.com/images/pEj6OyLZ1LjP2s4PsGqgqygb7Yk.webp","","https://framerusercontent.com/images/azUfSF1er2mSeE7AixHvDqMg340.webp","","false","false","Handren muhamed, Man and Van Based in Wigan","Handren muhamed is available for van work in Wigan and Greater Manchester","Other Man and Van Businesses in Wigan","Handren muhamed is the only Wigan driver on here so far. Add your own listing.","<p dir=""auto"">Handren muhamed is the only Wigan driver on here so far. <a href=""/driver-signup-page"">Add your own listing</a>.</p>","Search for drivers in Greater Manchester","true"
"h-i-couriers-ltd-wolverhampton","Wolverhampton","West Midlands","","Hanif Issa","H.I Couriers Ltd","","","https://framerusercontent.com/images/RiEeghoG9H8hCP9mnBZUUPic.webp","Profile image for H.I Couriers Ltd in Wolverhampton, West Midlands.","false","wolverhampton-west-midlands","Bilston, Wednesfield, Sedgley, Willenhall, Coseley, Darlaston, Tipton, Wednesbury","07541931247","https://wa.me/447541931247","SWB panel, LWB panel","","Single Item, UK Wide, Local, Small Removals","Yes","","","","H.I Couriers Ltd","<h2 dir=""auto"">Overview</h2><p dir=""auto"">H.I Couriers Ltd is a Wolverhampton-based driver profile, set up around the WV10 area of West Midlands. Customers around Bilston, Wednesfield, Sedgley, and Willenhall may also find this a useful option. Shop and store pickups often come off Mander Centre and Wulfrun.</p><h3 dir=""auto"">Van and work</h3><p dir=""auto"">Listed here are a short wheelbase panel van and a long wheelbase panel van, handy for single items, furniture, and smaller moves. Jobs listed include single-item collections, UK-wide courier runs, local courier work, and small house moves. An extra pair of hands is listed, useful where items need two people.</p><h3 dir=""auto"">Sorting a quote</h3><p dir=""auto"">To get a quote worth having, describe the load, both postcodes, and any access issues rather than asking for a flat rate. No insurance details have been supplied through VanHub UK, so confirm cover directly before booking valuable or higher-risk work.</p>","https://framerusercontent.com/images/74yRCSFDqUH6HVBRhJ2WdDQ794.webp","","https://framerusercontent.com/images/SUN3A8zxFQjL4QFjunA3b6gCcnw.webp","","https://framerusercontent.com/images/7xFxF7YEZ36crGYyiwcyaEBoGk.webp","","https://framerusercontent.com/images/omzuUS1Y9BdxI4urAbkSJ6FrfA.webp","","","","https://framerusercontent.com/images/ceQ1QusSo96JydAUXoMTkQY77vc.webp","","https://framerusercontent.com/images/pEj6OyLZ1LjP2s4PsGqgqygb7Yk.webp","","https://framerusercontent.com/images/azUfSF1er2mSeE7AixHvDqMg340.webp","","false","false","H.I Couriers Ltd, Removals and Man and Van in Wolverhampton","Man and Van Services from Hanif Issa in Wolverhampton, West Midlands","Other Man and Van Businesses in Wolverhampton","The Wolverhampton listings currently show one driver. Add a second.","<p dir=""auto"">The Wolverhampton listings currently show one driver. <a href=""/driver-signup-page"">Add a second</a>.</p>","Search for drivers in West Midlands","true"
"hasan-wednesbury","Wednesbury","West Midlands","","Hasan","","","https://www.facebook.com/share/1Aye6Sn91n/","https://framerusercontent.com/images/GdKEvAzo1miBw0qhING3SWOBvI.webp","Default profile image for Hasan in Wednesbury, West Midlands.","true","wednesbury-west-midlands","Wolverhampton, Birmingham, Darlaston, West Bromwich, Willenhall, Coseley, Tipton, Walsall","07533380200","https://wa.me/447533380200","LWB","","customer can travel, motorbike transport, Single Items, Removals, Antiques","","","","","Hasan","<h2 dir=""auto"">Overview</h2><p dir=""auto"">Hasan is a Wednesbury-based man and van listing, set up around the WS10 area of West Midlands. Nearby spots like Wolverhampton, Birmingham, Darlaston, and West Bromwich sit inside the usual working area.</p><h3 dir=""auto"">Van and load space</h3><p dir=""auto"">Listed here is a long wheelbase panel van, handy for single items, furniture, and smaller moves.</p><h3 dir=""auto"">Typical work</h3><p dir=""auto"">Jobs listed include motorbike transport, single-item collections, house removals, and antiques.</p><h3 dir=""auto"">On the ground</h3><p dir=""auto"">A lot of collection work here starts around Wednesbury town centre and Gallagher Retail Park. Between-property moves are common, with Storage King Wednesbury among the local storage options.</p><p dir=""auto"">When you get in touch, give the pickup and drop-off postcodes, what is moving, parking and stairs, and when you need it. It also helps to mention rough weights or sizes of the larger items and how the bike will be loaded and secured. There is no insurance on file with VanHub UK, so it is worth confirming cover directly, especially for anything valuable. A social page is linked, handy for a quick look at past work before booking.</p>","https://framerusercontent.com/images/74yRCSFDqUH6HVBRhJ2WdDQ794.webp","","https://framerusercontent.com/images/SUN3A8zxFQjL4QFjunA3b6gCcnw.webp","","https://framerusercontent.com/images/7xFxF7YEZ36crGYyiwcyaEBoGk.webp","","https://framerusercontent.com/images/omzuUS1Y9BdxI4urAbkSJ6FrfA.webp","","","","https://framerusercontent.com/images/ceQ1QusSo96JydAUXoMTkQY77vc.webp","","https://framerusercontent.com/images/pEj6OyLZ1LjP2s4PsGqgqygb7Yk.webp","","https://framerusercontent.com/images/azUfSF1er2mSeE7AixHvDqMg340.webp","","false","false","Hasan, Man and Van in Wednesbury","What Hasan takes on around Wednesbury and West Midlands","Other Man and Van Businesses in Wednesbury","If you run a van around Wednesbury, the listings are wide open. Put your details up.","<p dir=""auto"">If you run a van around Wednesbury, the listings are wide open. <a href=""/driver-signup-page"">Put your details up</a>.</p>","Search for drivers in West Midlands","true"
"wolf-xl-man-and-van-manchester","Manchester","Greater Manchester","","Ian Carter","Wolf XL Man & Van","","https://www.facebook.com/share/18G9HYHTdS/","https://framerusercontent.com/images/ud1nJhiPJJL5MTSvsjXzPLruBaI.webp","Profile image for Wolf XL Man & Van in Manchester, Greater Manchester.","true","manchester-greater-manchester","Salford, Prestwich, Stretford, Pendlebury, Eccles, Droylsden, Failsworth, Swinton","07393023750","https://wa.me/447393023750","XLWB panel","","UK Wide, Local, Single Item, Small Removals, Motorbike, Med Removals","Yes","","","","Wolf XL Man & Van","<h2 dir=""auto"">The essentials</h2><p dir=""auto"">Working from M41 in Manchester, Wolf XL Man &amp; Van handles jobs across Greater Manchester and nearby. Nearby spots like Salford, Prestwich, Stretford, and Pendlebury sit inside the usual working area.</p><h3 dir=""auto"">Van and load space</h3><p dir=""auto"">Listed here is an extra-long wheelbase panel van, which gives good load length for a small move or several larger items.</p><h3 dir=""auto"">What Ian covers</h3><p dir=""auto"">Jobs listed include UK-wide courier runs, local courier work, single-item collections, small house moves, motorbike transport, and medium house moves. Porter help is shown as available, which matters for two-person lifts or stairs. The mix leans towards house moves and bulkier loads rather than light courier drops.</p><h3 dir=""auto"">On the ground</h3><p dir=""auto"">Shop and store pickups often come off City centre and Northern Quarter. Between-property moves are common, with Storebox Manchester among the local storage options.</p><p dir=""auto"">For a sensible price, send both postcodes, a quick item list, access at each end, and your date. It also helps to mention rough weights or sizes of the larger items and how the bike will be loaded and secured. There is no insurance on file with VanHub UK, so it is worth confirming cover directly, especially for anything valuable. A social page is linked, handy for a quick look at past work before booking.</p>","https://framerusercontent.com/images/74yRCSFDqUH6HVBRhJ2WdDQ794.webp","","https://framerusercontent.com/images/SUN3A8zxFQjL4QFjunA3b6gCcnw.webp","","https://framerusercontent.com/images/7xFxF7YEZ36crGYyiwcyaEBoGk.webp","","https://framerusercontent.com/images/omzuUS1Y9BdxI4urAbkSJ6FrfA.webp","","","","https://framerusercontent.com/images/ceQ1QusSo96JydAUXoMTkQY77vc.webp","","https://framerusercontent.com/images/pEj6OyLZ1LjP2s4PsGqgqygb7Yk.webp","","https://framerusercontent.com/images/azUfSF1er2mSeE7AixHvDqMg340.webp","","false","false","Wolf XL Man & Van, Man and Van Covering Manchester","Van work from Ian Carter around Manchester","Other Man and Van Businesses in Manchester","There is room for more drivers in Manchester. If you have a van, set up a profile.","<p dir=""auto"">There is room for more drivers in Manchester. If you have a van, <a href=""/driver-signup-page"">set up a profile</a>.</p>","Search for drivers in Greater Manchester","true"
"ilie-mocanu-bracknell","Bracknell","Berkshire","","Ilie Mocanu","","","","https://framerusercontent.com/images/GdKEvAzo1miBw0qhING3SWOBvI.webp","Default profile image for Ilie Mocanu in Bracknell, Berkshire.","false","bracknell-berkshire","Wokingham, Camberley, Frimley, Windsor, Maidenhead, Eton, Farnborough, Egham","07951822883","https://wa.me/447951822883","SWB panel","","Single Items, Antiques, Removals, Other (click to expand)","","","","","Ilie Mocanu","<h2 dir=""auto"">The essentials</h2><p dir=""auto"">Ilie Mocanu is a Bracknell-based man and van profile, set up around the RG12 area of Berkshire. Nearby spots like Wokingham, Camberley, Frimley, and Windsor sit inside the usual working area.</p><h3 dir=""auto"">What Ilie covers</h3><p dir=""auto"">Jobs listed include single-item collections, antiques, and house removals.</p><h3 dir=""auto"">Van and load space</h3><p dir=""auto"">The profile lists a short wheelbase panel van, a sensible size for single items and lighter moves.</p><h3 dir=""auto"">Working Bracknell</h3><p dir=""auto"">A lot of collection work here starts around The Lexicon and Peel Centre. Storage runs come up a fair bit locally, Access Storage Bracknell included.</p><h3 dir=""auto"">Getting a useful quote</h3><p dir=""auto"">A clear message beats a vague one: list the items, both postcodes, floor levels, and parking, plus the date you want. It also helps to mention rough weights or sizes of the larger items. The driver has supplied insurance details to VanHub UK. Confirm the cover fits your items before agreeing anything valuable.</p>","https://framerusercontent.com/images/74yRCSFDqUH6HVBRhJ2WdDQ794.webp","","https://framerusercontent.com/images/SUN3A8zxFQjL4QFjunA3b6gCcnw.webp","","https://framerusercontent.com/images/7xFxF7YEZ36crGYyiwcyaEBoGk.webp","","https://framerusercontent.com/images/omzuUS1Y9BdxI4urAbkSJ6FrfA.webp","","","","https://framerusercontent.com/images/ceQ1QusSo96JydAUXoMTkQY77vc.webp","","https://framerusercontent.com/images/pEj6OyLZ1LjP2s4PsGqgqygb7Yk.webp","","https://framerusercontent.com/images/azUfSF1er2mSeE7AixHvDqMg340.webp","","true","false","Ilie Mocanu, Van Driver in Bracknell","Jobs Ilie Mocanu covers in and around Bracknell, Berkshire","Other Man and Van Businesses in Bracknell","Ilie Mocanu is the only Bracknell driver on here so far. Add your own listing.","<p dir=""auto"">Ilie Mocanu is the only Bracknell driver on here so far. <a href=""/driver-signup-page"">Add your own listing</a>.</p>","Search for drivers in Berkshire","true"
"jack-jones-shrewsbury","Shrewsbury","Shropshire","","Jack Jones","","","https://www.facebook.com/share/1V8rxVKbkw/?mibextid=wwXIfr","https://framerusercontent.com/images/GdKEvAzo1miBw0qhING3SWOBvI.webp","Default profile image for Jack Jones in Shrewsbury, Shropshire.","true","shrewsbury-shropshire","The Quarry, Belle Vue, Coton Hill, Frankwell, Gravelhill, Castle Fields, Spring Gdns, Underdale","07383112889","https://wa.me/447383112889","LWB, LUTON","","Rubbish removal, motorbike transport, Single Items, Removals","","","","","Jack Jones","<h2 dir=""auto"">Profile summary</h2><p dir=""auto"">Jack Jones runs out of Shrewsbury in Shropshire, with the profile tied to the SY2 district. That typically takes in The Quarry, Belle Vue, Coton Hill, and Frankwell among other nearby areas.</p><h3 dir=""auto"">The van</h3><p dir=""auto"">The profile lists a long wheelbase panel van and a Luton van, handy for single items, furniture, and smaller moves.</p><h3 dir=""auto"">What this covers</h3><p dir=""auto"">Jobs listed include motorbike transport, single-item collections, and house removals.</p><h3 dir=""auto"">Around Shrewsbury</h3><p dir=""auto"">For clearance loads the nearest household waste centre is Shrewsbury HRC. Shop and store pickups often come off Darwin Centre and Pride Hill.</p><p dir=""auto"">Waste and clearance work should only go to a driver with valid waste carrier registration, so confirm this and how the load is disposed of first.</p><h3 dir=""auto"">Getting a useful quote</h3><p dir=""auto"">When you get in touch, give the pickup and drop-off postcodes, what is moving, parking and stairs, and when you need it. It also helps to mention how the bike will be loaded and secured. No insurance details have been supplied through VanHub UK, so confirm cover directly before booking valuable or higher-risk work. There is a social page on the profile, worth a glance before you commit.</p>","https://framerusercontent.com/images/74yRCSFDqUH6HVBRhJ2WdDQ794.webp","","https://framerusercontent.com/images/SUN3A8zxFQjL4QFjunA3b6gCcnw.webp","","https://framerusercontent.com/images/7xFxF7YEZ36crGYyiwcyaEBoGk.webp","","https://framerusercontent.com/images/omzuUS1Y9BdxI4urAbkSJ6FrfA.webp","","","","https://framerusercontent.com/images/ceQ1QusSo96JydAUXoMTkQY77vc.webp","","https://framerusercontent.com/images/pEj6OyLZ1LjP2s4PsGqgqygb7Yk.webp","","https://framerusercontent.com/images/azUfSF1er2mSeE7AixHvDqMg340.webp","","false","false","Jack Jones, Deliveries and Man and Van in Shrewsbury","Man and van coverage from Jack Jones in Shrewsbury and Shropshire","Other Man and Van Businesses in Shrewsbury","Shrewsbury has space for more independent drivers. Add your details here.","<p dir=""auto"">Shrewsbury has space for more independent drivers. <a href=""/driver-signup-page"">Add your details here</a>.</p>","Search for drivers in Shropshire","true"
"handy-vanworks-nottingham","Nottingham","Nottinghamshire","","Jack Wakefield","Handy Vanworks","","","https://framerusercontent.com/images/GdKEvAzo1miBw0qhING3SWOBvI.webp","Default profile image for Handy Vanworks in Nottingham, Nottinghamshire.","false","nottingham-nottinghamshire","Carlton, Arnold, West Bridgford, Beeston, Stapleford, Hucknall, Ilkeston, Long Eaton","07392463994","https://wa.me/447392463994","MWB panel","","Motorbike, Single Items, Rubbish, motorbike transport, Rubbish removal","Yes","","","","Handy Vanworks","<h2 dir=""auto"">At a glance</h2><p dir=""auto"">Handy Vanworks covers Nottingham and the surrounding Nottinghamshire area, working out of the NG16 postcode. That typically takes in Carlton, Arnold, West Bridgford, and Beeston among other nearby areas.</p><h3 dir=""auto"">Services listed</h3><p dir=""auto"">Jobs listed include motorbike transport and single-item collections. An extra pair of hands is listed, useful where items need two people. Going by the van and the job list, this suits single items and courier-style runs more than full house moves.</p><h3 dir=""auto"">Van and load space</h3><p dir=""auto"">Listed here is a medium wheelbase panel van, a sensible size for single items and lighter moves.</p><h3 dir=""auto"">Working Nottingham</h3><p dir=""auto"">For clearance loads the nearest household waste centre is Nottingham HWRC.</p><p dir=""auto"">For any rubbish, clearance or waste jobs, check the driver holds valid waste carrier registration and disposes of loads properly before booking.</p><h3 dir=""auto"">Getting a price</h3><p dir=""auto"">To get a quote worth having, describe the load, both postcodes, and any access issues rather than asking for a flat rate. It also helps to mention how the bike will be loaded and secured. No insurance details have been supplied through VanHub UK, so confirm cover directly before booking valuable or higher-risk work.</p>","https://framerusercontent.com/images/74yRCSFDqUH6HVBRhJ2WdDQ794.webp","","https://framerusercontent.com/images/SUN3A8zxFQjL4QFjunA3b6gCcnw.webp","","https://framerusercontent.com/images/7xFxF7YEZ36crGYyiwcyaEBoGk.webp","","https://framerusercontent.com/images/omzuUS1Y9BdxI4urAbkSJ6FrfA.webp","","","","https://framerusercontent.com/images/ceQ1QusSo96JydAUXoMTkQY77vc.webp","","https://framerusercontent.com/images/pEj6OyLZ1LjP2s4PsGqgqygb7Yk.webp","","https://framerusercontent.com/images/azUfSF1er2mSeE7AixHvDqMg340.webp","","false","false","Handy Vanworks, Man and Van Covering Nottingham","What Jack Wakefield takes on around Nottingham","Other Man and Van Businesses in Nottingham","Nobody has listed against Jack Wakefield in Nottingham yet. List your business here.","<p dir=""auto"">Nobody has listed against Jack Wakefield in Nottingham yet. <a href=""/driver-signup-page"">List your business here</a>.</p>","Search for drivers in Nottinghamshire","true"
"jagdev-dhaliwal-halifax","Halifax","West Yorkshire","","Jagdev Dhaliwal","","","","https://framerusercontent.com/images/GdKEvAzo1miBw0qhING3SWOBvI.webp","Default profile image for Jagdev Dhaliwal in Halifax, West Yorkshire.","false","halifax-west-yorkshire","Bradford, Sowerby Bridge, Elland, Queensbury, Brighouse, Cleckheaton, Huddersfield, Hebden Bridge","07770123039","https://wa.me/447770123039","XLWB Mercedes Sprinter","","customer can travel, motorbike transport, Pallets","","","","","Jagdev Dhaliwal","<h2 dir=""auto"">The essentials</h2><p dir=""auto"">Working from HX1 in Halifax, Elland, Jagdev Dhaliwal handles jobs across West Yorkshire and nearby. Customers around Bradford, Sowerby Bridge, Elland, and Queensbury may also find this a useful option. Local runs mostly follow the A58, A629 and A646, so timing around those routes matters more than raw mileage. Flats around Halifax bring the usual single-item and small-move jobs.</p><h3 dir=""auto"">Van and work</h3><p dir=""auto"">Listed here is an extra-long wheelbase panel van, with enough length for a small move or a few bulky pieces. Jobs listed include motorbike transport and palletised loads. Motorbike transport sits alongside the general work, so it suits bike moves as well as boxes.</p><h3 dir=""auto"">Sorting a quote</h3><p dir=""auto"">Give the driver something to work with, both postcodes, what is moving, stairs or lift, and timing, and the quote will be more accurate. It also helps to mention rough weights or sizes of the larger items and how the bike will be loaded and secured. There is no insurance on file with VanHub UK, so it is worth confirming cover directly, especially for anything valuable.</p>","https://framerusercontent.com/images/74yRCSFDqUH6HVBRhJ2WdDQ794.webp","","https://framerusercontent.com/images/SUN3A8zxFQjL4QFjunA3b6gCcnw.webp","","https://framerusercontent.com/images/7xFxF7YEZ36crGYyiwcyaEBoGk.webp","","https://framerusercontent.com/images/omzuUS1Y9BdxI4urAbkSJ6FrfA.webp","","","","https://framerusercontent.com/images/ceQ1QusSo96JydAUXoMTkQY77vc.webp","","https://framerusercontent.com/images/pEj6OyLZ1LjP2s4PsGqgqygb7Yk.webp","","https://framerusercontent.com/images/azUfSF1er2mSeE7AixHvDqMg340.webp","","false","false","Jagdev Dhaliwal, Man and Van Based in Halifax","Van driver Jagdev Dhaliwal, covering Halifax and West Yorkshire","Other Man and Van Businesses in Halifax","The Halifax listings currently show one driver. Add a second.","<p dir=""auto"">The Halifax listings currently show one driver. <a href=""/driver-signup-page"">Add a second</a>.</p>","Search for drivers in West Yorkshire","true"
"mr-shift-1t-trimdon-station","Trimdon Station","County Durham","","James Marsey","Mr Shift-1t","","https://www.facebook.com/share/17eiHGVYu5/","https://framerusercontent.com/images/GdKEvAzo1miBw0qhING3SWOBvI.webp","Default profile image for Mr Shift-1t in Trimdon Station, County Durham.","true","trimdon-county-durham","Durham, Peterlee, Spennymoor, Newton Aycliffe, Hartlepool, Hetton-Le-Hole, Billingham, Brandon","07780771017","https://wa.me/447780771017","Luton with tailift","","Rubbish, Single Item, UK Wide, Small Removals, Motorbike","","","","","Mr Shift-1t","<h2 dir=""auto"">In brief</h2><p dir=""auto"">Mr Shift-1t is a Trimdon-based man and van listing, set up around the TS29 area of County Durham. That puts Durham, Peterlee, Spennymoor, and Newton Aycliffe within easy reach for collections and drop-offs. For clearance loads the nearest household waste centre is Thornley Household Waste Recycling Centre, Salters Lane, Shotton Colliery, DH6 2QA. Check Durham County Council rules before travelling, especially permit and trade waste restrictions. Shop and store pickups often come off Local village services and nearby Sedgefield.</p><h3 dir=""auto"">Vehicle and services</h3><p dir=""auto"">You are looking at a Luton with a tail lift, so appliances, furniture, and heavier single items can be wheeled up rather than lifted by hand. Jobs listed include single-item collections, UK-wide courier runs, small house moves, and motorbike transport. The mix leans towards house moves and bulkier loads rather than light courier drops.</p><p dir=""auto"">For any rubbish, clearance or waste jobs, check the driver holds valid waste carrier registration and disposes of loads properly before booking.</p><h3 dir=""auto"">Making contact</h3><p dir=""auto"">Give the driver something to work with, both postcodes, what is moving, stairs or lift, and timing, and the quote will be more accurate. It also helps to mention rough weights or sizes of the larger items and how the bike will be loaded and secured. No insurance details have been supplied through VanHub UK, so confirm cover directly before booking valuable or higher-risk work. There is a social page on the profile, worth a glance before you commit.</p>","https://framerusercontent.com/images/74yRCSFDqUH6HVBRhJ2WdDQ794.webp","","https://framerusercontent.com/images/SUN3A8zxFQjL4QFjunA3b6gCcnw.webp","","https://framerusercontent.com/images/7xFxF7YEZ36crGYyiwcyaEBoGk.webp","","https://framerusercontent.com/images/omzuUS1Y9BdxI4urAbkSJ6FrfA.webp","","","","https://framerusercontent.com/images/ceQ1QusSo96JydAUXoMTkQY77vc.webp","","https://framerusercontent.com/images/pEj6OyLZ1LjP2s4PsGqgqygb7Yk.webp","","https://framerusercontent.com/images/azUfSF1er2mSeE7AixHvDqMg340.webp","","false","false","Mr Shift-1t, Man and Van Based in Trimdon Station","Man and van jobs covered by James Marsey in Trimdon Station and County Durham","Other Man and Van Businesses in Trimdon Station","No second driver is listed in Trimdon Station yet. Own a van locally? Add your listing.","<p dir=""auto"">No second driver is listed in Trimdon Station yet. Own a van locally? <a href=""/driver-signup-page"">Add your listing</a>.</p>","Search for drivers in County Durham","true"
"james-staroszczuk-todmorden","Todmorden","West Yorkshire","","James Staroszczuk","","https://www.jaystarlogistics.co.uk","","https://framerusercontent.com/images/NAF4EZdXyvV2QC7dIV66d7qtY.png","Profile image for James Staroszczuk in Todmorden, West Yorkshire.","true","todmorden-west-yorkshire","Hebden Bridge, Littleborough, Bacup, Whitworth, Buckley, Sowerby Bridge, Rochdale, Milnrow","07890017998","https://wa.me/447890017998","Luton","","Rubbish removal, pet and livestock transport, customer can travel, motorbike transport","","","","","James Staroszczuk","<h2 dir=""auto"">At a glance</h2><p dir=""auto"">James Staroszczuk runs out of Todmorden in West Yorkshire, with the profile tied to the OL14 district. That puts Hebden Bridge, Littleborough, Bacup, and Whitworth within easy reach for collections and drop-offs. Rubbish runs round here usually head to Todmorden Eastwood HWRC.</p><h3 dir=""auto"">What James covers</h3><p dir=""auto"">Jobs listed include pet and livestock transport and motorbike transport. Motorbike transport sits alongside the general work, so it suits bike moves as well as boxes.</p><h3 dir=""auto"">Van and load space</h3><p dir=""auto"">Listed here is a Luton van, which gives plenty of load height for furniture and boxed goods.</p><p dir=""auto"">Waste and clearance work should only go to a driver with valid waste carrier registration, so confirm this and how the load is disposed of first.</p><p dir=""auto"">To get a quote worth having, describe the load, both postcodes, and any access issues rather than asking for a flat rate. It also helps to mention rough weights or sizes of the larger items and how the bike will be loaded and secured. There is no insurance on file with VanHub UK, so it is worth confirming cover directly, especially for anything valuable. A website is linked on the profile, handy for a look before you make contact.</p>","https://framerusercontent.com/images/74yRCSFDqUH6HVBRhJ2WdDQ794.webp","","https://framerusercontent.com/images/SUN3A8zxFQjL4QFjunA3b6gCcnw.webp","","https://framerusercontent.com/images/7xFxF7YEZ36crGYyiwcyaEBoGk.webp","","https://framerusercontent.com/images/omzuUS1Y9BdxI4urAbkSJ6FrfA.webp","","","","https://framerusercontent.com/images/ceQ1QusSo96JydAUXoMTkQY77vc.webp","","https://framerusercontent.com/images/pEj6OyLZ1LjP2s4PsGqgqygb7Yk.webp","","https://framerusercontent.com/images/azUfSF1er2mSeE7AixHvDqMg340.webp","","false","false","James Staroszczuk, Van Driver in Todmorden","Man and van jobs covered by James Staroszczuk in Todmorden and West Yorkshire","Other Man and Van Businesses in Todmorden","So far James Staroszczuk is the only listing for Todmorden. List your own van.","<p dir=""auto"">So far James Staroszczuk is the only listing for Todmorden. <a href=""/driver-signup-page"">List your own van</a>.</p>","Search for drivers in West Yorkshire","true"
"jason-turner-huddersfield","Huddersfield","West Yorkshire","","Jason Turner","","","","https://framerusercontent.com/images/GdKEvAzo1miBw0qhING3SWOBvI.webp","Default profile image for Jason Turner in Huddersfield, West Yorkshire.","false","huddersfield-west-yorkshire","Elland, Brighouse, Mirfield, Holmfirth, Liversedge, Cleckheaton, Heckmondwike, Halifax","07754992033","https://wa.me/447754992033","Iveco daily","","motorbike transport","","","","","Jason Turner","<h2 dir=""auto"">In brief</h2><p dir=""auto"">Jason Turner runs out of Huddersfield in West Yorkshire, with the profile tied to the HD1 district. That puts Elland, Brighouse, Mirfield, and Holmfirth within easy reach for collections and drop-offs.</p><h3 dir=""auto"">Vehicle and services</h3><p dir=""auto"">The profile lists a long wheelbase van, a sensible size for single items and lighter moves. Jobs listed include motorbike transport. Motorbike transport sits alongside the general work, so it suits bike moves as well as boxes.</p><h3 dir=""auto"">The area</h3><p dir=""auto"">Local runs mostly follow the A62, A629 and M62, so timing around those routes matters more than raw mileage. Flats around Huddersfield bring the usual single-item and small-move jobs.</p><h3 dir=""auto"">Sorting a quote</h3><p dir=""auto"">Give the driver something to work with, both postcodes, what is moving, stairs or lift, and timing, and the quote will be more accurate. It also helps to mention how the bike will be loaded and secured. There is no insurance on file with VanHub UK, so it is worth confirming cover directly, especially for anything valuable.</p>","https://framerusercontent.com/images/74yRCSFDqUH6HVBRhJ2WdDQ794.webp","","https://framerusercontent.com/images/SUN3A8zxFQjL4QFjunA3b6gCcnw.webp","","https://framerusercontent.com/images/7xFxF7YEZ36crGYyiwcyaEBoGk.webp","","https://framerusercontent.com/images/omzuUS1Y9BdxI4urAbkSJ6FrfA.webp","","","","https://framerusercontent.com/images/ceQ1QusSo96JydAUXoMTkQY77vc.webp","","https://framerusercontent.com/images/pEj6OyLZ1LjP2s4PsGqgqygb7Yk.webp","","https://framerusercontent.com/images/azUfSF1er2mSeE7AixHvDqMg340.webp","","false","false","Jason Turner, Man and Van in Huddersfield","Man and van coverage from Jason Turner in Huddersfield and West Yorkshire","Other Man and Van Businesses in Huddersfield","Jason Turner is the only driver covering Huddersfield on the platform so far. Put your van on the list.","<p dir=""auto"">Jason Turner is the only driver covering Huddersfield on the platform so far. <a href=""/driver-signup-page"">Put your van on the list</a>.</p>","Search for drivers in West Yorkshire","true"
"jon-ballard-derby","Derby","Derbyshire","","Jon Ballard","","","","https://framerusercontent.com/images/GdKEvAzo1miBw0qhING3SWOBvI.webp","Default profile image for Jon Ballard in Derby, Derbyshire.","false","derby-derbyshire","Belper, Ilkeston, Heanor, Long Eaton, Stapleford, Eastwood, Ripley, Litchurch","07866893506","https://wa.me/447866893506","Peugeot expert mwb","","Parts, parcels etc","","","","","Jon Ballard","<h2 dir=""auto"">The rundown</h2><p dir=""auto"">Jon Ballard covers Derby and the surrounding Derbyshire area, working out of the DE1 postcode. Customers around Belper, Ilkeston, Heanor, and Long Eaton may also find this a useful option. A lot of collection work here starts around Derbion and Pride Park. Local runs mostly follow the A38, A52 and A6, so timing around those routes matters more than raw mileage.</p><h3 dir=""auto"">What this covers</h3><p dir=""auto"">Jobs listed include parcels and multi-drop work. It reads as a courier and single-item setup rather than a big-removals one.</p><h3 dir=""auto"">What the van handles</h3><p dir=""auto"">The profile lists a medium wheelbase panel van, handy for single items, furniture, and smaller moves.</p><p dir=""auto"">When you get in touch, give the pickup and drop-off postcodes, what is moving, parking and stairs, and when you need it. Insurance has not been supplied through VanHub UK. Check cover with the driver before handing over anything of value.</p>","https://framerusercontent.com/images/74yRCSFDqUH6HVBRhJ2WdDQ794.webp","","https://framerusercontent.com/images/SUN3A8zxFQjL4QFjunA3b6gCcnw.webp","","https://framerusercontent.com/images/7xFxF7YEZ36crGYyiwcyaEBoGk.webp","","https://framerusercontent.com/images/omzuUS1Y9BdxI4urAbkSJ6FrfA.webp","","","","https://framerusercontent.com/images/ceQ1QusSo96JydAUXoMTkQY77vc.webp","","https://framerusercontent.com/images/pEj6OyLZ1LjP2s4PsGqgqygb7Yk.webp","","https://framerusercontent.com/images/azUfSF1er2mSeE7AixHvDqMg340.webp","","false","false","Jon Ballard, Man and Van Based in Derby","Van work from Jon Ballard around Derby","Other Man and Van Businesses in Derby","Nobody else has listed a van in Derby yet. If you work the area, get your profile up.","<p dir=""auto"">Nobody else has listed a van in Derby yet. If you work the area, <a href=""/driver-signup-page"">get your profile up</a>.</p>","Search for drivers in Derbyshire","true"
"jordan-scorgie-halifax","Halifax","West Yorkshire","","Jordan Scorgie","","","","https://framerusercontent.com/images/GdKEvAzo1miBw0qhING3SWOBvI.webp","Default profile image for Jordan Scorgie in Halifax, West Yorkshire.","false","halifax-west-yorkshire","Bradford, Sowerby Bridge, Elland, Queensbury, Brighouse, Cleckheaton, Huddersfield, Hebden Bridge","07391546192","https://wa.me/447391546192","XLWB Citroen","","Rubbish removal, Vehicle transport, customer can travel, motorbike transport, Certainly open to suggestions","","","","","Jordan Scorgie","<h2 dir=""auto"">What you are looking at</h2><p dir=""auto"">Jordan Scorgie is a Halifax, Elland-based driver profile, set up around the HX1 area of West Yorkshire. Nearby spots like Bradford, Sowerby Bridge, Elland, and Queensbury sit inside the usual working area.</p><h3 dir=""auto"">The vehicle</h3><p dir=""auto"">Listed here is an extra-long wheelbase panel van, roomy enough for furniture runs or a modest house move.</p><h3 dir=""auto"">What this covers</h3><p dir=""auto"">Jobs listed include vehicle transport and motorbike transport. Motorbike transport sits alongside the general work, so it suits bike moves as well as boxes.</p><h3 dir=""auto"">On the ground</h3><p dir=""auto"">Rubbish runs round here usually head to Halifax HWRC.</p><p dir=""auto"">For any rubbish, clearance or waste jobs, check the driver holds valid waste carrier registration and disposes of loads properly before booking.</p><h3 dir=""auto"">Making contact</h3><p dir=""auto"">For a sensible price, send both postcodes, a quick item list, access at each end, and your date. It also helps to mention rough weights or sizes of the larger items and how the bike will be loaded and secured. There is no insurance on file with VanHub UK, so it is worth confirming cover directly, especially for anything valuable.</p>","https://framerusercontent.com/images/74yRCSFDqUH6HVBRhJ2WdDQ794.webp","","https://framerusercontent.com/images/SUN3A8zxFQjL4QFjunA3b6gCcnw.webp","","https://framerusercontent.com/images/7xFxF7YEZ36crGYyiwcyaEBoGk.webp","","https://framerusercontent.com/images/omzuUS1Y9BdxI4urAbkSJ6FrfA.webp","","","","https://framerusercontent.com/images/ceQ1QusSo96JydAUXoMTkQY77vc.webp","","https://framerusercontent.com/images/pEj6OyLZ1LjP2s4PsGqgqygb7Yk.webp","","https://framerusercontent.com/images/azUfSF1er2mSeE7AixHvDqMg340.webp","","false","false","Jordan Scorgie, Deliveries and Man and Van in Halifax","Jordan Scorgie covers Halifax and the wider West Yorkshire area","Other Man and Van Businesses in Halifax","Jordan Scorgie is currently the only listed driver in Halifax. If you run a van locally, list your van here.","<p dir=""auto"">Jordan Scorgie is currently the only listed driver in Halifax. If you run a van locally, <a href=""/driver-signup-page"">list your van here</a>.</p>","Search for drivers in West Yorkshire","true"
"kamran-malik-rotherham","Rotherham","South Yorkshire","","Kamran Malik","","","","https://framerusercontent.com/images/GdKEvAzo1miBw0qhING3SWOBvI.webp","Default profile image for Kamran Malik in Rotherham, South Yorkshire.","false","rotherham-south-yorkshire","Sheffield, Rawmarsh, Swinton, Wath Upon Dearne, Mexborough, Maltby, Conisbrough, Bolton Upon Dearne","07580334822","https://wa.me/447580334822","XLWB","","motorbike transport, Single Items","","","","","Kamran Malik","<h2 dir=""auto"">In brief</h2><p dir=""auto"">Kamran Malik is a Rotherham-based driver profile, set up around the S60 area of South Yorkshire. That puts Sheffield, Rawmarsh, Swinton, and Wath Upon Dearne within easy reach for collections and drop-offs.</p><h3 dir=""auto"">The setup</h3><p dir=""auto"">The profile lists an extra-long wheelbase panel van, roomy enough for furniture runs or a modest house move. Jobs listed include motorbike transport and single-item collections. Motorbike transport sits alongside the general work, so it suits bike moves as well as boxes.</p><h3 dir=""auto"">Local jobs</h3><p dir=""auto"">Shop and store pickups often come off Parkgate and Templeborough. Local runs mostly follow the M1, M18 and A630, so timing around those routes matters more than raw mileage.</p><p dir=""auto"">For a sensible price, send both postcodes, a quick item list, access at each end, and your date. It also helps to mention rough weights or sizes of the larger items and how the bike will be loaded and secured. There is no insurance on file with VanHub UK, so it is worth confirming cover directly, especially for anything valuable.</p>","https://framerusercontent.com/images/74yRCSFDqUH6HVBRhJ2WdDQ794.webp","","https://framerusercontent.com/images/SUN3A8zxFQjL4QFjunA3b6gCcnw.webp","","https://framerusercontent.com/images/7xFxF7YEZ36crGYyiwcyaEBoGk.webp","","https://framerusercontent.com/images/omzuUS1Y9BdxI4urAbkSJ6FrfA.webp","","","","https://framerusercontent.com/images/ceQ1QusSo96JydAUXoMTkQY77vc.webp","","https://framerusercontent.com/images/pEj6OyLZ1LjP2s4PsGqgqygb7Yk.webp","","https://framerusercontent.com/images/azUfSF1er2mSeE7AixHvDqMg340.webp","","false","false","Kamran Malik, Deliveries and Man and Van in Rotherham","Van driver Kamran Malik, covering Rotherham and South Yorkshire","Other Man and Van Businesses in Rotherham","One driver covers Rotherham on the listings at present. Make it two.","<p dir=""auto"">One driver covers Rotherham on the listings at present. <a href=""/driver-signup-page"">Make it two</a>.</p>","Search for drivers in South Yorkshire","true"
"aryan-logistic-ltd-wolverhampton","Wolverhampton","West Midlands","","Karanveer Singh","Aryan Logistic Ltd","","","https://framerusercontent.com/images/GdKEvAzo1miBw0qhING3SWOBvI.webp","Default profile image for Aryan Logistic Ltd in Wolverhampton, West Midlands.","false","wolverhampton-west-midlands","Bilston, Wednesfield, Sedgley, Willenhall, Coseley, Darlaston, Tipton, Wednesbury","07828997676","https://wa.me/447828997676","XLWB panel, Refrigerated, Refridgerated","","Heavy Goods, Hazardous, Motorbike, Customer travel, Single Items, Antiques, Hazardous materials transport, motorbike transport, customer can travel","Yes","","","","Aryan Logistic Ltd","<h2 dir=""auto"">The rundown</h2><p dir=""auto"">Aryan Logistic Ltd is a Wolverhampton-based man and van listing, set up around the WV4 area of West Midlands. Customers around Bilston, Wednesfield, Sedgley, and Willenhall may also find this a useful option.</p><h3 dir=""auto"">What Karanveer covers</h3><p dir=""auto"">Jobs listed include heavy or awkward goods, motorbike transport, single-item collections, and antiques. An extra pair of hands is listed, useful where items need two people. Motorbike transport sits alongside the general work, so it suits bike moves as well as boxes.</p><h3 dir=""auto"">Van type and loading</h3><p dir=""auto"">You are looking at an extra-long wheelbase panel van and a refrigerated van, roomy enough for furniture runs or a modest house move.</p><h3 dir=""auto"">Around Wolverhampton</h3><p dir=""auto"">Rubbish runs round here usually head to Anchor Lane HWRC. Shop and store pickups often come off Mander Centre and Wulfrun.</p><p dir=""auto"">Waste and clearance work should only go to a driver with valid waste carrier registration, so confirm this and how the load is disposed of first. Hazardous waste is specialist work that needs the right licensing, so confirm this directly.</p><h3 dir=""auto"">Making contact</h3><p dir=""auto"">To get a quote worth having, describe the load, both postcodes, and any access issues rather than asking for a flat rate. It also helps to mention rough weights or sizes of the larger items and how the bike will be loaded and secured. Insurance has been provided through VanHub UK, but ask that the cover matches your goods before you commit.</p>","https://framerusercontent.com/images/74yRCSFDqUH6HVBRhJ2WdDQ794.webp","","https://framerusercontent.com/images/SUN3A8zxFQjL4QFjunA3b6gCcnw.webp","","https://framerusercontent.com/images/7xFxF7YEZ36crGYyiwcyaEBoGk.webp","","https://framerusercontent.com/images/omzuUS1Y9BdxI4urAbkSJ6FrfA.webp","","","","https://framerusercontent.com/images/ceQ1QusSo96JydAUXoMTkQY77vc.webp","","https://framerusercontent.com/images/pEj6OyLZ1LjP2s4PsGqgqygb7Yk.webp","","https://framerusercontent.com/images/azUfSF1er2mSeE7AixHvDqMg340.webp","","true","false","Aryan Logistic Ltd, Van Driver Covering Wolverhampton","Karanveer Singh runs a van out of Wolverhampton across West Midlands","Other Man and Van Businesses in Wolverhampton","Nobody has joined Karanveer Singh on the Wolverhampton listings yet. Claim a spot.","<p dir=""auto"">Nobody has joined Karanveer Singh on the Wolverhampton listings yet. <a href=""/driver-signup-page"">Claim a spot</a>.</p>","Search for drivers in West Midlands","true"
"the-van-man-worcester-worcester","Worcester","Worcestershire","","Kieran Rodway","The Van Man Worcester","https://www.facebook.com/Thevanmanworcester1","https://www.facebook.com/Thevanmanworcester1","https://framerusercontent.com/images/3NNtLMuDmVA1HIHqANM7KxD3ckY.png","Profile image for The Van Man Worcester in Worcester, Worcestershire.","true","worcester-worcestershire","Droitwich Spa, Great Malvern, Tolladine, Rainbow Hill, Ronkswood, Brickfields, Cherry Orchard, St John's","07415711322","https://wa.me/447415711322","Luton with tailift","","Single Item, Local, UK Wide, Small/Med/Large Removals, , Motorbike, Rubbish, Customer travel, Single Items, Removals, Antiques, Heavy Goods","Yes","","","","The Van Man Worcester","<h2 dir=""auto"">At a glance</h2><p dir=""auto"">Working from WR4 in Worcester, The Van Man Worcester handles jobs across Worcestershire and nearby. Nearby spots like Droitwich Spa, Great Malvern, Tolladine, and Rainbow Hill sit inside the usual working area. Rubbish runs round here usually head to Bilford Road HWRC. Shop and store pickups often come off Crowngate and Blackpole.</p><h3 dir=""auto"">What the van handles</h3><p dir=""auto"">You are looking at a Luton with a tail lift, handy when the load includes weighty goods, white goods, or anything hard to raise into a van.</p><h3 dir=""auto"">Typical work</h3><p dir=""auto"">Jobs listed include single-item collections, local courier work, UK-wide courier runs, larger house moves, motorbike transport, house removals, antiques, and heavy or awkward goods. An extra pair of hands is listed, useful where items need two people. The mix leans towards house moves and bulkier loads rather than light courier drops.</p><p dir=""auto"">Waste and clearance work should only go to a driver with valid waste carrier registration, so confirm this and how the load is disposed of first.</p><h3 dir=""auto"">Making contact</h3><p dir=""auto"">To get a quote worth having, describe the load, both postcodes, and any access issues rather than asking for a flat rate. It also helps to mention rough weights or sizes of the larger items and how the bike will be loaded and secured. Insurance has been provided through VanHub UK, but ask that the cover matches your goods before you commit. There is a website and a social page on the profile, useful for a quick background check first.</p>","https://framerusercontent.com/images/74yRCSFDqUH6HVBRhJ2WdDQ794.webp","","https://framerusercontent.com/images/SUN3A8zxFQjL4QFjunA3b6gCcnw.webp","","https://framerusercontent.com/images/7xFxF7YEZ36crGYyiwcyaEBoGk.webp","","https://framerusercontent.com/images/omzuUS1Y9BdxI4urAbkSJ6FrfA.webp","","","","https://framerusercontent.com/images/ceQ1QusSo96JydAUXoMTkQY77vc.webp","","https://framerusercontent.com/images/pEj6OyLZ1LjP2s4PsGqgqygb7Yk.webp","","https://framerusercontent.com/images/azUfSF1er2mSeE7AixHvDqMg340.webp","","true","true","The Van Man Worcester, Man and Van Driver in Worcester","What Kieran Rodway takes on around Worcester","Other Man and Van Businesses in Worcester","Kieran Rodway is the sole listed driver in Worcester right now. Get yourself listed.","<p dir=""auto"">Kieran Rodway is the sole listed driver in Worcester right now. <a href=""/driver-signup-page"">Get yourself listed</a>.</p>","Search for drivers in Worcestershire","true"
"pakho-logistics-uk-sunbury-on-thames","Sunbury on Thames","Surrey","","Kwong Shing Li","PakHo Logistics UK","","https://www.facebook.com/p/Pak-Ho-Surrey-HK-Logistics-100090981501893/","https://framerusercontent.com/images/GdKEvAzo1miBw0qhING3SWOBvI.webp","Default profile image for PakHo Logistics UK in Sunbury on Thames, Surrey.","true","sunbury-on-thames-surrey","Walton-on-Thames, Feltham, Ashford, Weybridge, Teddington, Staines, Twickenham, Esher","07510217634","https://wa.me/447510217634","Luton with tailift","","Motorbike, Single Items, Removals, Heavy Goods, Rubbish, Antiques, Furniture","Yes","","","","PakHo Logistics UK","<h2 dir=""auto"">What you are looking at</h2><p dir=""auto"">Working from TW16 in Sunbury-on-Thames, PakHo Logistics UK handles jobs across Surrey and nearby. That typically takes in Walton-on-Thames, Feltham, Ashford, and Weybridge among other nearby areas.</p><h3 dir=""auto"">Services listed</h3><p dir=""auto"">Jobs listed include motorbike transport, single-item collections, house removals, heavy or awkward goods, and antiques. Porter help is shown as available, which matters for two-person lifts or stairs. The mix leans towards house moves and bulkier loads rather than light courier drops.</p><h3 dir=""auto"">The vehicle</h3><p dir=""auto"">You are looking at a Luton with a tail lift, which helps with heavier or bulky items, appliances, and stacked boxes that are awkward to lift in by hand.</p><h3 dir=""auto"">The area</h3><p dir=""auto"">Rubbish runs round here usually head to Charlton Lane CRC.</p><p dir=""auto"">For any rubbish, clearance or waste jobs, check the driver holds valid waste carrier registration and disposes of loads properly before booking.</p><h3 dir=""auto"">Getting a useful quote</h3><p dir=""auto"">A clear message beats a vague one: list the items, both postcodes, floor levels, and parking, plus the date you want. It also helps to mention rough weights or sizes of the larger items and how the bike will be loaded and secured. The driver has supplied insurance details to VanHub UK. Confirm the cover fits your items before agreeing anything valuable. There is a social page on the profile, worth a glance before you commit.</p>","https://framerusercontent.com/images/74yRCSFDqUH6HVBRhJ2WdDQ794.webp","","https://framerusercontent.com/images/SUN3A8zxFQjL4QFjunA3b6gCcnw.webp","","https://framerusercontent.com/images/7xFxF7YEZ36crGYyiwcyaEBoGk.webp","","https://framerusercontent.com/images/omzuUS1Y9BdxI4urAbkSJ6FrfA.webp","","","","https://framerusercontent.com/images/ceQ1QusSo96JydAUXoMTkQY77vc.webp","","https://framerusercontent.com/images/pEj6OyLZ1LjP2s4PsGqgqygb7Yk.webp","","https://framerusercontent.com/images/azUfSF1er2mSeE7AixHvDqMg340.webp","","true","false","PakHo Logistics UK, Van and Driver in Sunbury on Thames","Where Kwong Shing Li works: Sunbury on Thames and across Surrey","Other Man and Van Businesses in Sunbury On Thames","No other man and van driver is listed in Sunbury on Thames yet. Already got a van? Add your details.","<p dir=""auto"">No other man and van driver is listed in Sunbury on Thames yet. Already got a van? <a href=""/driver-signup-page"">Add your details</a>.</p>","Search for drivers in Surrey","true"
"kyle-leeds","Leeds","West Yorkshire","","Kyle","K-C Removals","","https://www.facebook.com/profile.php?id=100088166496508","https://framerusercontent.com/images/n7QcqszZcwJuX6JbGIUf7DPYAZM.jpg","Profile image for K-C Removals in Leeds, West Yorkshire.","true","leeds-west-yorkshire","Bradford, Wakefield, Horsforth, Rothwell, Pudsey, Morley, Garforth, Yeadon","07762066803","https://wa.me/447762066803","Mercedes sprinter luton","","Rubbish removal, motorbike transport","","","","","Kyle","<h2 dir=""auto"">At a glance</h2><p dir=""auto"">K-C Removals is a Leeds-based driver profile, set up around the LS1 area of West Yorkshire. Customers around Bradford, Wakefield, Horsforth, and Rothwell may also find this a useful option.</p><h3 dir=""auto"">Vehicle and services</h3><p dir=""auto"">The profile lists a Luton van, so a decent amount of furniture or a small flat move fits in one run. Jobs listed include motorbike transport. Motorbike transport sits alongside the general work, so it suits bike moves as well as boxes.</p><h3 dir=""auto"">The area</h3><p dir=""auto"">For clearance loads the nearest household waste centre is Kirkstall HWRC.</p><p dir=""auto"">Waste and clearance work should only go to a driver with valid waste carrier registration, so confirm this and how the load is disposed of first.</p><p dir=""auto"">Give the driver something to work with, both postcodes, what is moving, stairs or lift, and timing, and the quote will be more accurate. It also helps to mention rough weights or sizes of the larger items and how the bike will be loaded and secured. Insurance has been provided through VanHub UK, but ask that the cover matches your goods before you commit. There is a social page on the profile, worth a glance before you commit.</p>","https://framerusercontent.com/images/QOGZ5gsisnhW4ixZzFAewMdATk.jpeg","Kyle's van and moving work in Leeds (1 of 8).","https://framerusercontent.com/images/SNi8L9lXXtSwPlC9i1he3Fe5Cl4.jpeg","Kyle's van and moving work in Leeds (2 of 8).","https://framerusercontent.com/images/pgYUGPf5fNCbeJRudyP1yRWsiU.jpeg","Kyle's van and moving work in Leeds (3 of 8).","https://framerusercontent.com/images/b922C9IkyXGxblyoJ7yUDC0fj4k.jpeg","Kyle's van and moving work in Leeds (4 of 8).","https://framerusercontent.com/images/T2T6jZS9dmBnaMjbeM5XWXQJ2I.jpeg","Kyle's van and moving work in Leeds (5 of 8).","https://framerusercontent.com/images/yfqO0QfNZV58QoTYSoRpd6leM.jpeg","Kyle's van and moving work in Leeds (6 of 8).","https://framerusercontent.com/images/vB2ZRV9DI2SGupyIrl9wytyjY.jpeg","Kyle's van and moving work in Leeds (7 of 8).","https://framerusercontent.com/images/ieA8jpiSR4qvqXFYwRLsEG7jOs.jpeg","Kyle's van and moving work in Leeds (8 of 8).","true","true","K-C Removals, Man and Van Driver in Leeds","What Kyle takes on around Leeds and West Yorkshire","Other Man and Van Businesses in Leeds","Leeds has one listed driver at the moment. Running a van nearby? Add your business.","<p dir=""auto"">Leeds has one listed driver at the moment. Running a van nearby? <a href=""/driver-signup-page"">Add your business</a>.</p>","Search for drivers in West Yorkshire","true"
"laurentiu-grigorescu-northampton","Northampton","Northamptonshire","","Laurentiu Grigorescu","","","","https://framerusercontent.com/images/GdKEvAzo1miBw0qhING3SWOBvI.webp","Default profile image for Laurentiu Grigorescu in Northampton, Northamptonshire.","false","northampton-northamptonshire","Wellingborough, Kingsthorpe Hollow, Queen's Park, St James's End, Kingsley Park, Dallington, Abington, Cotton End","07448978238","https://wa.me/447448978238","Mercedes Benz Sprinter Luton van","","Rubbish removal, pet and livestock transport, motorbike transport","","","","","Laurentiu Grigorescu","<h2 dir=""auto"">In brief</h2><p dir=""auto"">Working from NN1 in Northampton, Laurentiu Grigorescu handles jobs across Northamptonshire and nearby. That typically takes in Wellingborough, Kingsthorpe Hollow, Queen's Park, and St James's End among other nearby areas. For clearance loads the nearest household waste centre is Sixfields HWRC. Local runs mostly follow the M1, A45 and A43, so timing around those routes matters more than raw mileage.</p><h3 dir=""auto"">Work covered</h3><p dir=""auto"">Jobs listed include pet and livestock transport and motorbike transport. Motorbike transport sits alongside the general work, so it suits bike moves as well as boxes.</p><h3 dir=""auto"">Van type and loading</h3><p dir=""auto"">Listed here is a Luton van, which gives plenty of load height for furniture and boxed goods.</p><p dir=""auto"">For any rubbish, clearance or waste jobs, check the driver holds valid waste carrier registration and disposes of loads properly before booking.</p><h3 dir=""auto"">Getting a price</h3><p dir=""auto"">To get a quote worth having, describe the load, both postcodes, and any access issues rather than asking for a flat rate. It also helps to mention rough weights or sizes of the larger items and how the bike will be loaded and secured. There is no insurance on file with VanHub UK, so it is worth confirming cover directly, especially for anything valuable.</p>","https://framerusercontent.com/images/74yRCSFDqUH6HVBRhJ2WdDQ794.webp","","https://framerusercontent.com/images/SUN3A8zxFQjL4QFjunA3b6gCcnw.webp","","https://framerusercontent.com/images/7xFxF7YEZ36crGYyiwcyaEBoGk.webp","","https://framerusercontent.com/images/omzuUS1Y9BdxI4urAbkSJ6FrfA.webp","","","","https://framerusercontent.com/images/ceQ1QusSo96JydAUXoMTkQY77vc.webp","","https://framerusercontent.com/images/pEj6OyLZ1LjP2s4PsGqgqygb7Yk.webp","","https://framerusercontent.com/images/azUfSF1er2mSeE7AixHvDqMg340.webp","","false","false","Laurentiu Grigorescu, Deliveries and Man and Van in Northampton","What Laurentiu Grigorescu takes on around Northampton","Other Man and Van Businesses in Northampton","Northampton has space for more independent drivers. Add your details here.","<p dir=""auto"">Northampton has space for more independent drivers. <a href=""/driver-signup-page"">Add your details here</a>.</p>","Search for drivers in Northamptonshire","true"
"lcr-couriers-ltd-derby","Derby","Derbyshire","","LCR Couriers Ltd","","","","https://framerusercontent.com/images/GdKEvAzo1miBw0qhING3SWOBvI.webp","Default profile image for LCR Couriers Ltd in Derby, Derbyshire.","false","derby-derbyshire","Belper, Ilkeston, Heanor, Long Eaton, Stapleford, Eastwood, Ripley, Litchurch","07359343710","https://wa.me/447359343710","Ford Transit LWB","","Pallet, package, house move","","","","","LCR Couriers Ltd","<h2 dir=""auto"">At a glance</h2><p dir=""auto"">Based in Derby (DE1), LCR Couriers Ltd takes on man and van work across Derbyshire. That puts Belper, Ilkeston, Heanor, and Long Eaton within easy reach for collections and drop-offs.</p><h3 dir=""auto"">Work covered</h3><p dir=""auto"">Jobs listed include palletised loads, parcels and multi-drop work, and house removals.</p><h3 dir=""auto"">What the van handles</h3><p dir=""auto"">The profile lists a long wheelbase panel van, handy for single items, furniture, and smaller moves.</p><h3 dir=""auto"">Around Derby</h3><p dir=""auto"">Shop and store pickups often come off Derbion and Pride Park. Between-property moves are common, with Storage King and Access among the local storage options.</p><h3 dir=""auto"">Getting a price</h3><p dir=""auto"">For a sensible price, send both postcodes, a quick item list, access at each end, and your date. Insurance has not been supplied through VanHub UK. Check cover with the driver before handing over anything of value.</p>","https://framerusercontent.com/images/74yRCSFDqUH6HVBRhJ2WdDQ794.webp","","https://framerusercontent.com/images/SUN3A8zxFQjL4QFjunA3b6gCcnw.webp","","https://framerusercontent.com/images/7xFxF7YEZ36crGYyiwcyaEBoGk.webp","","https://framerusercontent.com/images/omzuUS1Y9BdxI4urAbkSJ6FrfA.webp","","","","https://framerusercontent.com/images/ceQ1QusSo96JydAUXoMTkQY77vc.webp","","https://framerusercontent.com/images/pEj6OyLZ1LjP2s4PsGqgqygb7Yk.webp","","https://framerusercontent.com/images/azUfSF1er2mSeE7AixHvDqMg340.webp","","false","false","LCR Couriers Ltd, Van and Driver in Derby","Man and van jobs covered by LCR Couriers Ltd in Derby","Other Man and Van Businesses in Derby","LCR Couriers Ltd is the only driver covering Derby on the platform so far. Put your van on the list.","<p dir=""auto"">LCR Couriers Ltd is the only driver covering Derby on the platform so far. <a href=""/driver-signup-page"">Put your van on the list</a>.</p>","Search for drivers in Derbyshire","true"
"lee-otoole-nottingham","Otoole Nottingham","Nottinghamshire","","Lee O'Toole","","","https://www.facebook.com/lderemovals","https://framerusercontent.com/images/GdKEvAzo1miBw0qhING3SWOBvI.webp","Default profile image for Lee O'Toole in Otoole Nottingham, Nottinghamshire.","true","nottingham-nottinghamshire","Carlton, Arnold, West Bridgford, Beeston, Stapleford, Hucknall, Ilkeston, Long Eaton","07521745348","https://wa.me/447521745348","Iveco Daily Dropwell and LDV Maxus Luton with taillift","","customer can travel","","","","","Lee O'Toole","<h2 dir=""auto"">Profile summary</h2><p dir=""auto"">Lee O'Toole is a Nottingham-based man and van listing, set up around the NG1 area of Nottinghamshire. That typically takes in Carlton, Arnold, West Bridgford, and Beeston among other nearby areas. Expect the A60, A52 and A610 to carry most of the traffic, so peak-time access is worth flagging up front.</p><h3 dir=""auto"">Van and load space</h3><p dir=""auto"">You are looking at a Luton with a tail lift, handy when the load includes weighty goods, white goods, or anything hard to raise into a van.</p><h3 dir=""auto"">Before you book</h3><p dir=""auto"">A clear message beats a vague one: list the items, both postcodes, floor levels, and parking, plus the date you want. It also helps to mention rough weights or sizes of the larger items. No insurance details have been supplied through VanHub UK, so confirm cover directly before booking valuable or higher-risk work. There is a social page on the profile, worth a glance before you commit.</p>","https://framerusercontent.com/images/74yRCSFDqUH6HVBRhJ2WdDQ794.webp","","https://framerusercontent.com/images/SUN3A8zxFQjL4QFjunA3b6gCcnw.webp","","https://framerusercontent.com/images/7xFxF7YEZ36crGYyiwcyaEBoGk.webp","","https://framerusercontent.com/images/omzuUS1Y9BdxI4urAbkSJ6FrfA.webp","","","","https://framerusercontent.com/images/ceQ1QusSo96JydAUXoMTkQY77vc.webp","","https://framerusercontent.com/images/pEj6OyLZ1LjP2s4PsGqgqygb7Yk.webp","","https://framerusercontent.com/images/azUfSF1er2mSeE7AixHvDqMg340.webp","","false","false","Lee O'Toole, Deliveries and Man and Van in Otoole Nottingham","Jobs Lee O'Toole covers in and around Otoole Nottingham, Nottinghamshire","Other Man and Van Businesses in Otoole Nottingham","Otoole Nottingham could do with more listed drivers than Lee O'Toole alone. Add your van.","<p dir=""auto"">Otoole Nottingham could do with more listed drivers than Lee O'Toole alone. <a href=""/driver-signup-page"">Add your van</a>.</p>","Search for drivers in Nottinghamshire","true"
"lee-wmeryy-enfield","Enfield","Enfield","enfield-enfield","Lee wmeryy","","","","https://framerusercontent.com/images/GdKEvAzo1miBw0qhING3SWOBvI.webp","Default profile image for Lee wmeryy in Enfield.","false","","London, Southgate, Edmonton, Tottenham, East Barnet, Chingford, Cheshunt, Waltham Abbey","07950801919","https://wa.me/447950801919","Renault master long wheeled based high top","","Rubbish removal, customer can travel, motorbike transport, House moves etc","","","","","Lee wmeryy","<h2 dir=""auto"">In brief</h2><p dir=""auto"">Lee wmeryy runs out of Enfield in Enfield, with the profile tied to the EN1 district. Nearby spots like London, Southgate, Edmonton, and Tottenham sit inside the usual working area.</p><h3 dir=""auto"">Jobs on the profile</h3><p dir=""auto"">Jobs listed include motorbike transport and house removals.</p><h3 dir=""auto"">Van type and loading</h3><p dir=""auto"">You are looking at a long wheelbase panel van, a sensible size for single items and lighter moves.</p><p dir=""auto"">Waste and clearance work should only go to a driver with valid waste carrier registration, so confirm this and how the load is disposed of first.</p><h3 dir=""auto"">Before you book</h3><p dir=""auto"">Give the driver something to work with, both postcodes, what is moving, stairs or lift, and timing, and the quote will be more accurate. It also helps to mention how the bike will be loaded and secured. There is no insurance on file with VanHub UK, so it is worth confirming cover directly, especially for anything valuable.</p>","https://framerusercontent.com/images/74yRCSFDqUH6HVBRhJ2WdDQ794.webp","","https://framerusercontent.com/images/SUN3A8zxFQjL4QFjunA3b6gCcnw.webp","","https://framerusercontent.com/images/7xFxF7YEZ36crGYyiwcyaEBoGk.webp","","https://framerusercontent.com/images/omzuUS1Y9BdxI4urAbkSJ6FrfA.webp","","","","https://framerusercontent.com/images/ceQ1QusSo96JydAUXoMTkQY77vc.webp","","https://framerusercontent.com/images/pEj6OyLZ1LjP2s4PsGqgqygb7Yk.webp","","https://framerusercontent.com/images/azUfSF1er2mSeE7AixHvDqMg340.webp","","false","false","Lee wmeryy, Man and Van Services in Enfield","Lee wmeryy, working in and around Enfield","Other Man and Van Businesses in Enfield","There is room for more drivers in Enfield. If you have a van, set up a profile.","<p dir=""auto"">There is room for more drivers in Enfield. If you have a van, <a href=""/driver-signup-page"">set up a profile</a>.</p>","Search for drivers in Enfield","true"
"man-with-a-van-uk-normanton","Normanton","West Yorkshire","","Lewis","MAN WITH A VAN UK","","https://www.facebook.com/share/1DwAc9V1pS/","https://framerusercontent.com/images/gP9jVwkjCt9Y02NwTKFheJtJyYk.jpeg","Profile image for MAN WITH A VAN UK in Normanton, West Yorkshire.","true","normanton-west-yorkshire","Wakefield, Leeds, Featherstone, Castleford, Pontefract, Rothwell, Horbury, Hemsworth","07377815125","https://wa.me/447377815125","Luton with tailift","","UK Wide, Local, Small/Med/Large Removals, HGV, Rubbish, Hazardous, Motorbike, Vehicle, HIAB, Single Item","Yes","","","","MAN WITH A VAN UK","<h2 dir=""auto"">The essentials</h2><p dir=""auto"">MAN WITH A VAN UK runs out of Normanton in West Yorkshire, with the profile tied to the WF6 district. That typically takes in Wakefield, Leeds, Featherstone, and Castleford among other nearby areas. Rubbish runs round here usually head to Glasshoughton Household Waste Recycling Centre, Flass Lane, Castleford WF10 5JW. Check Wakefield/Biffa rules before travelling, especially for permits and accepted items. A lot of collection work here starts around Normanton town centre and nearby Wakefield and Castleford retail.</p><h3 dir=""auto"">Services listed</h3><p dir=""auto"">Jobs listed include UK-wide courier runs, local courier work, larger house moves, motorbike transport, vehicle transport, Hiab lifts, and single-item collections. Porter help is shown as available, which matters for two-person lifts or stairs. With the moving work and that load space, this reads as a removals-focused setup rather than a courier one.</p><h3 dir=""auto"">The van</h3><p dir=""auto"">You are looking at a Luton with a tail lift, handy when the load includes weighty goods, white goods, or anything hard to raise into a van.</p><p dir=""auto"">Waste and clearance work should only go to a driver with valid waste carrier registration, so confirm this and how the load is disposed of first. Hazardous waste is specialist work that needs the right licensing, so confirm this directly.</p><h3 dir=""auto"">Getting a useful quote</h3><p dir=""auto"">Give the driver something to work with, both postcodes, what is moving, stairs or lift, and timing, and the quote will be more accurate. It also helps to mention rough weights or sizes of the larger items and how the bike will be loaded and secured. No insurance details have been supplied through VanHub UK, so confirm cover directly before booking valuable or higher-risk work. There is a social page on the profile, worth a glance before you commit.</p>","https://framerusercontent.com/images/74yRCSFDqUH6HVBRhJ2WdDQ794.webp","","https://framerusercontent.com/images/SUN3A8zxFQjL4QFjunA3b6gCcnw.webp","","https://framerusercontent.com/images/7xFxF7YEZ36crGYyiwcyaEBoGk.webp","","https://framerusercontent.com/images/omzuUS1Y9BdxI4urAbkSJ6FrfA.webp","","","","https://framerusercontent.com/images/ceQ1QusSo96JydAUXoMTkQY77vc.webp","","https://framerusercontent.com/images/pEj6OyLZ1LjP2s4PsGqgqygb7Yk.webp","","https://framerusercontent.com/images/azUfSF1er2mSeE7AixHvDqMg340.webp","","false","false","MAN WITH A VAN UK, Man and Van Services in Normanton","Lewis takes van work across Normanton and West Yorkshire","Other Man and Van Businesses in Normanton","Lewis stands alone on the Normanton listings at the moment. List alongside them.","<p dir=""auto"">Lewis stands alone on the Normanton listings at the moment. <a href=""/driver-signup-page"">List alongside them</a>.</p>","Search for drivers in West Yorkshire","true"
"lewis-blake-canterbury","Canterbury","Kent","","lewis blake","","","","https://framerusercontent.com/images/GdKEvAzo1miBw0qhING3SWOBvI.webp","Default profile image for lewis blake in Canterbury, Kent.","false","canterbury-kent","Whitstable, Herne Bay, Faversham, Thanington, Harbledown, Hales Place, Rough Common, Tyler Hill","07440741863","https://wa.me/447440741863","Ford Transit courier, small van","","smaller van","","","","","lewis blake","<h2 dir=""auto"">What you are looking at</h2><p dir=""auto"">Based in Canterbury (CT2), lewis blake takes on man and van work across Kent. Nearby spots like Whitstable, Herne Bay, Faversham, and Thanington sit inside the usual working area. Local runs mostly follow the A2, A28 and A257, so timing around those routes matters more than raw mileage. Flats around Canterbury West and East bring the usual single-item and small-move jobs.</p><h3 dir=""auto"">Van type and loading</h3><p dir=""auto"">You are looking at a small van, best for compact loads, parcels, and one-off item runs.</p><h3 dir=""auto"">Before you book</h3><p dir=""auto"">For a sensible price, send both postcodes, a quick item list, access at each end, and your date. No insurance details have been supplied through VanHub UK, so confirm cover directly before booking valuable or higher-risk work.</p>","https://framerusercontent.com/images/74yRCSFDqUH6HVBRhJ2WdDQ794.webp","","https://framerusercontent.com/images/SUN3A8zxFQjL4QFjunA3b6gCcnw.webp","","https://framerusercontent.com/images/7xFxF7YEZ36crGYyiwcyaEBoGk.webp","","https://framerusercontent.com/images/omzuUS1Y9BdxI4urAbkSJ6FrfA.webp","","","","https://framerusercontent.com/images/ceQ1QusSo96JydAUXoMTkQY77vc.webp","","https://framerusercontent.com/images/pEj6OyLZ1LjP2s4PsGqgqygb7Yk.webp","","https://framerusercontent.com/images/azUfSF1er2mSeE7AixHvDqMg340.webp","","false","false","lewis blake, Van Driver in Canterbury","lewis blake runs a van out of Canterbury across Kent","Other Man and Van Businesses in Canterbury","Canterbury could do with more listed drivers than lewis blake alone. Add your van.","<p dir=""auto"">Canterbury could do with more listed drivers than lewis blake alone. <a href=""/driver-signup-page"">Add your van</a>.</p>","Search for drivers in Kent","true"
"liam-dooley-rushden","Rushden","Northamptonshire","","Liam dooley","","","","https://framerusercontent.com/images/GdKEvAzo1miBw0qhING3SWOBvI.webp","Default profile image for Liam dooley in Rushden, Northamptonshire.","false","rushden-northamptonshire","Higham Ferrers, Irthlingborough, Wellingborough, Raunds, Burton Latimer, Thrapston, Kettering, Little Wymington","07584654955","https://wa.me/447584654955","Vw crafter luton","","Rubbish removal, customer can travel","","","","","Liam dooley","<h2 dir=""auto"">At a glance</h2><p dir=""auto"">Liam dooley covers Rushden and the surrounding Northamptonshire area, working out of the NN10 postcode. Nearby spots like Higham Ferrers, Irthlingborough, Wellingborough, and Raunds sit inside the usual working area.</p><h3 dir=""auto"">Van and load space</h3><p dir=""auto"">The profile lists a Luton van, with the box body giving room for bulky household items.</p><h3 dir=""auto"">On the ground</h3><p dir=""auto"">Rubbish runs round here usually head to Rushden HWRC. Local runs mostly follow the A6, A45 and A5001, so timing around those routes matters more than raw mileage.</p><p dir=""auto"">For any rubbish, clearance or waste jobs, check the driver holds valid waste carrier registration and disposes of loads properly before booking.</p><p dir=""auto"">For a sensible price, send both postcodes, a quick item list, access at each end, and your date. It also helps to mention rough weights or sizes of the larger items. Insurance has not been supplied through VanHub UK. Check cover with the driver before handing over anything of value.</p>","https://framerusercontent.com/images/74yRCSFDqUH6HVBRhJ2WdDQ794.webp","","https://framerusercontent.com/images/SUN3A8zxFQjL4QFjunA3b6gCcnw.webp","","https://framerusercontent.com/images/7xFxF7YEZ36crGYyiwcyaEBoGk.webp","","https://framerusercontent.com/images/omzuUS1Y9BdxI4urAbkSJ6FrfA.webp","","","","https://framerusercontent.com/images/ceQ1QusSo96JydAUXoMTkQY77vc.webp","","https://framerusercontent.com/images/pEj6OyLZ1LjP2s4PsGqgqygb7Yk.webp","","https://framerusercontent.com/images/azUfSF1er2mSeE7AixHvDqMg340.webp","","false","false","Liam dooley, Deliveries and Man and Van in Rushden","Man and van jobs covered by Liam dooley in Rushden and Northamptonshire","Other Man and Van Businesses in Rushden","Rushden has one listed driver at the moment. Running a van nearby? Add your business.","<p dir=""auto"">Rushden has one listed driver at the moment. Running a van nearby? <a href=""/driver-signup-page"">Add your business</a>.</p>","Search for drivers in Northamptonshire","true"
"mantas-bakunas-grays","Grays","Essex","","Mantas bakunas","","https://www.mbmovers.uk","","https://framerusercontent.com/images/GdKEvAzo1miBw0qhING3SWOBvI.webp","Default profile image for Mantas bakunas in Grays, Essex.","true","grays-essex","Tilbury, Northfleet, Swanscombe, Gravesend, Rainham, Crayford, Erith, Upminster","07503041787","https://wa.me/447503041787","Renoult master load loader 20m3","","Rubbish removal, customer can travel, motorbike transport","","","","","Mantas bakunas","<h2 dir=""auto"">The essentials</h2><p dir=""auto"">Mantas bakunas runs out of Grays in Essex, with the profile tied to the RM16 district. That typically takes in Tilbury, Northfleet, Swanscombe, and Gravesend among other nearby areas.</p><h3 dir=""auto"">The vehicle</h3><p dir=""auto"">You are looking at a long wheelbase van, a sensible size for single items and lighter moves.</p><h3 dir=""auto"">Typical work</h3><p dir=""auto"">Jobs listed include motorbike transport. Motorbike transport sits alongside the general work, so it suits bike moves as well as boxes.</p><h3 dir=""auto"">Local jobs</h3><p dir=""auto"">For clearance loads the nearest household waste centre is Linford HWRC. Expect the A13, M25 and A1089 to carry most of the traffic, so peak-time access is worth flagging up front.</p><p dir=""auto"">For any rubbish, clearance or waste jobs, check the driver holds valid waste carrier registration and disposes of loads properly before booking.</p><h3 dir=""auto"">Before you book</h3><p dir=""auto"">When you get in touch, give the pickup and drop-off postcodes, what is moving, parking and stairs, and when you need it. It also helps to mention how the bike will be loaded and secured. There is no insurance on file with VanHub UK, so it is worth confirming cover directly, especially for anything valuable. There is a website linked, so there is more background to check before getting in touch.</p>","https://framerusercontent.com/images/74yRCSFDqUH6HVBRhJ2WdDQ794.webp","","https://framerusercontent.com/images/SUN3A8zxFQjL4QFjunA3b6gCcnw.webp","","https://framerusercontent.com/images/7xFxF7YEZ36crGYyiwcyaEBoGk.webp","","https://framerusercontent.com/images/omzuUS1Y9BdxI4urAbkSJ6FrfA.webp","","","","https://framerusercontent.com/images/ceQ1QusSo96JydAUXoMTkQY77vc.webp","","https://framerusercontent.com/images/pEj6OyLZ1LjP2s4PsGqgqygb7Yk.webp","","https://framerusercontent.com/images/azUfSF1er2mSeE7AixHvDqMg340.webp","","false","false","Mantas bakunas, Man and Van Services in Grays","Mantas bakunas covers Grays and the wider Essex area","Other Man and Van Businesses in Grays","Only Mantas bakunas is listed for van work in Grays so far. Get listed too.","<p dir=""auto"">Only Mantas bakunas is listed for van work in Grays so far. <a href=""/driver-signup-page"">Get listed too</a>.</p>","Search for drivers in Essex","true"
"marc-howland-huddersfield","Huddersfield","West Yorkshire","","Marc Howland","","","","https://framerusercontent.com/images/GdKEvAzo1miBw0qhING3SWOBvI.webp","Default profile image for Marc Howland in Huddersfield, West Yorkshire.","false","huddersfield-west-yorkshire","Elland, Brighouse, Mirfield, Holmfirth, Liversedge, Cleckheaton, Heckmondwike, Halifax","07793486647","https://wa.me/447793486647","Lwb sprinter 906","","Hazardous material transport, customer can travel","","","","","Marc Howland","<h2 dir=""auto"">In brief</h2><p dir=""auto"">Based in Huddersfield (HD1), Marc Howland takes on man and van work across West Yorkshire. Customers around Elland, Brighouse, Mirfield, and Holmfirth may also find this a useful option. For clearance loads the nearest household waste centre is Emerald Street HWRC. Expect the A62, A629 and M62 to carry most of the traffic, so peak-time access is worth flagging up front.</p><h3 dir=""auto"">Van and load space</h3><p dir=""auto"">The profile lists a long wheelbase panel van, handy for single items, furniture, and smaller moves.</p><p dir=""auto"">For any rubbish, clearance or waste jobs, check the driver holds valid waste carrier registration and disposes of loads properly before booking. Hazardous waste is specialist work that needs the right licensing, so confirm this directly.</p><h3 dir=""auto"">Making contact</h3><p dir=""auto"">When you get in touch, give the pickup and drop-off postcodes, what is moving, parking and stairs, and when you need it. No insurance details have been supplied through VanHub UK, so confirm cover directly before booking valuable or higher-risk work.</p>","https://framerusercontent.com/images/74yRCSFDqUH6HVBRhJ2WdDQ794.webp","","https://framerusercontent.com/images/SUN3A8zxFQjL4QFjunA3b6gCcnw.webp","","https://framerusercontent.com/images/7xFxF7YEZ36crGYyiwcyaEBoGk.webp","","https://framerusercontent.com/images/omzuUS1Y9BdxI4urAbkSJ6FrfA.webp","","","","https://framerusercontent.com/images/ceQ1QusSo96JydAUXoMTkQY77vc.webp","","https://framerusercontent.com/images/pEj6OyLZ1LjP2s4PsGqgqygb7Yk.webp","","https://framerusercontent.com/images/azUfSF1er2mSeE7AixHvDqMg340.webp","","false","false","Marc Howland, Van Driver in Huddersfield","Van work from Marc Howland across Huddersfield and West Yorkshire","Other Man and Van Businesses in Huddersfield","One driver covers Huddersfield on the listings at present. Make it two.","<p dir=""auto"">One driver covers Huddersfield on the listings at present. <a href=""/driver-signup-page"">Make it two</a>.</p>","Search for drivers in West Yorkshire","true"
"marinel-teodor-broadstone","Broadstone","Dorset","","Marinel Teodor","","","","https://framerusercontent.com/images/GdKEvAzo1miBw0qhING3SWOBvI.webp","Default profile image for Marinel Teodor in Broadstone, Dorset.","false","broadstone-dorset","Monmouth, Chepstow, Usk, Cleddon, Cotland, Catbrook, Botany Bay, Parkhouse","07871538301","https://wa.me/447871538301","LUTON (TAILLIFT)","","Rubbish removal, motorbike transport, Single Items, Removals, Heavy Goods","","","","","Marinel Teodor","<h2 dir=""auto"">Overview</h2><p dir=""auto"">Marinel Teodor runs out of Broadstone in Dorset, with the profile tied to the BH18 district. Nearby spots like Monmouth, Chepstow, Usk, and Cleddon sit inside the usual working area.</p><h3 dir=""auto"">What Marinel covers</h3><p dir=""auto"">Jobs listed include motorbike transport, single-item collections, house removals, and heavy or awkward goods. The mix leans towards house moves and bulkier loads rather than light courier drops.</p><h3 dir=""auto"">Van type and loading</h3><p dir=""auto"">You are looking at a Luton with a tail lift, which helps with heavier or bulky items, appliances, and stacked boxes that are awkward to lift in by hand.</p><h3 dir=""auto"">Working Broadstone</h3><p dir=""auto"">Rubbish runs round here usually head to Nuffield HWRC.</p><p dir=""auto"">For any rubbish, clearance or waste jobs, check the driver holds valid waste carrier registration and disposes of loads properly before booking.</p><h3 dir=""auto"">Sorting a quote</h3><p dir=""auto"">When you get in touch, give the pickup and drop-off postcodes, what is moving, parking and stairs, and when you need it. It also helps to mention rough weights or sizes of the larger items and how the bike will be loaded and secured. No insurance details have been supplied through VanHub UK, so confirm cover directly before booking valuable or higher-risk work.</p>","https://framerusercontent.com/images/74yRCSFDqUH6HVBRhJ2WdDQ794.webp","","https://framerusercontent.com/images/SUN3A8zxFQjL4QFjunA3b6gCcnw.webp","","https://framerusercontent.com/images/7xFxF7YEZ36crGYyiwcyaEBoGk.webp","","https://framerusercontent.com/images/omzuUS1Y9BdxI4urAbkSJ6FrfA.webp","","","","https://framerusercontent.com/images/ceQ1QusSo96JydAUXoMTkQY77vc.webp","","https://framerusercontent.com/images/pEj6OyLZ1LjP2s4PsGqgqygb7Yk.webp","","https://framerusercontent.com/images/azUfSF1er2mSeE7AixHvDqMg340.webp","","false","false","Marinel Teodor, Man and Van Covering Broadstone","Marinel Teodor takes van work across Broadstone and Dorset","Other Man and Van Businesses in Broadstone","Only one van is listed in Broadstone at present. Put yours on too.","<p dir=""auto"">Only one van is listed in Broadstone at present. <a href=""/driver-signup-page"">Put yours on too</a>.</p>","Search for drivers in Dorset","true"
"moizer-leeds","Leeds","West Yorkshire","","Mark","Moizer","","","https://framerusercontent.com/images/GdKEvAzo1miBw0qhING3SWOBvI.webp","Default profile image for Moizer in Leeds, West Yorkshire.","false","leeds-west-yorkshire","Bradford, Wakefield, Horsforth, Rothwell, Pudsey, Morley, Garforth, Yeadon","07546619336","https://wa.me/447546619336","XLWB panel","","Motorbike, Single Item, Local, UK Wide, Small/Med Removals, Rubbish","Yes","","","","Moizer","<h2 dir=""auto"">The rundown</h2><p dir=""auto"">Moizer is a Leeds-based driver profile, set up around the LS12 area of West Yorkshire. That puts Bradford, Wakefield, Horsforth, and Rothwell within easy reach for collections and drop-offs. For clearance loads the nearest household waste centre is Kirkstall HWRC.</p><h3 dir=""auto"">Vehicle and services</h3><p dir=""auto"">You are looking at an extra-long wheelbase panel van, with enough length for a small move or a few bulky pieces. Jobs listed include motorbike transport, single-item collections, local courier work, UK-wide courier runs, and medium house moves. Porter help is shown as available, which matters for two-person lifts or stairs. The mix leans towards house moves and bulkier loads rather than light courier drops.</p><p dir=""auto"">For any rubbish, clearance or waste jobs, check the driver holds valid waste carrier registration and disposes of loads properly before booking.</p><h3 dir=""auto"">Sorting a quote</h3><p dir=""auto"">To get a quote worth having, describe the load, both postcodes, and any access issues rather than asking for a flat rate. It also helps to mention rough weights or sizes of the larger items and how the bike will be loaded and secured. Insurance has not been supplied through VanHub UK. Check cover with the driver before handing over anything of value.</p>","https://framerusercontent.com/images/74yRCSFDqUH6HVBRhJ2WdDQ794.webp","","https://framerusercontent.com/images/SUN3A8zxFQjL4QFjunA3b6gCcnw.webp","","https://framerusercontent.com/images/7xFxF7YEZ36crGYyiwcyaEBoGk.webp","","https://framerusercontent.com/images/omzuUS1Y9BdxI4urAbkSJ6FrfA.webp","","","","https://framerusercontent.com/images/ceQ1QusSo96JydAUXoMTkQY77vc.webp","","https://framerusercontent.com/images/pEj6OyLZ1LjP2s4PsGqgqygb7Yk.webp","","https://framerusercontent.com/images/azUfSF1er2mSeE7AixHvDqMg340.webp","","false","false","Moizer, Collections and Removals in Leeds","Mark takes van work across Leeds and West Yorkshire","Other Man and Van Businesses in Leeds","Mark is the only driver covering Leeds on the platform so far. Put your van on the list.","<p dir=""auto"">Mark is the only driver covering Leeds on the platform so far. <a href=""/driver-signup-page"">Put your van on the list</a>.</p>","Search for drivers in West Yorkshire","true"
"m-dyson-and-sons-light-haulage-barnsley","Barnsley","South Yorkshire","","Mark Dyson","M Dyson & Sons Light Haulage","","https://www.facebook.com/profile.php?id=61570482390107","https://framerusercontent.com/images/FRa8rcoLSMzbZ3SAPcxVQaFbIGU.jpg","Profile image for M Dyson & Sons Light Haulage in Barnsley, South Yorkshire.","true","barnsley-south-yorkshire","Wakefield, Worsbrough, Royston, Penistone, Hemsworth, Wath Upon Dearne, Thurnscoe, Stocksbridge","07901901213","https://wa.me/447901901213","LWB panel, XLWB panel","","Single Item, Motorbike, UK Wide, Local, Small Removals, Rubbish","Yes","","","","M Dyson & Sons Light Haulage","<h2 dir=""auto"">Profile summary</h2><p dir=""auto"">M Dyson &amp; Sons Light Haulage is a Barnsley-based man and van profile, set up around the S75 area of South Yorkshire. Customers around Wakefield, Worsbrough, Royston, and Penistone may also find this a useful option. Rubbish runs round here usually head to Barnsley HWRCs.</p><h3 dir=""auto"">The van</h3><p dir=""auto"">Listed here are a long wheelbase panel van and an extra-long wheelbase panel van, a sensible size for single items and lighter moves.</p><h3 dir=""auto"">What Mark covers</h3><p dir=""auto"">Jobs listed include single-item collections, motorbike transport, UK-wide courier runs, local courier work, and small house moves. Porter help is shown as available, which matters for two-person lifts or stairs. This covers a wide range, single items to bigger moves, so pin down the job when you get in touch.</p><p dir=""auto"">For any rubbish, clearance or waste jobs, check the driver holds valid waste carrier registration and disposes of loads properly before booking.</p><h3 dir=""auto"">Sorting a quote</h3><p dir=""auto"">A clear message beats a vague one: list the items, both postcodes, floor levels, and parking, plus the date you want. It also helps to mention how the bike will be loaded and secured. The driver has supplied insurance details to VanHub UK. Confirm the cover fits your items before agreeing anything valuable. A social page is linked, handy for a quick look at past work before booking.</p>","https://framerusercontent.com/images/BvgOvpzvjfuBSnGRiYqDu1HlWs.webp","Mark Dyson's van and moving work in Barnsley (1 of 8).","https://framerusercontent.com/images/1HfCmZSoHrqSf5DEDjiQNneNUPY.webp","Mark Dyson's van and moving work in Barnsley (2 of 8).","https://framerusercontent.com/images/uhj03xIcdeO5iGnVpQnLruM.webp","Mark Dyson's van and moving work in Barnsley (3 of 8).","https://framerusercontent.com/images/6IFyUbjr8tYECnzc0NqPeBPBtI.webp","Mark Dyson's van and moving work in Barnsley (4 of 8).","https://framerusercontent.com/images/VVedE1Xgw9mreSsmdXSJHgYPY.webp","Mark Dyson's van and moving work in Barnsley (5 of 8).","https://framerusercontent.com/images/LpyPyRSKtbi20Djvw1UypAraeTA.webp","Mark Dyson's van and moving work in Barnsley (6 of 8).","https://framerusercontent.com/images/6vGC8cJrqGK9R1thNlKnnfvB0.webp","Mark Dyson's van and moving work in Barnsley (7 of 8).","https://framerusercontent.com/images/1U9pHCNl76l9VJY4ZRf4W3vBd5E.webp","Mark Dyson's van and moving work in Barnsley (8 of 8).","true","true","M Dyson & Sons Light Haulage, Removals and Man and Van in Barnsley","What Mark Dyson takes on around Barnsley and South Yorkshire","Other Man and Van Businesses in Barnsley","One driver covers Barnsley on the listings at present. Make it two.","<p dir=""auto"">One driver covers Barnsley on the listings at present. <a href=""/driver-signup-page"">Make it two</a>.</p>","Search for drivers in South Yorkshire","true"
"mark-1-logistics-brierley-hill","Brierley Hill","West Midlands","","Mark Hobley","Mark 1 Logistics","","","https://framerusercontent.com/images/GdKEvAzo1miBw0qhING3SWOBvI.webp","Default profile image for Mark 1 Logistics in Brierley Hill, West Midlands.","false","brierley-hill-west-midlands","Wolverhampton, Dudley, Halesowen, Blackheath, Stourbridge, Oldbury, Tipton, Sedgley","07914018179","https://wa.me/447914018179","SWB panel","","Single Items, Antiques, Heavy Goods, Removals","","","","","Mark 1 Logistics","<h2 dir=""auto"">In brief</h2><p dir=""auto"">Based in Brierley Hill (DY5), Mark 1 Logistics takes on man and van work across West Midlands. Customers around Wolverhampton, Dudley, Halesowen, and Blackheath may also find this a useful option.</p><h3 dir=""auto"">Van type and loading</h3><p dir=""auto"">The profile lists a short wheelbase panel van, a sensible size for single items and lighter moves.</p><h3 dir=""auto"">Work covered</h3><p dir=""auto"">Jobs listed include single-item collections, antiques, heavy or awkward goods, and house removals.</p><h3 dir=""auto"">The area</h3><p dir=""auto"">A lot of collection work here starts around Merry Hill and Waterfront.</p><h3 dir=""auto"">Getting a price</h3><p dir=""auto"">When you get in touch, give the pickup and drop-off postcodes, what is moving, parking and stairs, and when you need it. It also helps to mention rough weights or sizes of the larger items. There is no insurance on file with VanHub UK, so it is worth confirming cover directly, especially for anything valuable.</p>","https://framerusercontent.com/images/74yRCSFDqUH6HVBRhJ2WdDQ794.webp","","https://framerusercontent.com/images/SUN3A8zxFQjL4QFjunA3b6gCcnw.webp","","https://framerusercontent.com/images/7xFxF7YEZ36crGYyiwcyaEBoGk.webp","","https://framerusercontent.com/images/omzuUS1Y9BdxI4urAbkSJ6FrfA.webp","","","","https://framerusercontent.com/images/ceQ1QusSo96JydAUXoMTkQY77vc.webp","","https://framerusercontent.com/images/pEj6OyLZ1LjP2s4PsGqgqygb7Yk.webp","","https://framerusercontent.com/images/azUfSF1er2mSeE7AixHvDqMg340.webp","","false","false","Mark 1 Logistics, Man and Van Work in Brierley Hill","Mark Hobley covers Brierley Hill and the wider West Midlands area","Other Man and Van Businesses in Brierley Hill","No other Brierley Hill van driver has signed up yet. Get your van listed.","<p dir=""auto"">No other Brierley Hill van driver has signed up yet. <a href=""/driver-signup-page"">Get your van listed</a>.</p>","Search for drivers in West Midlands","true"
"norts-courier-services-slough","Slough","Berkshire","","Mark Norton","Norts Courier Services","","https://www.facebook.com/profile.php?id=61550353530747","https://framerusercontent.com/images/wMW1qaHOqZJzWBfnQxt7VyMGlyc.png","Profile image for Norts Courier Services in Slough, Berkshire.","true","slough-berkshire","Presteigne, Kington, Warden, Nash, Rodd, Rodd Hurst, Barland, Dolley Green","07722563932","https://wa.me/447722563932","SWB panel","","Single Item, Local","","","","","Norts Courier Services","<h2 dir=""auto"">About this profile</h2><p dir=""auto"">Working from SL2 in Slough, Norts Courier Services handles jobs across Berkshire and nearby. That typically takes in Presteigne, Kington, Warden, and Nash among other nearby areas.</p><h3 dir=""auto"">Vehicle and services</h3><p dir=""auto"">The profile lists a short wheelbase panel van, handy for single items, furniture, and smaller moves. Jobs listed include single-item collections and local courier work. Going by the van and the job list, this suits single items and courier-style runs more than full house moves.</p><h3 dir=""auto"">The area</h3><p dir=""auto"">A lot of collection work here starts around Queensmere Observatory area and High Street. Expect the M4, A4 and A355 to carry most of the traffic, so peak-time access is worth flagging up front.</p><p dir=""auto"">Give the driver something to work with, both postcodes, what is moving, stairs or lift, and timing, and the quote will be more accurate. Insurance details have been supplied to VanHub UK, though it is still worth checking the cover suits your particular job. There is a social page on the profile, worth a glance before you commit.</p>","https://framerusercontent.com/images/74yRCSFDqUH6HVBRhJ2WdDQ794.webp","","https://framerusercontent.com/images/SUN3A8zxFQjL4QFjunA3b6gCcnw.webp","","https://framerusercontent.com/images/7xFxF7YEZ36crGYyiwcyaEBoGk.webp","","https://framerusercontent.com/images/omzuUS1Y9BdxI4urAbkSJ6FrfA.webp","","","","https://framerusercontent.com/images/ceQ1QusSo96JydAUXoMTkQY77vc.webp","","https://framerusercontent.com/images/pEj6OyLZ1LjP2s4PsGqgqygb7Yk.webp","","https://framerusercontent.com/images/azUfSF1er2mSeE7AixHvDqMg340.webp","","true","false","Norts Courier Services, Van Driver Covering Slough","Man and Van Services from Mark Norton in Slough, Berkshire","Other Man and Van Businesses in Slough","If you run a van around Slough, the listings are wide open. Put your details up.","<p dir=""auto"">If you run a van around Slough, the listings are wide open. <a href=""/driver-signup-page"">Put your details up</a>.</p>","Search for drivers in Berkshire","true"
"rapid-raccoon-couriers-huddersfield","Huddersfield","West Yorkshire","","Mark Wood","Rapid Raccoon Couriers","rapidraccoonremovals.co.uk","","https://framerusercontent.com/images/Qk8BfszBePg6yF4CwwFCqugHEDg.jpg","Profile image for Rapid Raccoon Couriers in Huddersfield, West Yorkshire.","true","huddersfield-west-yorkshire","Elland, Brighouse, Mirfield, Holmfirth, Liversedge, Cleckheaton, Heckmondwike, Halifax","07939844703","https://wa.me/447939844703","SWB panel","","Home Removals, motorbike transport, single items","Yes","","","","Rapid Raccoon Couriers","<h2 dir=""auto"">The rundown</h2><p dir=""auto"">Rapid Raccoon Couriers runs out of Huddersfield in West Yorkshire, with the profile tied to the HD4 district. Nearby spots like Elland, Brighouse, Mirfield, and Holmfirth sit inside the usual working area. Shop and store pickups often come off Kingsgate and Leeds Road. Between-property moves are common, with Storage King and Huddersfield Self-Store among the local storage options.</p><h3 dir=""auto"">Van and work</h3><p dir=""auto"">The profile lists a short wheelbase panel van, handy for single items, furniture, and smaller moves. Jobs listed include house removals, motorbike transport, and single-item collections. Porter help is shown as available, which matters for two-person lifts or stairs.</p><h3 dir=""auto"">Before you book</h3><p dir=""auto"">Give the driver something to work with, both postcodes, what is moving, stairs or lift, and timing, and the quote will be more accurate. It also helps to mention how the bike will be loaded and secured. The driver has supplied insurance details to VanHub UK. Confirm the cover fits your items before agreeing anything valuable. There is a website linked, so there is more background to check before getting in touch.</p>","https://framerusercontent.com/images/jR5Ra21da2k7ZdBCmsBvdKXu6FI.jpg","Mark Wood's van and moving work in Huddersfield (1 of 8).","https://framerusercontent.com/images/VFnQXLk38J9kPmjKDo8Kucarc8.jpg","Mark Wood's van and moving work in Huddersfield (2 of 8).","https://framerusercontent.com/images/pWvYnCtnXJMRM4ehqOBvmv1mN4.jpg","Mark Wood's van and moving work in Huddersfield (3 of 8).","https://framerusercontent.com/images/5r8Vx1kz8zbvmnpE819s0Dw79jk.jpg","Mark Wood's van and moving work in Huddersfield (4 of 8).","https://framerusercontent.com/images/uSJrsRxd2VXv5tAcPod9twyxn14.jpg","Mark Wood's van and moving work in Huddersfield (5 of 8).","https://framerusercontent.com/images/vSijvfbk8tXXf187Qq0UX5SFMw0.jpg","Mark Wood's van and moving work in Huddersfield (6 of 8).","https://framerusercontent.com/images/O4I6nNcaVU1T3lDd1ARHvGRrAM.jpg","Mark Wood's van and moving work in Huddersfield (7 of 8).","https://framerusercontent.com/images/zdSYJ6nW7X3Ezf9KOpxJmzMAoos.jpg","Mark Wood's van and moving work in Huddersfield (8 of 8).","true","true","Rapid Raccoon Couriers, Man and Van in Huddersfield","Collections, moves and deliveries from Mark Wood in Huddersfield, West Yorkshire","Other Man and Van Businesses in Huddersfield","No other man and van driver is listed in Huddersfield yet. Already got a van? Add your details.","<p dir=""auto"">No other man and van driver is listed in Huddersfield yet. Already got a van? <a href=""/driver-signup-page"">Add your details</a>.</p>","Search for drivers in West Yorkshire","true"
"matthew-lewis-removals-and-estates-services-wrexham","Wrexham","Wrexham","","Matthew Lewis","Matthew Lewis Removals & Estates Services","https://www.mlremovals.co.uk/","","https://framerusercontent.com/images/GdKEvAzo1miBw0qhING3SWOBvI.webp","Default profile image for Matthew Lewis Removals & Estates Services in Wrexham.","true","wrexham-north-wales","Llangollen, Malpas, Rhosnesni, The Dunks, Hightown, Rhosddu, Acton, Bryn Offa","07564857766","https://wa.me/447564857766","LWB panel","","Rubbish, Customer travel, Single Items, Removals, Antiques, Heavy Goods, Rubbish removal, customer can travel","Yes","","","","Matthew Lewis Removals & Estates Services","<h2 dir=""auto"">What you are looking at</h2><p dir=""auto"">Matthew Lewis Removals &amp; Estates Services runs out of Wrexham in Wrexham, with the profile tied to the LL12 district. That puts Llangollen, Malpas, Rhosnesni, and The Dunks within easy reach for collections and drop-offs.</p><h3 dir=""auto"">Van and work</h3><p dir=""auto"">You are looking at a long wheelbase panel van, handy for single items, furniture, and smaller moves. Jobs listed include single-item collections, house removals, antiques, and heavy or awkward goods. An extra pair of hands is listed, useful where items need two people.</p><h3 dir=""auto"">The area</h3><p dir=""auto"">Rubbish runs round here usually head to Bryn Lane HWRC.</p><p dir=""auto"">Waste and clearance work should only go to a driver with valid waste carrier registration, so confirm this and how the load is disposed of first.</p><h3 dir=""auto"">Getting a price</h3><p dir=""auto"">A clear message beats a vague one: list the items, both postcodes, floor levels, and parking, plus the date you want. It also helps to mention rough weights or sizes of the larger items. Insurance has been provided through VanHub UK, but ask that the cover matches your goods before you commit. There is a website linked, so there is more background to check before getting in touch.</p>","https://framerusercontent.com/images/74yRCSFDqUH6HVBRhJ2WdDQ794.webp","","https://framerusercontent.com/images/SUN3A8zxFQjL4QFjunA3b6gCcnw.webp","","https://framerusercontent.com/images/7xFxF7YEZ36crGYyiwcyaEBoGk.webp","","https://framerusercontent.com/images/omzuUS1Y9BdxI4urAbkSJ6FrfA.webp","","","","https://framerusercontent.com/images/ceQ1QusSo96JydAUXoMTkQY77vc.webp","","https://framerusercontent.com/images/pEj6OyLZ1LjP2s4PsGqgqygb7Yk.webp","","https://framerusercontent.com/images/azUfSF1er2mSeE7AixHvDqMg340.webp","","true","false","Matthew Lewis Removals & Estates Services, Removals and Man and Van in Wrexham","Van work from Matthew Lewis around Wrexham","Other Man and Van Businesses in Wrexham","No other man and van driver is listed in Wrexham yet. Already got a van? Add your details.","<p dir=""auto"">No other man and van driver is listed in Wrexham yet. Already got a van? <a href=""/driver-signup-page"">Add your details</a>.</p>","Search for drivers in Wrexham","true"
"matthew-webster-dover","Dover","Kent","","Matthew Webster","","","https://www.facebook.com/profile.php?id=61571186143554","https://framerusercontent.com/images/GdKEvAzo1miBw0qhING3SWOBvI.webp","Default profile image for Matthew Webster in Dover, Kent.","true","dover-kent","Folkestone, Deal, Tower Hamlets, Western Heights, Aycliff, Maxton, Buckland, Farthingloe","07930134977","https://wa.me/447930134977","SWB","","Single Items","","","","","Matthew Webster","<h2 dir=""auto"">What you are looking at</h2><p dir=""auto"">Working from CT16 in Dover, Matthew Webster handles jobs across Kent and nearby. That typically takes in Folkestone, Deal, Tower Hamlets, and Western Heights among other nearby areas. A lot of collection work here starts around St James and Whitfield.</p><h3 dir=""auto"">Van and work</h3><p dir=""auto"">You are looking at a short wheelbase panel van, well suited to single items, a few boxes, or a small furniture run. Jobs listed include single-item collections. Going by the van and the job list, this suits single items and courier-style runs more than full house moves.</p><p dir=""auto"">When you get in touch, give the pickup and drop-off postcodes, what is moving, parking and stairs, and when you need it. No insurance details have been supplied through VanHub UK, so confirm cover directly before booking valuable or higher-risk work. There is a social page on the profile, worth a glance before you commit.</p>","https://framerusercontent.com/images/74yRCSFDqUH6HVBRhJ2WdDQ794.webp","","https://framerusercontent.com/images/SUN3A8zxFQjL4QFjunA3b6gCcnw.webp","","https://framerusercontent.com/images/7xFxF7YEZ36crGYyiwcyaEBoGk.webp","","https://framerusercontent.com/images/omzuUS1Y9BdxI4urAbkSJ6FrfA.webp","","","","https://framerusercontent.com/images/ceQ1QusSo96JydAUXoMTkQY77vc.webp","","https://framerusercontent.com/images/pEj6OyLZ1LjP2s4PsGqgqygb7Yk.webp","","https://framerusercontent.com/images/azUfSF1er2mSeE7AixHvDqMg340.webp","","false","false","Matthew Webster, Van Driver in Dover","Matthew Webster covers Dover and the wider Kent area","Other Man and Van Businesses in Dover","Matthew Webster is currently the only listed driver in Dover. If you run a van locally, list your van here.","<p dir=""auto"">Matthew Webster is currently the only listed driver in Dover. If you run a van locally, <a href=""/driver-signup-page"">list your van here</a>.</p>","Search for drivers in Kent","true"
"mc-moving-kettering","Kettering","Northamptonshire","","MC Moving","MC Moving","https://mcmoving.co.uk","","https://framerusercontent.com/images/l77mqG8hsWl35vAZH6Ple3cxZo.jpg","Profile image for MC Moving in Kettering, Northamptonshire.","true","kettering-northamptonshire","Burton Latimer, Rothwell, Desborough, Irthlingborough, Corby, Wellingborough, Thrapston, Raunds","07943048401","https://wa.me/447943048401","Luton tailift, Maximover","","Single Item, Small/Med Removals, UK Wide, Large Removals, HGV, Local","Yes","","","","MC Moving","<h2 dir=""auto"">Profile summary</h2><p dir=""auto"">MC Moving runs out of Kettering in Northamptonshire, with the profile tied to the NN16 district. That typically takes in Burton Latimer, Rothwell, Desborough, and Irthlingborough among other nearby areas. A lot of collection work here starts around Kettering town centre and Newlands Shopping Centre.</p><h3 dir=""auto"">Typical work</h3><p dir=""auto"">Jobs listed include single-item collections, medium house moves, UK-wide courier runs, larger house moves, and local courier work. An extra pair of hands is listed, useful where items need two people. With the moving work and that load space, this reads as a removals-focused setup rather than a courier one.</p><h3 dir=""auto"">The vehicle</h3><p dir=""auto"">The profile lists a Luton with a tail lift, so appliances, furniture, and heavier single items can be wheeled up rather than lifted by hand.</p><h3 dir=""auto"">Sorting a quote</h3><p dir=""auto"">When you get in touch, give the pickup and drop-off postcodes, what is moving, parking and stairs, and when you need it. It also helps to mention rough weights or sizes of the larger items. The driver has supplied insurance details to VanHub UK. Confirm the cover fits your items before agreeing anything valuable. A website is linked on the profile, handy for a look before you make contact.</p>","https://framerusercontent.com/images/74yRCSFDqUH6HVBRhJ2WdDQ794.webp","","https://framerusercontent.com/images/SUN3A8zxFQjL4QFjunA3b6gCcnw.webp","","https://framerusercontent.com/images/7xFxF7YEZ36crGYyiwcyaEBoGk.webp","","https://framerusercontent.com/images/omzuUS1Y9BdxI4urAbkSJ6FrfA.webp","","","","https://framerusercontent.com/images/ceQ1QusSo96JydAUXoMTkQY77vc.webp","","https://framerusercontent.com/images/pEj6OyLZ1LjP2s4PsGqgqygb7Yk.webp","","https://framerusercontent.com/images/azUfSF1er2mSeE7AixHvDqMg340.webp","","true","false","MC Moving, Deliveries and Man and Van in Kettering","Man and van jobs covered by MC Moving in Kettering and Northamptonshire","Other Man and Van Businesses in Kettering","No one else covers Kettering on the platform yet. Sign your van up.","<p dir=""auto"">No one else covers Kettering on the platform yet. <a href=""/driver-signup-page"">Sign your van up</a>.</p>","Search for drivers in Northamptonshire","true"
"mohammed-asam-bradford","Bradford","West Yorkshire","","Mohammed Asam","","","","https://framerusercontent.com/images/GdKEvAzo1miBw0qhING3SWOBvI.webp","Default profile image for Mohammed Asam in Bradford, West Yorkshire.","false","bradford-west-yorkshire","Leeds, Shipley, Pudsey, Baildon, Queensbury, Cleckheaton, Bingley, Yeadon","07955914420","https://wa.me/447955914420","MWB panel","","Motorbike, Single Items, Removals, Antiques, Heavy Goods, Vehicle transport, motorbike transport","","","","","Mohammed Asam","<h2 dir=""auto"">Profile summary</h2><p dir=""auto"">Mohammed Asam runs out of Bradford in West Yorkshire, with the profile tied to the BD2 district. Nearby spots like Leeds, Shipley, Pudsey, and Baildon sit inside the usual working area. A lot of collection work here starts around Broadway and Forster Square.</p><h3 dir=""auto"">The vehicle</h3><p dir=""auto"">Listed here is a medium wheelbase panel van, well suited to single items, a few boxes, or a small furniture run.</p><h3 dir=""auto"">Jobs on the profile</h3><p dir=""auto"">Jobs listed include motorbike transport, single-item collections, house removals, antiques, heavy or awkward goods, and vehicle transport. The job list is broad, from single items through to larger moves, so be specific about which you need.</p><p dir=""auto"">Give the driver something to work with, both postcodes, what is moving, stairs or lift, and timing, and the quote will be more accurate. It also helps to mention rough weights or sizes of the larger items and how the bike will be loaded and secured. No insurance details have been supplied through VanHub UK, so confirm cover directly before booking valuable or higher-risk work.</p>","https://framerusercontent.com/images/74yRCSFDqUH6HVBRhJ2WdDQ794.webp","","https://framerusercontent.com/images/SUN3A8zxFQjL4QFjunA3b6gCcnw.webp","","https://framerusercontent.com/images/7xFxF7YEZ36crGYyiwcyaEBoGk.webp","","https://framerusercontent.com/images/omzuUS1Y9BdxI4urAbkSJ6FrfA.webp","","","","https://framerusercontent.com/images/ceQ1QusSo96JydAUXoMTkQY77vc.webp","","https://framerusercontent.com/images/pEj6OyLZ1LjP2s4PsGqgqygb7Yk.webp","","https://framerusercontent.com/images/azUfSF1er2mSeE7AixHvDqMg340.webp","","false","false","Mohammed Asam, Man and Van Based in Bradford","Collections, moves and deliveries from Mohammed Asam in Bradford, West Yorkshire","Other Man and Van Businesses in Bradford","The Bradford board has a single driver on it. Put your name on it.","<p dir=""auto"">The Bradford board has a single driver on it. <a href=""/driver-signup-page"">Put your name on it</a>.</p>","Search for drivers in West Yorkshire","true"
"mr-darren-redmond-cardiff","Cardiff","Cardiff","","Mr Darren Redmond","","","https://www.facebook.com/share/1CuG9rxy78/","https://framerusercontent.com/images/GdKEvAzo1miBw0qhING3SWOBvI.webp","Default profile image for Mr Darren Redmond in Cardiff, South Glamorgan.","true","cardiff-south-wales","Penarth, Caerphilly, Bedwas, Risca, Splott, Cathays Park, Riverside, Cathays","07443343563","https://wa.me/447443343563","XLWB, LUTON","","Rubbish removal, motorbike transport, Single Items, Removals, Antiques","","","","","Mr Darren Redmond","<h2 dir=""auto"">Overview</h2><p dir=""auto"">Mr Darren Redmond runs out of Cardiff in South Glamorgan, with the profile tied to the CF3 district. That typically takes in Penarth, Caerphilly, Bedwas, and Risca among other nearby areas. For clearance loads the nearest household waste centre is Lamby Way HWRC.</p><h3 dir=""auto"">Van and load space</h3><p dir=""auto"">Listed here are an extra-long wheelbase panel van and a Luton van, which gives good load length for a small move or several larger items.</p><h3 dir=""auto"">What Mr covers</h3><p dir=""auto"">Jobs listed include motorbike transport, single-item collections, house removals, and antiques. With the moving work and that load space, this reads as a removals-focused setup rather than a courier one.</p><p dir=""auto"">Waste and clearance work should only go to a driver with valid waste carrier registration, so confirm this and how the load is disposed of first.</p><p dir=""auto"">When you get in touch, give the pickup and drop-off postcodes, what is moving, parking and stairs, and when you need it. It also helps to mention rough weights or sizes of the larger items and how the bike will be loaded and secured. No insurance details have been supplied through VanHub UK, so confirm cover directly before booking valuable or higher-risk work. A social page is linked, handy for a quick look at past work before booking.</p>","https://framerusercontent.com/images/74yRCSFDqUH6HVBRhJ2WdDQ794.webp","","https://framerusercontent.com/images/SUN3A8zxFQjL4QFjunA3b6gCcnw.webp","","https://framerusercontent.com/images/7xFxF7YEZ36crGYyiwcyaEBoGk.webp","","https://framerusercontent.com/images/omzuUS1Y9BdxI4urAbkSJ6FrfA.webp","","","","https://framerusercontent.com/images/ceQ1QusSo96JydAUXoMTkQY77vc.webp","","https://framerusercontent.com/images/pEj6OyLZ1LjP2s4PsGqgqygb7Yk.webp","","https://framerusercontent.com/images/azUfSF1er2mSeE7AixHvDqMg340.webp","","false","false","Mr Darren Redmond, Van and Driver in Cardiff","Removals and collections from Mr Darren Redmond in Cardiff","Other Man and Van Businesses in Cardiff","Cardiff has space for more independent drivers. Add your details here.","<p dir=""auto"">Cardiff has space for more independent drivers. <a href=""/driver-signup-page"">Add your details here</a>.</p>","Search for drivers in South Glamorgan","true"
"swift-removals-dorset-shaftesbury","Shaftesbury","Dorset","","Mr Ryan Samuels","Swift Removals Dorset","https://swiftremovalsdorset.co.uk","","https://framerusercontent.com/images/GdKEvAzo1miBw0qhING3SWOBvI.webp","Default profile image for Swift Removals Dorset in Shaftesbury, Dorset.","true","shaftesbury-dorset","Gillingham, Mere, Alcester, Ivy Cross, Enmore Green, Cann, West Melbury, Cann Common","07752073266","https://wa.me/447752073266","Luton no tailift, Luton with tailift","","Removals, Antiques, Heavy Goods","Yes","","","","Swift Removals Dorset","<h2 dir=""auto"">In brief</h2><p dir=""auto"">Swift Removals Dorset covers Shaftesbury and the surrounding Dorset area, working out of the SP7 postcode. Customers around Gillingham, Mere, Alcester, and Ivy Cross may also find this a useful option. Between-property moves are common, with Barn Store and Blu Brik among the local storage options.</p><h3 dir=""auto"">Work covered</h3><p dir=""auto"">Jobs listed include house removals, antiques, and heavy or awkward goods. An extra pair of hands is listed, useful where items need two people. With the moving work and that load space, this reads as a removals-focused setup rather than a courier one.</p><h3 dir=""auto"">Van and load space</h3><p dir=""auto"">The profile lists a Luton (no tail lift) and a Luton with a tail lift, which gives plenty of load height for furniture and boxed goods.</p><h3 dir=""auto"">Making contact</h3><p dir=""auto"">When you get in touch, give the pickup and drop-off postcodes, what is moving, parking and stairs, and when you need it. It also helps to mention rough weights or sizes of the larger items. No insurance details have been supplied through VanHub UK, so confirm cover directly before booking valuable or higher-risk work. A website is linked on the profile, handy for a look before you make contact.</p>","https://framerusercontent.com/images/74yRCSFDqUH6HVBRhJ2WdDQ794.webp","","https://framerusercontent.com/images/SUN3A8zxFQjL4QFjunA3b6gCcnw.webp","","https://framerusercontent.com/images/7xFxF7YEZ36crGYyiwcyaEBoGk.webp","","https://framerusercontent.com/images/omzuUS1Y9BdxI4urAbkSJ6FrfA.webp","","","","https://framerusercontent.com/images/ceQ1QusSo96JydAUXoMTkQY77vc.webp","","https://framerusercontent.com/images/pEj6OyLZ1LjP2s4PsGqgqygb7Yk.webp","","https://framerusercontent.com/images/azUfSF1er2mSeE7AixHvDqMg340.webp","","false","false","Swift Removals Dorset, Collections and Removals in Shaftesbury","What Mr Ryan Samuels takes on around Shaftesbury and Dorset","Other Man and Van Businesses in Shaftesbury","Nobody has joined Mr Ryan Samuels on the Shaftesbury listings yet. Claim a spot.","<p dir=""auto"">Nobody has joined Mr Ryan Samuels on the Shaftesbury listings yet. <a href=""/driver-signup-page"">Claim a spot</a>.</p>","Search for drivers in Dorset","true"
"moveonaxis-ltd-birmingham","Birmingham","West Midlands","","Muhammad Sufyan","Moveonaxis Ltd","https://www.moveonaxis.co.uk","","https://framerusercontent.com/images/GdKEvAzo1miBw0qhING3SWOBvI.webp","Default profile image for Moveonaxis Ltd in Birmingham, West Midlands.","true","birmingham-west-midlands","Smethwick, Sutton Coldfield, Solihull, Oldbury, West Bromwich, Blackheath, Wednesbury, Walsall","07405568574","https://wa.me/447405568574","XLWB, Luton tailift, Curtainsider 3.5t, Luton no tailift, LWB","","Rubbish, Motorbike, Single Items, Removals, Antiques, Heavy Goods, Business deliveries, Multi-drops","Yes","","","","Moveonaxis Ltd","<h2 dir=""auto"">At a glance</h2><p dir=""auto"">Based in Birmingham (B8), Moveonaxis Ltd takes on man and van work across West Midlands. That typically takes in Smethwick, Sutton Coldfield, Solihull, and Oldbury among other nearby areas.</p><h3 dir=""auto"">Vehicle and services</h3><p dir=""auto"">Listed here are a few vehicles, including an extra-long wheelbase panel van and a Luton with a tail lift, which gives good load length for a small move or several larger items. Jobs listed include motorbike transport, single-item collections, house removals, antiques, heavy or awkward goods, business and general man and van work, and parcels and multi-drop work. An extra pair of hands is listed, useful where items need two people. The mix leans towards house moves and bulkier loads rather than light courier drops.</p><h3 dir=""auto"">Working Birmingham</h3><p dir=""auto"">For clearance loads the nearest household waste centre is Birmingham HRCs. Shop and store pickups often come off Bullring and Grand Central.</p><p dir=""auto"">Waste and clearance work should only go to a driver with valid waste carrier registration, so confirm this and how the load is disposed of first.</p><p dir=""auto"">For a sensible price, send both postcodes, a quick item list, access at each end, and your date. It also helps to mention rough weights or sizes of the larger items and how the bike will be loaded and secured. Insurance details have been supplied to VanHub UK, though it is still worth checking the cover suits your particular job. A website is linked on the profile, handy for a look before you make contact.</p>","https://framerusercontent.com/images/74yRCSFDqUH6HVBRhJ2WdDQ794.webp","","https://framerusercontent.com/images/SUN3A8zxFQjL4QFjunA3b6gCcnw.webp","","https://framerusercontent.com/images/7xFxF7YEZ36crGYyiwcyaEBoGk.webp","","https://framerusercontent.com/images/omzuUS1Y9BdxI4urAbkSJ6FrfA.webp","","","","https://framerusercontent.com/images/ceQ1QusSo96JydAUXoMTkQY77vc.webp","","https://framerusercontent.com/images/pEj6OyLZ1LjP2s4PsGqgqygb7Yk.webp","","https://framerusercontent.com/images/azUfSF1er2mSeE7AixHvDqMg340.webp","","true","false","Moveonaxis Ltd, Deliveries and Man and Van in Birmingham","Muhammad Sufyan takes van work across Birmingham and West Midlands","Other Man and Van Businesses in Birmingham","Nobody has joined Muhammad Sufyan on the Birmingham listings yet. Claim a spot.","<p dir=""auto"">Nobody has joined Muhammad Sufyan on the Birmingham listings yet. <a href=""/driver-signup-page"">Claim a spot</a>.</p>","Search for drivers in West Midlands","true"
"north-west-logistics-and-transport-ltd-oldham","Oldham","Greater Manchester","","Muhammad Umar Riaz","North West Logistics and Transport Ltd","https://logisticsnorthwest.co.uk/same-day-courier/","","https://framerusercontent.com/images/GdKEvAzo1miBw0qhING3SWOBvI.webp","Default profile image for North West Logistics and Transport Ltd in Oldham, Greater Manchester.","true","oldham-greater-manchester","Manchester, Salford, Chadderton, Royton, Shaw, Failsworth, Middleton, Ashton-Under-Lyne","07549381535","https://wa.me/447549381535","LWB, Luton no tailift, Luton with tailift","","","Yes","","","","North West Logistics and Transport Ltd","<h2 dir=""auto"">Overview</h2><p dir=""auto"">Based in Oldham (OL9), North West Logistics and Transport Ltd takes on man and van work across Greater Manchester. That typically takes in Manchester, Salford, Chadderton, and Royton among other nearby areas.</p><h3 dir=""auto"">The vehicle</h3><p dir=""auto"">The profile lists a few vehicles, including a long wheelbase panel van and a Luton (no tail lift), handy for single items, furniture, and smaller moves.</p><h3 dir=""auto"">Around Oldham</h3><p dir=""auto"">Local runs mostly follow the M60, A62 and A627, so timing around those routes matters more than raw mileage.</p><h3 dir=""auto"">Getting a useful quote</h3><p dir=""auto"">A clear message beats a vague one: list the items, both postcodes, floor levels, and parking, plus the date you want. The driver has supplied insurance details to VanHub UK. Confirm the cover fits your items before agreeing anything valuable. There is a website linked, so there is more background to check before getting in touch.</p>","https://framerusercontent.com/images/74yRCSFDqUH6HVBRhJ2WdDQ794.webp","","https://framerusercontent.com/images/SUN3A8zxFQjL4QFjunA3b6gCcnw.webp","","https://framerusercontent.com/images/7xFxF7YEZ36crGYyiwcyaEBoGk.webp","","https://framerusercontent.com/images/omzuUS1Y9BdxI4urAbkSJ6FrfA.webp","","","","https://framerusercontent.com/images/ceQ1QusSo96JydAUXoMTkQY77vc.webp","","https://framerusercontent.com/images/pEj6OyLZ1LjP2s4PsGqgqygb7Yk.webp","","https://framerusercontent.com/images/azUfSF1er2mSeE7AixHvDqMg340.webp","","true","false","North West Logistics and Transport Ltd, Man and Van Based in Oldham","Muhammad Umar Riaz takes van work across Oldham and Greater Manchester","Other Man and Van Businesses in Oldham","Oldham could do with more listed drivers than Muhammad Umar Riaz alone. Add your van.","<p dir=""auto"">Oldham could do with more listed drivers than Muhammad Umar Riaz alone. <a href=""/driver-signup-page"">Add your van</a>.</p>","Search for drivers in Greater Manchester","true"
"muhmoodul-haque-london","Poplar","Tower Hamlets","poplar-tower-hamlets","Muhmoodul Haque","","","","https://framerusercontent.com/images/GdKEvAzo1miBw0qhING3SWOBvI.webp","Default profile image for Muhmoodul Haque in London, Tower Hamlets.","false","","Westminster, Finsbury, Bermondsey, Marylebone, Stepney, Islington, Bethnal Green, Lambeth","07424882763","https://wa.me/447424882763","LUTON (TAILLIFT)","","Rubbish removal, customer can travel, motorbike transport, Single Items, Removals, Antiques, Heavy Goods","","","","","Muhmoodul Haque","<h2 dir=""auto"">In brief</h2><p dir=""auto"">Muhmoodul Haque is a Tower Hamlets-based man and van listing, set up around the E14 area of Tower Hamlets. Nearby spots like Westminster, Finsbury, Bermondsey, and Marylebone sit inside the usual working area.</p><h3 dir=""auto"">Vehicle and services</h3><p dir=""auto"">You are looking at a Luton with a tail lift, so appliances, furniture, and heavier single items can be wheeled up rather than lifted by hand. Jobs listed include motorbike transport, single-item collections, house removals, antiques, and heavy or awkward goods. With the moving work and that load space, this reads as a removals-focused setup rather than a courier one.</p><p dir=""auto"">For any rubbish, clearance or waste jobs, check the driver holds valid waste carrier registration and disposes of loads properly before booking.</p><p dir=""auto"">For a sensible price, send both postcodes, a quick item list, access at each end, and your date. It also helps to mention rough weights or sizes of the larger items and how the bike will be loaded and secured. Insurance has not been supplied through VanHub UK. Check cover with the driver before handing over anything of value.</p>","https://framerusercontent.com/images/74yRCSFDqUH6HVBRhJ2WdDQ794.webp","","https://framerusercontent.com/images/SUN3A8zxFQjL4QFjunA3b6gCcnw.webp","","https://framerusercontent.com/images/7xFxF7YEZ36crGYyiwcyaEBoGk.webp","","https://framerusercontent.com/images/omzuUS1Y9BdxI4urAbkSJ6FrfA.webp","","","","https://framerusercontent.com/images/ceQ1QusSo96JydAUXoMTkQY77vc.webp","","https://framerusercontent.com/images/pEj6OyLZ1LjP2s4PsGqgqygb7Yk.webp","","https://framerusercontent.com/images/azUfSF1er2mSeE7AixHvDqMg340.webp","","false","false","Muhmoodul Haque, Van Driver Covering Poplar","Muhmoodul Haque covers Poplar and the wider Tower Hamlets area","Other Man and Van Businesses in London","Muhmoodul Haque is the sole listed driver in Poplar right now. Get yourself listed.","<p dir=""auto"">Muhmoodul Haque is the sole listed driver in Poplar right now. <a href=""/driver-signup-page"">Get yourself listed</a>.</p>","Search for drivers in Tower Hamlets","true"
"nsm-logistics-services-gateshead","Gateshead","Tyne and Wear","","Naeem Shafi","NSM Logistics Services","","","https://framerusercontent.com/images/qZs956YMhc3bB4Lrg1tw7Lgbx8E.webp","Profile image for NSM Logistics Services in Gateshead, Tyne and Wear.","false","gateshead-tyne-and-wear","Newcastle upon Tyne, Sunderland, Whickham, Blaydon, Washington, Wallsend, Hebburn, Rowlands Gill","07879507723","https://wa.me/447879507723","SWB panel, MWB panel","","UK Wide, Single Item, Local, Small Removals","Yes","","","","NSM Logistics Services","<h2 dir=""auto"">The rundown</h2><p dir=""auto"">Working from NE8 in Gateshead, NSM Logistics Services handles jobs across Tyne and Wear and nearby. That puts Newcastle upon Tyne, Sunderland, Whickham, and Blaydon within easy reach for collections and drop-offs.</p><h3 dir=""auto"">The vehicle</h3><p dir=""auto"">You are looking at a short wheelbase panel van and a medium wheelbase panel van, well suited to single items, a few boxes, or a small furniture run.</p><h3 dir=""auto"">What Naeem covers</h3><p dir=""auto"">Jobs listed include UK-wide courier runs, single-item collections, local courier work, and small house moves. Porter help is shown as available, which matters for two-person lifts or stairs.</p><h3 dir=""auto"">Local jobs</h3><p dir=""auto"">Shop and store pickups often come off Gateshead town centre and Team Valley Trading Estate. Between-property moves are common, with Gateshead Self Storage among the local storage options.</p><p dir=""auto"">For a sensible price, send both postcodes, a quick item list, access at each end, and your date. There is no insurance on file with VanHub UK, so it is worth confirming cover directly, especially for anything valuable.</p>","https://framerusercontent.com/images/74yRCSFDqUH6HVBRhJ2WdDQ794.webp","","https://framerusercontent.com/images/SUN3A8zxFQjL4QFjunA3b6gCcnw.webp","","https://framerusercontent.com/images/7xFxF7YEZ36crGYyiwcyaEBoGk.webp","","https://framerusercontent.com/images/omzuUS1Y9BdxI4urAbkSJ6FrfA.webp","","","","https://framerusercontent.com/images/ceQ1QusSo96JydAUXoMTkQY77vc.webp","","https://framerusercontent.com/images/pEj6OyLZ1LjP2s4PsGqgqygb7Yk.webp","","https://framerusercontent.com/images/azUfSF1er2mSeE7AixHvDqMg340.webp","","false","false","NSM Logistics Services, Man and Van Based in Gateshead","Man and van coverage from Naeem Shafi in Gateshead and Tyne and Wear","Other Man and Van Businesses in Gateshead","The Gateshead board has a single driver on it. Put your name on it.","<p dir=""auto"">The Gateshead board has a single driver on it. <a href=""/driver-signup-page"">Put your name on it</a>.</p>","Search for drivers in Tyne and Wear","true"
"the-tiny-demolition-company-carlisle","Carlisle","Cumbria","","Nicholas Claridge","The Tiny Demolition Company","https://www.tinydemolition.co.uk","","https://framerusercontent.com/images/GdKEvAzo1miBw0qhING3SWOBvI.webp","Default profile image for The Tiny Demolition Company in Carlisle, Cumbria.","true","carlisle-cumbria","Newtown, Longsowerby, Willow Holme, Currock, Denton Holme, Morton, Belle Vue, Botcherby","07471895423","https://wa.me/447471895423","3.5 tonne tipper","","Rubbish Removal","Yes","","","","The Tiny Demolition Company","<h2 dir=""auto"">At a glance</h2><p dir=""auto"">The Tiny Demolition Company runs out of Carlisle in Cumbria, with the profile tied to the CA3 district. Nearby spots like Newtown, Longsowerby, Willow Holme, and Currock sit inside the usual working area. For clearance loads the nearest household waste centre is Carlisle HWRC.</p><h3 dir=""auto"">What the van handles</h3><p dir=""auto"">The profile lists a tipper, aimed more at loose loads and clearance work than boxed household moves.</p><p dir=""auto"">For any rubbish, clearance or waste jobs, check the driver holds valid waste carrier registration and disposes of loads properly before booking.</p><h3 dir=""auto"">Getting a price</h3><p dir=""auto"">A clear message beats a vague one: list the items, both postcodes, floor levels, and parking, plus the date you want. No insurance details have been supplied through VanHub UK, so confirm cover directly before booking valuable or higher-risk work. A website is linked on the profile, handy for a look before you make contact.</p>","https://framerusercontent.com/images/74yRCSFDqUH6HVBRhJ2WdDQ794.webp","","https://framerusercontent.com/images/SUN3A8zxFQjL4QFjunA3b6gCcnw.webp","","https://framerusercontent.com/images/7xFxF7YEZ36crGYyiwcyaEBoGk.webp","","https://framerusercontent.com/images/omzuUS1Y9BdxI4urAbkSJ6FrfA.webp","","","","https://framerusercontent.com/images/ceQ1QusSo96JydAUXoMTkQY77vc.webp","","https://framerusercontent.com/images/pEj6OyLZ1LjP2s4PsGqgqygb7Yk.webp","","https://framerusercontent.com/images/azUfSF1er2mSeE7AixHvDqMg340.webp","","false","false","The Tiny Demolition Company, Collections and Removals in Carlisle","Where Nicholas Claridge works: Carlisle and across Cumbria","Other Man and Van Businesses in Carlisle","Just one van is listed for Carlisle at this point. List yours next.","<p dir=""auto"">Just one van is listed for Carlisle at this point. <a href=""/driver-signup-page"">List yours next</a>.</p>","Search for drivers in Cumbria","true"
"nigel-pickford-blackpool","Blackpool","Lancashire","","Nigel pickford","","","","https://framerusercontent.com/images/GdKEvAzo1miBw0qhING3SWOBvI.webp","Default profile image for Nigel pickford in Blackpool, Lancashire.","false","blackpool-lancashire","Poulton-Le-Fylde, Thornton, Cleveleys, Lytham St Anne's, Fleetwood, Kirkham, Freckleton, Layton","07563315907","https://wa.me/447563315907","Mercedes sprinter curtainsider","","motorbike transport","","","","","Nigel pickford","<h2 dir=""auto"">At a glance</h2><p dir=""auto"">Based in Blackpool (FY1), Nigel pickford takes on man and van work across Lancashire. Customers around Poulton-Le-Fylde, Thornton, Cleveleys, and Lytham St Anne's may also find this a useful option. Expect the M55, A583 and A584 to carry most of the traffic, so peak-time access is worth flagging up front.</p><h3 dir=""auto"">Jobs on the profile</h3><p dir=""auto"">Jobs listed include motorbike transport. Motorbike transport sits alongside the general work, so it suits bike moves as well as boxes.</p><h3 dir=""auto"">What the van handles</h3><p dir=""auto"">Listed here is a curtainsider, which suits larger loads, palletised goods, and heavier commercial work.</p><p dir=""auto"">Give the driver something to work with, both postcodes, what is moving, stairs or lift, and timing, and the quote will be more accurate. It also helps to mention rough weights or sizes of the larger items and how the bike will be loaded and secured. Insurance has not been supplied through VanHub UK. Check cover with the driver before handing over anything of value.</p>","https://framerusercontent.com/images/74yRCSFDqUH6HVBRhJ2WdDQ794.webp","","https://framerusercontent.com/images/SUN3A8zxFQjL4QFjunA3b6gCcnw.webp","","https://framerusercontent.com/images/7xFxF7YEZ36crGYyiwcyaEBoGk.webp","","https://framerusercontent.com/images/omzuUS1Y9BdxI4urAbkSJ6FrfA.webp","","","","https://framerusercontent.com/images/ceQ1QusSo96JydAUXoMTkQY77vc.webp","","https://framerusercontent.com/images/pEj6OyLZ1LjP2s4PsGqgqygb7Yk.webp","","https://framerusercontent.com/images/azUfSF1er2mSeE7AixHvDqMg340.webp","","false","false","Nigel pickford, Van Driver in Blackpool","Removals and collections from Nigel pickford in Blackpool, Lancashire","Other Man and Van Businesses in Blackpool","Blackpool has space for more independent drivers. Add your details here.","<p dir=""auto"">Blackpool has space for more independent drivers. <a href=""/driver-signup-page"">Add your details here</a>.</p>","Search for drivers in Lancashire","true"
"courier-fast-thetford","Thetford","Norfolk","","Nuno Pascoa","Courier Fast","","","https://framerusercontent.com/images/GdKEvAzo1miBw0qhING3SWOBvI.webp","Default profile image for Courier Fast in Thetford, Norfolk.","false","thetford-norfolk","Croxton, Barnham, Euston, Rushford, Elveden, Brettenham, Shadwell, Santon Downham","07478057967","https://wa.me/447478057967","LWB panel","","","","","","","Courier Fast","<h2 dir=""auto"">Profile summary</h2><p dir=""auto"">Courier Fast covers Thetford and the surrounding Norfolk area, working out of the IP24 postcode. Customers around Croxton, Barnham, Euston, and Rushford may also find this a useful option. Local runs mostly follow the A11, A134 and A1066, so timing around those routes matters more than raw mileage.</p><h3 dir=""auto"">The van</h3><p dir=""auto"">The profile lists a long wheelbase panel van, a sensible size for single items and lighter moves.</p><p dir=""auto"">To get a quote worth having, describe the load, both postcodes, and any access issues rather than asking for a flat rate. There is no insurance on file with VanHub UK, so it is worth confirming cover directly, especially for anything valuable.</p>","https://framerusercontent.com/images/74yRCSFDqUH6HVBRhJ2WdDQ794.webp","","https://framerusercontent.com/images/SUN3A8zxFQjL4QFjunA3b6gCcnw.webp","","https://framerusercontent.com/images/7xFxF7YEZ36crGYyiwcyaEBoGk.webp","","https://framerusercontent.com/images/omzuUS1Y9BdxI4urAbkSJ6FrfA.webp","","","","https://framerusercontent.com/images/ceQ1QusSo96JydAUXoMTkQY77vc.webp","","https://framerusercontent.com/images/pEj6OyLZ1LjP2s4PsGqgqygb7Yk.webp","","https://framerusercontent.com/images/azUfSF1er2mSeE7AixHvDqMg340.webp","","false","false","Courier Fast, Man and Van Driver in Thetford","Van work from Nuno Pascoa across Thetford and Norfolk","Other Man and Van Businesses in Thetford","Nuno Pascoa is the only driver covering Thetford on the platform so far. Put your van on the list.","<p dir=""auto"">Nuno Pascoa is the only driver covering Thetford on the platform so far. <a href=""/driver-signup-page"">Put your van on the list</a>.</p>","Search for drivers in Norfolk","true"
"alveeva365-ltd-harrogate","Harrogate","North Yorkshire","","Odukunle Odubanwo","Alveeva365 Ltd","","","https://framerusercontent.com/images/GdKEvAzo1miBw0qhING3SWOBvI.webp","Default profile image for Alveeva365 Ltd in Harrogate, North Yorkshire.","false","harrogate-north-yorkshire","Ripon, Knaresborough, Wetherby, Otley, High Harrogate, New Park, Oakdale, Oatlands","07933779155","https://wa.me/447933779155","LWB panel","","Single Items, Removals, Customer travel, customer can travel","","","","","Alveeva365 Ltd","<h2 dir=""auto"">Overview</h2><p dir=""auto"">Alveeva365 Ltd covers Harrogate and the surrounding North Yorkshire area, working out of the HG2 postcode. That typically takes in Ripon, Knaresborough, Wetherby, and Otley among other nearby areas. Shop and store pickups often come off Harrogate town centre and Parliament Street.</p><h3 dir=""auto"">Van and load space</h3><p dir=""auto"">You are looking at a long wheelbase panel van, well suited to single items, a few boxes, or a small furniture run.</p><h3 dir=""auto"">What Odukunle covers</h3><p dir=""auto"">Jobs listed include single-item collections and house removals.</p><h3 dir=""auto"">Before you book</h3><p dir=""auto"">A clear message beats a vague one: list the items, both postcodes, floor levels, and parking, plus the date you want. No insurance details have been supplied through VanHub UK, so confirm cover directly before booking valuable or higher-risk work.</p>","https://framerusercontent.com/images/74yRCSFDqUH6HVBRhJ2WdDQ794.webp","","https://framerusercontent.com/images/SUN3A8zxFQjL4QFjunA3b6gCcnw.webp","","https://framerusercontent.com/images/7xFxF7YEZ36crGYyiwcyaEBoGk.webp","","https://framerusercontent.com/images/omzuUS1Y9BdxI4urAbkSJ6FrfA.webp","","","","https://framerusercontent.com/images/ceQ1QusSo96JydAUXoMTkQY77vc.webp","","https://framerusercontent.com/images/pEj6OyLZ1LjP2s4PsGqgqygb7Yk.webp","","https://framerusercontent.com/images/azUfSF1er2mSeE7AixHvDqMg340.webp","","false","false","Alveeva365 Ltd, Man and Van Driver in Harrogate","Odukunle Odubanwo, working Harrogate and the rest of North Yorkshire","Other Man and Van Businesses in Harrogate","Nobody else has listed a van in Harrogate yet. If you work the area, get your profile up.","<p dir=""auto"">Nobody else has listed a van in Harrogate yet. If you work the area, <a href=""/driver-signup-page"">get your profile up</a>.</p>","Search for drivers in North Yorkshire","true"
"vandad-and-vansons-livingston","Livingston","West Lothian","","Paul Kelly","Vandad and Vansons","https://vandadnvansons.co.uk","","https://framerusercontent.com/images/GdKEvAzo1miBw0qhING3SWOBvI.webp","Default profile image for Vandad and Vansons in Livingston, West Lothian.","true","livingston-west-lothian","Bathgate, Linlithgow, Queensferry, Whitburn, Armadale, Bo'ness, Craigshill, Pumpherston","07729282152","https://wa.me/447729282152","LWB panel","","Rubbish, Motorbike, Single Items, Removals, Antiques, Heavy Goods, Vehicle transport, Rubbish removal, motorbike transport","Yes","","","","Vandad and Vansons","<h2 dir=""auto"">The essentials</h2><p dir=""auto"">Vandad and Vansons is a Livingston-based man and van listing, set up around the EH54 area of West Lothian. Customers around Bathgate, Linlithgow, Queensferry, and Whitburn may also find this a useful option.</p><h3 dir=""auto"">Vehicle and services</h3><p dir=""auto"">Listed here is a long wheelbase panel van, a sensible size for single items and lighter moves. Jobs listed include motorbike transport, single-item collections, house removals, antiques, heavy or awkward goods, and vehicle transport. An extra pair of hands is listed, useful where items need two people. The job list is broad, from single items through to larger moves, so be specific about which you need.</p><h3 dir=""auto"">Working Livingston</h3><p dir=""auto"">For clearance loads the nearest household waste centre is Oakbank Livingston CRC.</p><p dir=""auto"">For any rubbish, clearance or waste jobs, check the driver holds valid waste carrier registration and disposes of loads properly before booking.</p><h3 dir=""auto"">Sorting a quote</h3><p dir=""auto"">A clear message beats a vague one: list the items, both postcodes, floor levels, and parking, plus the date you want. It also helps to mention rough weights or sizes of the larger items and how the bike will be loaded and secured. Insurance has been provided through VanHub UK, but ask that the cover matches your goods before you commit. There is a website linked, so there is more background to check before getting in touch.</p>","https://framerusercontent.com/images/74yRCSFDqUH6HVBRhJ2WdDQ794.webp","","https://framerusercontent.com/images/SUN3A8zxFQjL4QFjunA3b6gCcnw.webp","","https://framerusercontent.com/images/7xFxF7YEZ36crGYyiwcyaEBoGk.webp","","https://framerusercontent.com/images/omzuUS1Y9BdxI4urAbkSJ6FrfA.webp","","","","https://framerusercontent.com/images/ceQ1QusSo96JydAUXoMTkQY77vc.webp","","https://framerusercontent.com/images/pEj6OyLZ1LjP2s4PsGqgqygb7Yk.webp","","https://framerusercontent.com/images/azUfSF1er2mSeE7AixHvDqMg340.webp","","true","false","Vandad and Vansons, Van Driver in Livingston","Van driver Paul Kelly, covering Livingston and West Lothian","Other Man and Van Businesses in Livingston","Paul Kelly is currently the only listed driver in Livingston. If you run a van locally, list your van here.","<p dir=""auto"">Paul Kelly is currently the only listed driver in Livingston. If you run a van locally, <a href=""/driver-signup-page"">list your van here</a>.</p>","Search for drivers in West Lothian","true"
"paul-ryan-derby","Derby","Derbyshire","","Paul Ryan","","","","https://framerusercontent.com/images/GdKEvAzo1miBw0qhING3SWOBvI.webp","Default profile image for Paul Ryan in Derby, Derbyshire.","false","derby-derbyshire","Belper, Ilkeston, Heanor, Long Eaton, Stapleford, Eastwood, Ripley, Litchurch","07773300172","https://wa.me/447773300172","Lwb sprinter 4.2 meters long 4 pallets or 5 euro pallets","","customer can travel, motorbike transport","","","","","Paul Ryan","<h2 dir=""auto"">About this profile</h2><p dir=""auto"">Working from DE1 in Derby, Paul Ryan handles jobs across Derbyshire and nearby. Nearby spots like Belper, Ilkeston, Heanor, and Long Eaton sit inside the usual working area.</p><h3 dir=""auto"">What the van handles</h3><p dir=""auto"">Listed here is a long wheelbase panel van, handy for single items, furniture, and smaller moves.</p><h3 dir=""auto"">Jobs on the profile</h3><p dir=""auto"">Jobs listed include motorbike transport. Motorbike transport sits alongside the general work, so it suits bike moves as well as boxes.</p><h3 dir=""auto"">Local jobs</h3><p dir=""auto"">Expect the A38, A52 and A6 to carry most of the traffic, so peak-time access is worth flagging up front.</p><p dir=""auto"">To get a quote worth having, describe the load, both postcodes, and any access issues rather than asking for a flat rate. It also helps to mention how the bike will be loaded and secured. There is no insurance on file with VanHub UK, so it is worth confirming cover directly, especially for anything valuable.</p>","https://framerusercontent.com/images/74yRCSFDqUH6HVBRhJ2WdDQ794.webp","","https://framerusercontent.com/images/SUN3A8zxFQjL4QFjunA3b6gCcnw.webp","","https://framerusercontent.com/images/7xFxF7YEZ36crGYyiwcyaEBoGk.webp","","https://framerusercontent.com/images/omzuUS1Y9BdxI4urAbkSJ6FrfA.webp","","","","https://framerusercontent.com/images/ceQ1QusSo96JydAUXoMTkQY77vc.webp","","https://framerusercontent.com/images/pEj6OyLZ1LjP2s4PsGqgqygb7Yk.webp","","https://framerusercontent.com/images/azUfSF1er2mSeE7AixHvDqMg340.webp","","false","false","Paul Ryan, Man and Van Work in Derby","Removals and collections from Paul Ryan in Derby","Other Man and Van Businesses in Derby","If you run a van around Derby, the listings are wide open. Put your details up.","<p dir=""auto"">If you run a van around Derby, the listings are wide open. <a href=""/driver-signup-page"">Put your details up</a>.</p>","Search for drivers in Derbyshire","true"
"phillip-parnell-wigan","Wigan","Greater Manchester","","Phillip parnell","","","","https://framerusercontent.com/images/GdKEvAzo1miBw0qhING3SWOBvI.webp","Default profile image for Phillip parnell in Wigan, Greater Manchester.","false","wigan-greater-manchester","Ince in Makerfield, Hindley, Abram, Standish, Ashton-in-Makerfield, Westhoughton, Billinge, Horwich","07716194495","https://wa.me/447716194495","SWB","","Anything that will fit in my van","","","","","Phillip parnell","<h2 dir=""auto"">What you are looking at</h2><p dir=""auto"">Phillip parnell is a Wigan-based man and van profile, set up around the WN5 area of Greater Manchester. Customers around Ince in Makerfield, Hindley, Abram, and Standish may also find this a useful option.</p><h3 dir=""auto"">Van type and loading</h3><p dir=""auto"">Listed here is a short wheelbase panel van, a sensible size for single items and lighter moves.</p><h3 dir=""auto"">On the ground</h3><p dir=""auto"">Local runs mostly follow the M6, M58 and A49, so timing around those routes matters more than raw mileage.</p><p dir=""auto"">When you get in touch, give the pickup and drop-off postcodes, what is moving, parking and stairs, and when you need it. No insurance details have been supplied through VanHub UK, so confirm cover directly before booking valuable or higher-risk work.</p>","https://framerusercontent.com/images/74yRCSFDqUH6HVBRhJ2WdDQ794.webp","","https://framerusercontent.com/images/SUN3A8zxFQjL4QFjunA3b6gCcnw.webp","","https://framerusercontent.com/images/7xFxF7YEZ36crGYyiwcyaEBoGk.webp","","https://framerusercontent.com/images/omzuUS1Y9BdxI4urAbkSJ6FrfA.webp","","","","https://framerusercontent.com/images/ceQ1QusSo96JydAUXoMTkQY77vc.webp","","https://framerusercontent.com/images/pEj6OyLZ1LjP2s4PsGqgqygb7Yk.webp","","https://framerusercontent.com/images/azUfSF1er2mSeE7AixHvDqMg340.webp","","false","false","Phillip parnell, Man and Van in Wigan","Where Phillip parnell works: Wigan and across Greater Manchester","Other Man and Van Businesses in Wigan","Nobody has listed against Phillip parnell in Wigan yet. List your business here.","<p dir=""auto"">Nobody has listed against Phillip parnell in Wigan yet. <a href=""/driver-signup-page"">List your business here</a>.</p>","Search for drivers in Greater Manchester","true"
"ward-and-daughters-abingdon","Abingdon","Oxfordshire","","Phillip Ward","Ward And Daughters","https://wardanddaughters.org/","https://www.facebook.com/p/Ward-And-Daughters-Man-With-Van-61574559476447/","https://framerusercontent.com/images/GdKEvAzo1miBw0qhING3SWOBvI.webp","Default profile image for Ward And Daughters in Abingdon, Oxfordshire.","true","abingdon-oxfordshire","Oxford, Didcot, Wallingford, Kidlington, Wantage, Northcourt, Radley, Radley Park","07585080526","https://wa.me/447585080526","LWB panel","","Rubbish, Single Items, Removals, Heavy Goods, House Clearance, Antiques","Yes","","","","Ward And Daughters","<h2 dir=""auto"">In brief</h2><p dir=""auto"">Based in Abingdon (OX14), Ward And Daughters takes on man and van work across Oxfordshire. Customers around Oxford, Didcot, Wallingford, and Kidlington may also find this a useful option.</p><h3 dir=""auto"">The setup</h3><p dir=""auto"">Listed here is a long wheelbase panel van, a sensible size for single items and lighter moves. Jobs listed include single-item collections, house removals, heavy or awkward goods, and antiques. Porter help is shown as available, which matters for two-person lifts or stairs.</p><h3 dir=""auto"">The area</h3><p dir=""auto"">Rubbish runs round here usually head to Drayton / Redbridge HWRC.</p><p dir=""auto"">For any rubbish, clearance or waste jobs, check the driver holds valid waste carrier registration and disposes of loads properly before booking.</p><h3 dir=""auto"">Before you book</h3><p dir=""auto"">To get a quote worth having, describe the load, both postcodes, and any access issues rather than asking for a flat rate. It also helps to mention rough weights or sizes of the larger items. Insurance has not been supplied through VanHub UK. Check cover with the driver before handing over anything of value. A website and a social page are linked, worth a look before you commit.</p>","https://framerusercontent.com/images/74yRCSFDqUH6HVBRhJ2WdDQ794.webp","","https://framerusercontent.com/images/SUN3A8zxFQjL4QFjunA3b6gCcnw.webp","","https://framerusercontent.com/images/7xFxF7YEZ36crGYyiwcyaEBoGk.webp","","https://framerusercontent.com/images/omzuUS1Y9BdxI4urAbkSJ6FrfA.webp","","","","https://framerusercontent.com/images/ceQ1QusSo96JydAUXoMTkQY77vc.webp","","https://framerusercontent.com/images/pEj6OyLZ1LjP2s4PsGqgqygb7Yk.webp","","https://framerusercontent.com/images/azUfSF1er2mSeE7AixHvDqMg340.webp","","false","false","Ward And Daughters, Man and Van Driver in Abingdon","Phillip Ward takes van work across Abingdon and Oxfordshire","Other Man and Van Businesses in Abingdon","So far Phillip Ward is the only listing for Abingdon. List your own van.","<p dir=""auto"">So far Phillip Ward is the only listing for Abingdon. <a href=""/driver-signup-page"">List your own van</a>.</p>","Search for drivers in Oxfordshire","true"
"arda-express-ltd-rotherham","Rotherham","South Yorkshire","","Povilas Ardavicius","Arda Express Ltd","https://ardaexpress.co.uk/","https://www.facebook.com/p/Arda-express-61571634835893/","https://framerusercontent.com/images/GdKEvAzo1miBw0qhING3SWOBvI.webp","Default profile image for Arda Express Ltd in Rotherham, South Yorkshire.","true","rotherham-south-yorkshire","Sheffield, Rawmarsh, Swinton, Wath Upon Dearne, Mexborough, Maltby, Conisbrough, Bolton Upon Dearne","07904898963","https://wa.me/447904898963","XLWB panel, XLWB","","Same day paletized jobs","","","","","Arda Express Ltd","<h2 dir=""auto"">Profile summary</h2><p dir=""auto"">Arda Express Ltd is a Rotherham-based driver profile, set up around the S63 area of South Yorkshire. Nearby spots like Sheffield, Rawmarsh, Swinton, and Wath Upon Dearne sit inside the usual working area. Expect the M1, M18 and A630 to carry most of the traffic, so peak-time access is worth flagging up front. Flats around Rotherham Central bring the usual single-item and small-move jobs.</p><h3 dir=""auto"">Van and load space</h3><p dir=""auto"">Listed here is an extra-long wheelbase panel van, roomy enough for furniture runs or a modest house move.</p><p dir=""auto"">Give the driver something to work with, both postcodes, what is moving, stairs or lift, and timing, and the quote will be more accurate. It also helps to mention rough weights or sizes of the larger items. Insurance has not been supplied through VanHub UK. Check cover with the driver before handing over anything of value. There is a website and a social page on the profile, useful for a quick background check first.</p>","https://framerusercontent.com/images/74yRCSFDqUH6HVBRhJ2WdDQ794.webp","","https://framerusercontent.com/images/SUN3A8zxFQjL4QFjunA3b6gCcnw.webp","","https://framerusercontent.com/images/7xFxF7YEZ36crGYyiwcyaEBoGk.webp","","https://framerusercontent.com/images/omzuUS1Y9BdxI4urAbkSJ6FrfA.webp","","","","https://framerusercontent.com/images/ceQ1QusSo96JydAUXoMTkQY77vc.webp","","https://framerusercontent.com/images/pEj6OyLZ1LjP2s4PsGqgqygb7Yk.webp","","https://framerusercontent.com/images/azUfSF1er2mSeE7AixHvDqMg340.webp","","false","false","Arda Express Ltd, Removals and Man and Van in Rotherham","Povilas Ardavicius is available for van work in Rotherham and South Yorkshire","Other Man and Van Businesses in Rotherham","Rotherham has space for more independent drivers. Add your details here.","<p dir=""auto"">Rotherham has space for more independent drivers. <a href=""/driver-signup-page"">Add your details here</a>.</p>","Search for drivers in South Yorkshire","true"
"clearroute-transport-services-ltd-coventry","Coventry","West Midlands","","Przemyslaw Gonicki","Clearroute Transport Services Ltd","","https://www.facebook.com/share/1CJCi39Wmt/","https://framerusercontent.com/images/Qp6jfd27BjGBXBAdGkjv5UBB0Fk.png","Profile image for Clearroute Transport Services Ltd in Coventry, West Midlands.","true","coventry-west-midlands","Kenilworth, Bedworth, Royal Leamington Spa, Nuneaton, Warwick, Gosford Green, Cheylesmore, Spon End","07804641027","https://wa.me/447804641027","LWB panel","","Single Item, Small Removals, UK Wide, Local","Yes","","","","Clearroute Transport Services Ltd","<h2 dir=""auto"">The rundown</h2><p dir=""auto"">Clearroute Transport Services Ltd is a Coventry-based man and van profile, set up around the CV2 area of West Midlands. That puts Kenilworth, Bedworth, Royal Leamington Spa, and Nuneaton within easy reach for collections and drop-offs. Shop and store pickups often come off Coventry city centre and Arena Shopping Park. Storage runs come up a fair bit locally, Coventry Self Storage and Padstow Road included.</p><h3 dir=""auto"">What the van handles</h3><p dir=""auto"">Listed here is a long wheelbase panel van, well suited to single items, a few boxes, or a small furniture run.</p><h3 dir=""auto"">Jobs on the profile</h3><p dir=""auto"">Jobs listed include single-item collections, small house moves, UK-wide courier runs, and local courier work. Porter help is shown as available, which matters for two-person lifts or stairs.</p><h3 dir=""auto"">Getting a useful quote</h3><p dir=""auto"">Give the driver something to work with, both postcodes, what is moving, stairs or lift, and timing, and the quote will be more accurate. Insurance details have been supplied to VanHub UK, though it is still worth checking the cover suits your particular job. A social page is linked, handy for a quick look at past work before booking.</p>","https://framerusercontent.com/images/74yRCSFDqUH6HVBRhJ2WdDQ794.webp","","https://framerusercontent.com/images/SUN3A8zxFQjL4QFjunA3b6gCcnw.webp","","https://framerusercontent.com/images/7xFxF7YEZ36crGYyiwcyaEBoGk.webp","","https://framerusercontent.com/images/omzuUS1Y9BdxI4urAbkSJ6FrfA.webp","","","","https://framerusercontent.com/images/ceQ1QusSo96JydAUXoMTkQY77vc.webp","","https://framerusercontent.com/images/pEj6OyLZ1LjP2s4PsGqgqygb7Yk.webp","","https://framerusercontent.com/images/azUfSF1er2mSeE7AixHvDqMg340.webp","","true","false","Clearroute Transport Services Ltd, Man and Van Driver in Coventry","Man and Van Services from Przemyslaw Gonicki in Coventry, West Midlands","Other Man and Van Businesses in Coventry","No one else covers Coventry on the platform yet. Sign your van up.","<p dir=""auto"">No one else covers Coventry on the platform yet. <a href=""/driver-signup-page"">Sign your van up</a>.</p>","Search for drivers in West Midlands","true"
"randeep-samra-glasgow","Glasgow","City of Glasgow","","Randeep Samra","","https://www.rana-transport.co.uk","","https://framerusercontent.com/images/GdKEvAzo1miBw0qhING3SWOBvI.webp","Default profile image for Randeep Samra in Glasgow, South Lanarkshire.","true","glasgow-city-of-glasgow","Rutherglen, Milngavie, Kirkintilloch, Renfrew, Bearsden, Paisley, Clydebank, Barrhead","07397902500","https://wa.me/447397902500","SWB, LWB, XLWB, LUTON (TAILLIFT)","","Single Items, Removals","","","","","Randeep Samra","<h2 dir=""auto"">What you are looking at</h2><p dir=""auto"">Randeep Samra covers Glasgow and the surrounding South Lanarkshire area, working out of the G75 postcode. Customers around Rutherglen, Milngavie, Kirkintilloch, and Renfrew may also find this a useful option.</p><h3 dir=""auto"">Van and work</h3><p dir=""auto"">Listed here are a few vehicles, including a short wheelbase panel van and a long wheelbase panel van, well suited to single items, a few boxes, or a small furniture run. Jobs listed include single-item collections and house removals.</p><h3 dir=""auto"">On the ground</h3><p dir=""auto"">A lot of collection work here starts around Glasgow city centre and Buchanan Galleries and St Enoch.</p><h3 dir=""auto"">Sorting a quote</h3><p dir=""auto"">Give the driver something to work with, both postcodes, what is moving, stairs or lift, and timing, and the quote will be more accurate. Insurance has not been supplied through VanHub UK. Check cover with the driver before handing over anything of value. A website is linked on the profile, handy for a look before you make contact.</p>","https://framerusercontent.com/images/74yRCSFDqUH6HVBRhJ2WdDQ794.webp","","https://framerusercontent.com/images/SUN3A8zxFQjL4QFjunA3b6gCcnw.webp","","https://framerusercontent.com/images/7xFxF7YEZ36crGYyiwcyaEBoGk.webp","","https://framerusercontent.com/images/omzuUS1Y9BdxI4urAbkSJ6FrfA.webp","","","","https://framerusercontent.com/images/ceQ1QusSo96JydAUXoMTkQY77vc.webp","","https://framerusercontent.com/images/pEj6OyLZ1LjP2s4PsGqgqygb7Yk.webp","","https://framerusercontent.com/images/azUfSF1er2mSeE7AixHvDqMg340.webp","","false","false","Randeep Samra, Van and Driver in Glasgow","Randeep Samra, working in and around Glasgow","Other Man and Van Businesses in Glasgow","Only one van is listed in Glasgow at present. Put yours on too.","<p dir=""auto"">Only one van is listed in Glasgow at present. <a href=""/driver-signup-page"">Put yours on too</a>.</p>","Search for drivers in South Lanarkshire","true"
"robert-davies-preston","Preston","Lancashire","","Robert Davies","","","","https://framerusercontent.com/images/GdKEvAzo1miBw0qhING3SWOBvI.webp","Default profile image for Robert Davies in Preston, Lancashire.","false","preston-lancashire","Fulwood, Bamber Bridge, Leyland, Longridge, Freckleton, Kirkham, Chorley, Blackburn","07710453595","https://wa.me/447710453595","LUTON, Luton low loader with ramps","","Rubbish removal, motorbike transport, Single Items, Removals, Antiques, Heavy Goods","","","","","Robert Davies","<h2 dir=""auto"">What you are looking at</h2><p dir=""auto"">Working from PR3 in Preston, Robert Davies handles jobs across Lancashire and nearby. Customers around Fulwood, Bamber Bridge, Leyland, and Longridge may also find this a useful option. Rubbish runs round here usually head to Preston RC.</p><h3 dir=""auto"">What the van handles</h3><p dir=""auto"">The profile lists a Luton van, with the box body giving room for bulky household items.</p><h3 dir=""auto"">What this covers</h3><p dir=""auto"">Jobs listed include motorbike transport, single-item collections, house removals, antiques, and heavy or awkward goods. With the moving work and that load space, this reads as a removals-focused setup rather than a courier one.</p><p dir=""auto"">Waste and clearance work should only go to a driver with valid waste carrier registration, so confirm this and how the load is disposed of first.</p><h3 dir=""auto"">Getting a price</h3><p dir=""auto"">When you get in touch, give the pickup and drop-off postcodes, what is moving, parking and stairs, and when you need it. It also helps to mention rough weights or sizes of the larger items and how the bike will be loaded and secured. Insurance has not been supplied through VanHub UK. Check cover with the driver before handing over anything of value.</p>","https://framerusercontent.com/images/74yRCSFDqUH6HVBRhJ2WdDQ794.webp","","https://framerusercontent.com/images/SUN3A8zxFQjL4QFjunA3b6gCcnw.webp","","https://framerusercontent.com/images/7xFxF7YEZ36crGYyiwcyaEBoGk.webp","","https://framerusercontent.com/images/omzuUS1Y9BdxI4urAbkSJ6FrfA.webp","","","","https://framerusercontent.com/images/ceQ1QusSo96JydAUXoMTkQY77vc.webp","","https://framerusercontent.com/images/pEj6OyLZ1LjP2s4PsGqgqygb7Yk.webp","","https://framerusercontent.com/images/azUfSF1er2mSeE7AixHvDqMg340.webp","","false","false","Robert Davies, Man and Van Services in Preston","Robert Davies is available for van work in Preston and Lancashire","Other Man and Van Businesses in Preston","The Preston listings currently show one driver. Add a second.","<p dir=""auto"">The Preston listings currently show one driver. <a href=""/driver-signup-page"">Add a second</a>.</p>","Search for drivers in Lancashire","true"
"robs-haulage-bournemouth","Bournemouth","Dorset","","Robert Przygocki","Rob's Haulage","","https://www.facebook.com/share/1UigQVE9Ej/","https://framerusercontent.com/images/TVqOdRkUkGJvw8l3fJjecSPY3U4.jpeg","Profile image for Rob's Haulage in Robs Bournemouth, Dorset.","true","bournemouth-dorset","Poole, Christchurch, Wimborne Minster, Swanage, Ringwood, Westbourne, Meyrick Park, West Cliff","07783405787","https://wa.me/447783405787","LWB panel","","UK Wide, Single Item, Local, Small Removals","","","","","Rob's Haulage","<h2 dir=""auto"">At a glance</h2><p dir=""auto"">Rob's Haulage is a Bournemouth-based man and van listing, set up around the BH7 area of Dorset. That puts Poole, Christchurch, Wimborne Minster, and Swanage within easy reach for collections and drop-offs.</p><h3 dir=""auto"">What this covers</h3><p dir=""auto"">Jobs listed include UK-wide courier runs, single-item collections, local courier work, and small house moves.</p><h3 dir=""auto"">What the van handles</h3><p dir=""auto"">The profile lists a long wheelbase panel van, handy for single items, furniture, and smaller moves.</p><h3 dir=""auto"">The area</h3><p dir=""auto"">A lot of collection work here starts around Bournemouth town centre and Castlepoint.</p><h3 dir=""auto"">Making contact</h3><p dir=""auto"">Give the driver something to work with, both postcodes, what is moving, stairs or lift, and timing, and the quote will be more accurate. There is no insurance on file with VanHub UK, so it is worth confirming cover directly, especially for anything valuable. There is a social page on the profile, worth a glance before you commit.</p>","https://framerusercontent.com/images/74yRCSFDqUH6HVBRhJ2WdDQ794.webp","","https://framerusercontent.com/images/SUN3A8zxFQjL4QFjunA3b6gCcnw.webp","","https://framerusercontent.com/images/7xFxF7YEZ36crGYyiwcyaEBoGk.webp","","https://framerusercontent.com/images/omzuUS1Y9BdxI4urAbkSJ6FrfA.webp","","","","https://framerusercontent.com/images/ceQ1QusSo96JydAUXoMTkQY77vc.webp","","https://framerusercontent.com/images/pEj6OyLZ1LjP2s4PsGqgqygb7Yk.webp","","https://framerusercontent.com/images/azUfSF1er2mSeE7AixHvDqMg340.webp","","false","false","Rob's Haulage, Van Driver in Bournemouth","Where Robert Przygocki works: Bournemouth and across Dorset","Other Man and Van Businesses in Robs Haulage Bournemouth","Bournemouth is covered by a single listed driver so far. List your van as well.","<p dir=""auto"">Bournemouth is covered by a single listed driver so far. <a href=""/driver-signup-page"">List your van as well</a>.</p>","Search for drivers in Dorset","true"
"man-with-a-van-easingwold-york","York","North Yorkshire","","Ross Macleod","Man With a Van Easingwold","","https://www.facebook.com/manwithavaneasingwold/","https://framerusercontent.com/images/GdKEvAzo1miBw0qhING3SWOBvI.webp","Default profile image for Man With a Van Easingwold in York, North Yorkshire.","true","york-north-yorkshire","Tadcaster, Holgate, South Bank, Layerthorpe, Clifton, Nunthorpe, Heworth, Walmgate Stray","07492327592","https://wa.me/447492327592","Luton with tailift","","Motorbike, Single Items, Removals, Heavy Goods, Antiques, motorbike transport","Yes","","","","Man With a Van Easingwold","<h2 dir=""auto"">What you are looking at</h2><p dir=""auto"">Based in York (YO61), Man With a Van Easingwold takes on man and van work across North Yorkshire. Nearby spots like Tadcaster, Holgate, South Bank, and Layerthorpe sit inside the usual working area. Shop and store pickups often come off City centre and Monks Cross. Storage runs come up a fair bit locally, York Self Storage and Inner Space Stations included.</p><h3 dir=""auto"">Van and load space</h3><p dir=""auto"">You are looking at a Luton with a tail lift, handy when the load includes weighty goods, white goods, or anything hard to raise into a van.</p><h3 dir=""auto"">Work covered</h3><p dir=""auto"">Jobs listed include motorbike transport, single-item collections, house removals, heavy or awkward goods, and antiques. An extra pair of hands is listed, useful where items need two people. With the moving work and that load space, this reads as a removals-focused setup rather than a courier one.</p><p dir=""auto"">Give the driver something to work with, both postcodes, what is moving, stairs or lift, and timing, and the quote will be more accurate. It also helps to mention rough weights or sizes of the larger items and how the bike will be loaded and secured. No insurance details have been supplied through VanHub UK, so confirm cover directly before booking valuable or higher-risk work. There is a social page on the profile, worth a glance before you commit.</p>","https://framerusercontent.com/images/74yRCSFDqUH6HVBRhJ2WdDQ794.webp","","https://framerusercontent.com/images/SUN3A8zxFQjL4QFjunA3b6gCcnw.webp","","https://framerusercontent.com/images/7xFxF7YEZ36crGYyiwcyaEBoGk.webp","","https://framerusercontent.com/images/omzuUS1Y9BdxI4urAbkSJ6FrfA.webp","","","","https://framerusercontent.com/images/ceQ1QusSo96JydAUXoMTkQY77vc.webp","","https://framerusercontent.com/images/pEj6OyLZ1LjP2s4PsGqgqygb7Yk.webp","","https://framerusercontent.com/images/azUfSF1er2mSeE7AixHvDqMg340.webp","","false","false","Man With a Van Easingwold, Collections and Removals in York","Removals and collections from Ross Macleod in York","Other Man and Van Businesses in York","So far Ross Macleod is the only listing for York. List your own van.","<p dir=""auto"">So far Ross Macleod is the only listing for York. <a href=""/driver-signup-page"">List your own van</a>.</p>","Search for drivers in North Yorkshire","true"
"ryan-richardson-leeds","Leeds","West Yorkshire","","Ryan Richardson","","","","https://framerusercontent.com/images/GdKEvAzo1miBw0qhING3SWOBvI.webp","Default profile image for Ryan Richardson in Leeds, West Yorkshire.","false","leeds-west-yorkshire","Bradford, Wakefield, Horsforth, Rothwell, Pudsey, Morley, Garforth, Yeadon","07842564202","https://wa.me/447842564202","Mercedes sprinter LWB","","Full House Moves","","","","","Ryan Richardson","<h2 dir=""auto"">About this profile</h2><p dir=""auto"">Working from LS1 in Leeds, Ryan Richardson handles jobs across West Yorkshire and nearby. Nearby spots like Bradford, Wakefield, Horsforth, and Rothwell sit inside the usual working area.</p><h3 dir=""auto"">Van and work</h3><p dir=""auto"">The profile lists a long wheelbase panel van, a sensible size for single items and lighter moves. Jobs listed include larger house moves.</p><h3 dir=""auto"">Local jobs</h3><p dir=""auto"">Storage runs come up a fair bit locally, Big Yellow and Safestore included. Local runs mostly follow the M1, M62 and M621, so timing around those routes matters more than raw mileage.</p><h3 dir=""auto"">Getting a price</h3><p dir=""auto"">When you get in touch, give the pickup and drop-off postcodes, what is moving, parking and stairs, and when you need it. Insurance has not been supplied through VanHub UK. Check cover with the driver before handing over anything of value.</p>","https://framerusercontent.com/images/74yRCSFDqUH6HVBRhJ2WdDQ794.webp","","https://framerusercontent.com/images/SUN3A8zxFQjL4QFjunA3b6gCcnw.webp","","https://framerusercontent.com/images/7xFxF7YEZ36crGYyiwcyaEBoGk.webp","","https://framerusercontent.com/images/omzuUS1Y9BdxI4urAbkSJ6FrfA.webp","","","","https://framerusercontent.com/images/ceQ1QusSo96JydAUXoMTkQY77vc.webp","","https://framerusercontent.com/images/pEj6OyLZ1LjP2s4PsGqgqygb7Yk.webp","","https://framerusercontent.com/images/azUfSF1er2mSeE7AixHvDqMg340.webp","","false","false","Ryan Richardson, Collections and Removals in Leeds","Van driver Ryan Richardson, covering Leeds and West Yorkshire","Other Man and Van Businesses in Leeds","Only one van is listed in Leeds at present. Put yours on too.","<p dir=""auto"">Only one van is listed in Leeds at present. <a href=""/driver-signup-page"">Put yours on too</a>.</p>","Search for drivers in West Yorkshire","true"
"s-m-removals-ltd-downham-market","Downham Market","Norfolk","","Sebastian McCulloch","S M Removals Ltd","","","https://framerusercontent.com/images/GdKEvAzo1miBw0qhING3SWOBvI.webp","Default profile image for S M Removals Ltd in Downham Market, Norfolk.","false","downham-market-norfolk","Broomhill, Bexwell, Wimbotsham, Denver, Stow Bardolph, Crimplesham, Salters Lode, Barroway Drove","07561240011","https://wa.me/447561240011","Luton no tailift","","Removals","Yes","","","","S M Removals Ltd","<h2 dir=""auto"">What you are looking at</h2><p dir=""auto"">Based in Downham Market (PE38), S M Removals Ltd takes on man and van work across Norfolk. Nearby spots like Broomhill, Bexwell, Wimbotsham, and Denver sit inside the usual working area. Between-property moves are common, with PE38 and PE33 among the local storage options.</p><h3 dir=""auto"">The vehicle</h3><p dir=""auto"">Listed here is a Luton (no tail lift), with the box body giving room for bulky household items.</p><h3 dir=""auto"">What this covers</h3><p dir=""auto"">Jobs listed include house removals. Porter help is shown as available, which matters for two-person lifts or stairs. With the moving work and that load space, this reads as a removals-focused setup rather than a courier one.</p><p dir=""auto"">A clear message beats a vague one: list the items, both postcodes, floor levels, and parking, plus the date you want. It also helps to mention rough weights or sizes of the larger items. There is no insurance on file with VanHub UK, so it is worth confirming cover directly, especially for anything valuable.</p>","https://framerusercontent.com/images/74yRCSFDqUH6HVBRhJ2WdDQ794.webp","","https://framerusercontent.com/images/SUN3A8zxFQjL4QFjunA3b6gCcnw.webp","","https://framerusercontent.com/images/7xFxF7YEZ36crGYyiwcyaEBoGk.webp","","https://framerusercontent.com/images/omzuUS1Y9BdxI4urAbkSJ6FrfA.webp","","","","https://framerusercontent.com/images/ceQ1QusSo96JydAUXoMTkQY77vc.webp","","https://framerusercontent.com/images/pEj6OyLZ1LjP2s4PsGqgqygb7Yk.webp","","https://framerusercontent.com/images/azUfSF1er2mSeE7AixHvDqMg340.webp","","false","false","S M Removals Ltd, Man and Van Driver in Downham Market","Sebastian McCulloch takes van work across Downham Market and Norfolk","Other Man and Van Businesses in Downham Market","The Downham Market board has a single driver on it. Put your name on it.","<p dir=""auto"">The Downham Market board has a single driver on it. <a href=""/driver-signup-page"">Put your name on it</a>.</p>","Search for drivers in Norfolk","true"
"slav-atras-warrington","Warrington","Cheshire","","Slav Atras","","","","https://framerusercontent.com/images/GdKEvAzo1miBw0qhING3SWOBvI.webp","Default profile image for Slav Atras in Warrington, Cheshire.","false","warrington-cheshire","Newton-Le-Willows, Lymm, Haydock, Golborne, Widnes, Runcorn, Ashton-in-Makerfield, St Helens","07415206758","https://wa.me/447415206758","Citroen Relay XLWB, VW Crafter XLWB","","motorbike transport","","","","","Slav Atras","<h2 dir=""auto"">Profile summary</h2><p dir=""auto"">Based in Warrington (WA1), Slav Atras takes on man and van work across Cheshire. That puts Newton-Le-Willows, Lymm, Haydock, and Golborne within easy reach for collections and drop-offs.</p><h3 dir=""auto"">What Slav covers</h3><p dir=""auto"">Jobs listed include motorbike transport. Motorbike transport sits alongside the general work, so it suits bike moves as well as boxes.</p><h3 dir=""auto"">Van type and loading</h3><p dir=""auto"">Listed here is an extra-long wheelbase panel van, with enough length for a small move or a few bulky pieces.</p><h3 dir=""auto"">On the ground</h3><p dir=""auto"">Expect the M6, M62 and M56 to carry most of the traffic, so peak-time access is worth flagging up front.</p><h3 dir=""auto"">Making contact</h3><p dir=""auto"">A clear message beats a vague one: list the items, both postcodes, floor levels, and parking, plus the date you want. It also helps to mention rough weights or sizes of the larger items and how the bike will be loaded and secured. No insurance details have been supplied through VanHub UK, so confirm cover directly before booking valuable or higher-risk work.</p>","https://framerusercontent.com/images/74yRCSFDqUH6HVBRhJ2WdDQ794.webp","","https://framerusercontent.com/images/SUN3A8zxFQjL4QFjunA3b6gCcnw.webp","","https://framerusercontent.com/images/7xFxF7YEZ36crGYyiwcyaEBoGk.webp","","https://framerusercontent.com/images/omzuUS1Y9BdxI4urAbkSJ6FrfA.webp","","","","https://framerusercontent.com/images/ceQ1QusSo96JydAUXoMTkQY77vc.webp","","https://framerusercontent.com/images/pEj6OyLZ1LjP2s4PsGqgqygb7Yk.webp","","https://framerusercontent.com/images/azUfSF1er2mSeE7AixHvDqMg340.webp","","false","false","Slav Atras, Removals and Man and Van in Warrington","Where Slav Atras works: Warrington and across Cheshire","Other Man and Van Businesses in Warrington","Nobody else has listed a van in Warrington yet. If you work the area, get your profile up.","<p dir=""auto"">Nobody else has listed a van in Warrington yet. If you work the area, <a href=""/driver-signup-page"">get your profile up</a>.</p>","Search for drivers in Cheshire","true"
"halifax-man-and-van-sowerby-bridge","Sowerby Bridge","West Yorkshire","","Steven Oldroyd","Halifax Man and Van","https://halifaxmanandvan.co.uk","","https://framerusercontent.com/images/GdKEvAzo1miBw0qhING3SWOBvI.webp","Default profile image for Halifax Man and Van in Sowerby Bridge, West Yorkshire.","false","halifax-west-yorkshire","Bradford, Halifax, Elland, Queensbury, Brighouse, Hebden Bridge, Huddersfield, Todmorden","07724779299","https://wa.me/447724779299","SWB panel","","Vehicle Collection, Rubbish, UK Wide, Hazardous Waste","Yes","","","","Halifax Man and Van","<h2 dir=""auto"">Profile summary</h2><p dir=""auto"">Working from HX6 in Halifax, Elland, Halifax Man and Van handles jobs across West Yorkshire and nearby. Customers around Bradford, Halifax, Elland, and Queensbury may also find this a useful option. Rubbish runs round here usually head to Halifax HWRC. Shop and store pickups often come off Woolshops and Dean Clough.</p><h3 dir=""auto"">Van type and loading</h3><p dir=""auto"">Listed here is a short wheelbase panel van, a sensible size for single items and lighter moves.</p><h3 dir=""auto"">Services listed</h3><p dir=""auto"">Jobs listed include vehicle transport and UK-wide courier runs. Porter help is shown as available, which matters for two-person lifts or stairs. Going by the van and the job list, this suits single items and courier-style runs more than full house moves.</p><p dir=""auto"">Waste and clearance work should only go to a driver with valid waste carrier registration, so confirm this and how the load is disposed of first. Hazardous waste is specialist work that needs the right licensing, so confirm this directly.</p><p dir=""auto"">When you get in touch, give the pickup and drop-off postcodes, what is moving, parking and stairs, and when you need it. No insurance details have been supplied through VanHub UK, so confirm cover directly before booking valuable or higher-risk work. There is a website linked, so there is more background to check before getting in touch.</p>","https://framerusercontent.com/images/74yRCSFDqUH6HVBRhJ2WdDQ794.webp","","https://framerusercontent.com/images/SUN3A8zxFQjL4QFjunA3b6gCcnw.webp","","https://framerusercontent.com/images/7xFxF7YEZ36crGYyiwcyaEBoGk.webp","","https://framerusercontent.com/images/omzuUS1Y9BdxI4urAbkSJ6FrfA.webp","","","","https://framerusercontent.com/images/ceQ1QusSo96JydAUXoMTkQY77vc.webp","","https://framerusercontent.com/images/pEj6OyLZ1LjP2s4PsGqgqygb7Yk.webp","","https://framerusercontent.com/images/azUfSF1er2mSeE7AixHvDqMg340.webp","","false","false","Halifax Man and Van, Man and Van Covering Sowerby Bridge","Removals and collections from Steven Oldroyd in Sowerby Bridge, West Yorkshire","Other Man and Van Businesses in Sowerby Bridge","Steven Oldroyd is the only Sowerby Bridge driver on here so far. Add your own listing.","<p dir=""auto"">Steven Oldroyd is the only Sowerby Bridge driver on here so far. <a href=""/driver-signup-page"">Add your own listing</a>.</p>","Search for drivers in West Yorkshire","true"
"stuart-blower-birmingham","Birmingham","West Midlands","","Stuart blower","","","","https://framerusercontent.com/images/GdKEvAzo1miBw0qhING3SWOBvI.webp","Default profile image for Stuart blower in Birmingham, West Midlands.","false","birmingham-west-midlands","Smethwick, Sutton Coldfield, Solihull, Oldbury, West Bromwich, Blackheath, Wednesbury, Walsall","07717769852","https://wa.me/447717769852","Mercedes sprinters/ Renault masters all xlwb","","Rubbish removal, customer can travel, motorbike transport, Anything considered","","","","","Stuart blower","<h2 dir=""auto"">The essentials</h2><p dir=""auto"">Stuart blower is a Birmingham-based man and van profile, set up around the B1 area of West Midlands. That puts Smethwick, Sutton Coldfield, Solihull, and Oldbury within easy reach for collections and drop-offs. For clearance loads the nearest household waste centre is Birmingham HRCs. Local runs mostly follow the M6, M5 and M42, so timing around those routes matters more than raw mileage.</p><h3 dir=""auto"">Van type and loading</h3><p dir=""auto"">The profile lists an extra-long wheelbase panel van, which gives good load length for a small move or several larger items.</p><h3 dir=""auto"">Jobs on the profile</h3><p dir=""auto"">Jobs listed include motorbike transport. Motorbike transport sits alongside the general work, so it suits bike moves as well as boxes.</p><p dir=""auto"">Waste and clearance work should only go to a driver with valid waste carrier registration, so confirm this and how the load is disposed of first.</p><p dir=""auto"">A clear message beats a vague one: list the items, both postcodes, floor levels, and parking, plus the date you want. It also helps to mention rough weights or sizes of the larger items and how the bike will be loaded and secured. No insurance details have been supplied through VanHub UK, so confirm cover directly before booking valuable or higher-risk work.</p>","https://framerusercontent.com/images/74yRCSFDqUH6HVBRhJ2WdDQ794.webp","","https://framerusercontent.com/images/SUN3A8zxFQjL4QFjunA3b6gCcnw.webp","","https://framerusercontent.com/images/7xFxF7YEZ36crGYyiwcyaEBoGk.webp","","https://framerusercontent.com/images/omzuUS1Y9BdxI4urAbkSJ6FrfA.webp","","","","https://framerusercontent.com/images/ceQ1QusSo96JydAUXoMTkQY77vc.webp","","https://framerusercontent.com/images/pEj6OyLZ1LjP2s4PsGqgqygb7Yk.webp","","https://framerusercontent.com/images/azUfSF1er2mSeE7AixHvDqMg340.webp","","false","false","Stuart blower, Man and Van in Birmingham","Collections, moves and deliveries from Stuart blower in Birmingham, West Midlands","Other Man and Van Businesses in Birmingham","Birmingham has one listed driver at the moment. Running a van nearby? Add your business.","<p dir=""auto"">Birmingham has one listed driver at the moment. Running a van nearby? <a href=""/driver-signup-page"">Add your business</a>.</p>","Search for drivers in West Midlands","true"
"moto-medic-doncaster","Doncaster","South Yorkshire","","Stuart Patterson","Moto Medic","","","https://framerusercontent.com/images/GdKEvAzo1miBw0qhING3SWOBvI.webp","Default profile image for Moto Medic in Doncaster, South Yorkshire.","false","doncaster-south-yorkshire","Bentley, Adwick Le Street, Conisbrough, Mexborough, Goldthorpe, Maltby, Bolton Upon Dearne, Thurnscoe","07763245946","https://wa.me/447763245946","XLWB panel, Motorcycle specialist with Â£3k fixed ramp","","Motorbike, Single Items, Antiques, Heavy Goods, motorbike transport","","","","","Moto Medic","<h2 dir=""auto"">At a glance</h2><p dir=""auto"">Moto Medic covers Doncaster and the surrounding South Yorkshire area, working out of the DN6 postcode. That puts Bentley, Adwick Le Street, Conisbrough, and Mexborough within easy reach for collections and drop-offs.</p><h3 dir=""auto"">Vehicle and services</h3><p dir=""auto"">Listed here are an extra-long wheelbase panel van and a bike-transport van with ramps, with enough length for a small move or a few bulky pieces. Jobs listed include motorbike transport, single-item collections, antiques, and heavy or awkward goods. Motorbike transport sits alongside the general work, so it suits bike moves as well as boxes.</p><h3 dir=""auto"">On the ground</h3><p dir=""auto"">Shop and store pickups often come off Frenchgate and Lakeside Village. Local runs mostly follow the A1, M18 and M180, so timing around those routes matters more than raw mileage.</p><h3 dir=""auto"">Sorting a quote</h3><p dir=""auto"">To get a quote worth having, describe the load, both postcodes, and any access issues rather than asking for a flat rate. It also helps to mention rough weights or sizes of the larger items and how the bike will be loaded and secured. No insurance details have been supplied through VanHub UK, so confirm cover directly before booking valuable or higher-risk work.</p>","https://framerusercontent.com/images/74yRCSFDqUH6HVBRhJ2WdDQ794.webp","","https://framerusercontent.com/images/SUN3A8zxFQjL4QFjunA3b6gCcnw.webp","","https://framerusercontent.com/images/7xFxF7YEZ36crGYyiwcyaEBoGk.webp","","https://framerusercontent.com/images/omzuUS1Y9BdxI4urAbkSJ6FrfA.webp","","","","https://framerusercontent.com/images/ceQ1QusSo96JydAUXoMTkQY77vc.webp","","https://framerusercontent.com/images/pEj6OyLZ1LjP2s4PsGqgqygb7Yk.webp","","https://framerusercontent.com/images/azUfSF1er2mSeE7AixHvDqMg340.webp","","false","false","Moto Medic, Deliveries and Man and Van in Doncaster","Stuart Patterson runs a van out of Doncaster across South Yorkshire","Other Man and Van Businesses in Doncaster","Doncaster is covered by a single listed driver so far. List your van as well.","<p dir=""auto"">Doncaster is covered by a single listed driver so far. <a href=""/driver-signup-page"">List your van as well</a>.</p>","Search for drivers in South Yorkshire","true"
"tariq-mohammed-rochdale","Rochdale","Greater Manchester","","Tariq Mohammed","","","","https://framerusercontent.com/images/GdKEvAzo1miBw0qhING3SWOBvI.webp","Default profile image for Tariq Mohammed in Rochdale, Greater Manchester.","false","rochdale-greater-manchester","Buckley, Milnrow, Littleborough, Heywood, Whitworth, Royton, Shaw, Middleton","07862046719","https://wa.me/447862046719","SWB, MWB, LWB, XLWB, LUTON, Refrigerated- chiller and Freezer","","customer can travel, Single Items, Heavy Goods, Chilled and Frozen / Multidrop","","","","","Tariq Mohammed","<h2 dir=""auto"">Overview</h2><p dir=""auto"">Tariq Mohammed runs out of Rochdale in Greater Manchester, with the profile tied to the OL11 district. That puts Buckley, Milnrow, Littleborough, and Heywood within easy reach for collections and drop-offs. A lot of collection work here starts around Rochdale town centre and Kingsway Business Park. Expect the M62, A58 and A627 to carry most of the traffic, so peak-time access is worth flagging up front.</p><h3 dir=""auto"">Van and work</h3><p dir=""auto"">You are looking at a few vehicles, including a short wheelbase panel van and a medium wheelbase panel van, a sensible size for single items and lighter moves. Jobs listed include single-item collections, heavy or awkward goods, and parcels and multi-drop work. Going by the van and the job list, this suits single items and courier-style runs more than full house moves.</p><h3 dir=""auto"">Getting a price</h3><p dir=""auto"">For a sensible price, send both postcodes, a quick item list, access at each end, and your date. It also helps to mention rough weights or sizes of the larger items. There is no insurance on file with VanHub UK, so it is worth confirming cover directly, especially for anything valuable.</p>","https://framerusercontent.com/images/74yRCSFDqUH6HVBRhJ2WdDQ794.webp","","https://framerusercontent.com/images/SUN3A8zxFQjL4QFjunA3b6gCcnw.webp","","https://framerusercontent.com/images/7xFxF7YEZ36crGYyiwcyaEBoGk.webp","","https://framerusercontent.com/images/omzuUS1Y9BdxI4urAbkSJ6FrfA.webp","","","","https://framerusercontent.com/images/ceQ1QusSo96JydAUXoMTkQY77vc.webp","","https://framerusercontent.com/images/pEj6OyLZ1LjP2s4PsGqgqygb7Yk.webp","","https://framerusercontent.com/images/azUfSF1er2mSeE7AixHvDqMg340.webp","","false","false","Tariq Mohammed, Man and Van Work in Rochdale","Removals and collections from Tariq Mohammed in Rochdale, Greater Manchester","Other Man and Van Businesses in Rochdale","Driver coverage in Rochdale is thin, with just Tariq Mohammed listed. Add yours to it.","<p dir=""auto"">Driver coverage in Rochdale is thin, with just Tariq Mohammed listed. <a href=""/driver-signup-page"">Add yours to it</a>.</p>","Search for drivers in Greater Manchester","true"
"terrys-man-with-van-budleigh-salterton","Exmouth","Devon","","Terry Henderson","Terry's Man with Van","https://terrysmanwithvan.co.uk/","https://www.facebook.com/share/1AchkSdRiU/","https://framerusercontent.com/images/hqUuesUm7cJOVrjzDcb9G3YJ0F4.jpg","Profile image for Terry's Man with Van in Terrys Budleigh Salterton, Devon.","true","exmouth-devon","Exmouth, Sidmouth, Dawlish, Ottery St Mary, Teignmouth, Knowle, Kersbrook, East Budleigh","07955106734","https://wa.me/447955106734","LWB panel","","Single Item, Local, UK Wide, Small Removals","Yes","","","","Terry's Man with Van","<h2 dir=""auto"">What you are looking at</h2><p dir=""auto"">Terry's Man with Van covers Exmouth and the surrounding Devon area, working out of the EX9 postcode. That puts Exmouth, Sidmouth, Dawlish, and Ottery St Mary within easy reach for collections and drop-offs.</p><h3 dir=""auto"">Jobs on the profile</h3><p dir=""auto"">Jobs listed include single-item collections, local courier work, UK-wide courier runs, and small house moves. An extra pair of hands is listed, useful where items need two people.</p><h3 dir=""auto"">What the van handles</h3><p dir=""auto"">The profile lists a long wheelbase panel van, handy for single items, furniture, and smaller moves.</p><h3 dir=""auto"">Around Exmouth</h3><p dir=""auto"">A lot of collection work here starts around Exmouth town centre and seafront.</p><p dir=""auto"">A clear message beats a vague one: list the items, both postcodes, floor levels, and parking, plus the date you want. No insurance details have been supplied through VanHub UK, so confirm cover directly before booking valuable or higher-risk work. A website and a social page are linked, worth a look before you commit.</p>","https://framerusercontent.com/images/sEIy5xpPNiIw15GJEb9ymKdn44g.webp","Terry Henderson's van and moving work in Exmouth (1 of 8).","https://framerusercontent.com/images/R5mE2s81pbjVVJLJiBhvPf4S2w.jpeg","Terry Henderson's van and moving work in Exmouth (2 of 8).","https://framerusercontent.com/images/Ucqv8D2n4QnHHZSTeyw6UTjAfJE.jpeg","Terry Henderson's van and moving work in Exmouth (3 of 8).","https://framerusercontent.com/images/WZbv2SW6gtoeoj2kWHe4Z4NFVgw.jpeg","Terry Henderson's van and moving work in Exmouth (4 of 8).","https://framerusercontent.com/images/2uDmH3BDmF0VbLnSsIYdlVC8nGI.jpeg","Terry Henderson's van and moving work in Exmouth (5 of 8).","https://framerusercontent.com/images/6PwRa2aYdiZ9yTMgKKnJj7ytQ.jpeg","Terry Henderson's van and moving work in Exmouth (6 of 8).","https://framerusercontent.com/images/2RCg9BzCDMs5W8cQWOvo13WKu8.webp","Terry Henderson's van and moving work in Exmouth (7 of 8).","https://framerusercontent.com/images/RqYEdQgJna0AGZCrn3NXXnL7s.webp","Terry Henderson's van and moving work in Exmouth (8 of 8).","false","true","Terry's Man with Van, Man and Van Based in Exmouth","Jobs Terry Henderson covers in and around Exmouth, Devon","Other Man and Van Businesses in Exmouth","There is room for more drivers in Exmouth. If you have a van, set up a profile.","<p dir=""auto"">There is room for more drivers in Exmouth. If you have a van, <a href=""/driver-signup-page"">set up a profile</a>.</p>","Search for drivers in Devon","true"
"ts-waste-removals-and-scrap-exmouth","Exmouth","Devon","","Terry Smith","TS Waste Removals and Scrap","https://www.threads.com/@tswasteremovalsandscrap","","https://framerusercontent.com/images/FVT9NKUKpM48Vm8QxdO38uun5w.jpg","Profile image for TS Waste Removals and Scrap in Exmouth, Devon.","true","exmouth-devon","Exeter, Budleigh Salterton, Dawlish, Teignmouth, Sidmouth, Withycombe Raleigh, The Point, Littleham","07888924303","https://wa.me/447888924303","3.5t transit tipper with cage","","Rubbish Removal","Yes","","","","TS Waste Removals and Scrap","<h2 dir=""auto"">The essentials</h2><p dir=""auto"">TS Waste Removals and Scrap is a Exmouth-based driver profile, set up around the EX8 area of Devon. That typically takes in Exeter, Budleigh Salterton, Dawlish, and Teignmouth among other nearby areas. Rubbish runs round here usually head to Knowle Hill RC. Local runs mostly follow the A376, B3178 and B3179, so timing around those routes matters more than raw mileage.</p><h3 dir=""auto"">What the van handles</h3><p dir=""auto"">Listed here is a tipper, aimed more at loose loads and clearance work than boxed household moves.</p><p dir=""auto"">For any rubbish, clearance or waste jobs, check the driver holds valid waste carrier registration and disposes of loads properly before booking.</p><h3 dir=""auto"">Making contact</h3><p dir=""auto"">Give the driver something to work with, both postcodes, what is moving, stairs or lift, and timing, and the quote will be more accurate. Insurance has not been supplied through VanHub UK. Check cover with the driver before handing over anything of value. There is a website linked, so there is more background to check before getting in touch.</p>","https://framerusercontent.com/images/c9ZCYo127s6iTEph2V9SFUo38.webp","Terry Smith's van and moving work in Exmouth (1 of 8).","https://framerusercontent.com/images/ik4fwNeKpuzJP023YjgX14Pww.webp","Terry Smith's van and moving work in Exmouth (2 of 8).","https://framerusercontent.com/images/8bxPXBUOkfKLcLVKxFBItW7mFo.webp","Terry Smith's van and moving work in Exmouth (3 of 8).","https://framerusercontent.com/images/PufPPjHTTfmfITQeNzCw216q6c.webp","Terry Smith's van and moving work in Exmouth (4 of 8).","https://framerusercontent.com/images/hzefN1OWPGH76dwA54vXbirfrc.webp","Terry Smith's van and moving work in Exmouth (5 of 8).","https://framerusercontent.com/images/NDWBr3cI7GEsOB4H1NiF3nEhA.webp","Terry Smith's van and moving work in Exmouth (6 of 8).","https://framerusercontent.com/images/oqLeduI9a4HPODcsiPsxULpjDA.webp","Terry Smith's van and moving work in Exmouth (7 of 8).","https://framerusercontent.com/images/UsNt8AivNIThuPX01GIsViqYUI.webp","Terry Smith's van and moving work in Exmouth (8 of 8).","false","true","TS Waste Removals and Scrap, Deliveries and Man and Van in Exmouth","Terry Smith, based in Exmouth and working across Devon","Other Man and Van Businesses in Exmouth","Nobody has listed against Terry Smith in Exmouth yet. List your business here.","<p dir=""auto"">Nobody has listed against Terry Smith in Exmouth yet. <a href=""/driver-signup-page"">List your business here</a>.</p>","Search for drivers in Devon","true"
"timothy-proctor-leeds","Leeds","West Yorkshire","","Timothy Proctor","","","","https://framerusercontent.com/images/GdKEvAzo1miBw0qhING3SWOBvI.webp","Default profile image for Timothy Proctor in Leeds, West Yorkshire.","false","leeds-west-yorkshire","Bradford, Wakefield, Horsforth, Rothwell, Pudsey, Morley, Garforth, Yeadon","07753562306","https://wa.me/447753562306","Peugeot Partner (small van) Load area L1650mm H1120mm W1180mm","","1 Pallet/Parcels/Documents/Student Moves/SameDay/Next Day","","","","","Timothy Proctor","<h2 dir=""auto"">What you are looking at</h2><p dir=""auto"">Timothy Proctor runs out of Leeds in West Yorkshire, with the profile tied to the LS1 district. Customers around Bradford, Wakefield, Horsforth, and Rothwell may also find this a useful option.</p><h3 dir=""auto"">Services listed</h3><p dir=""auto"">Jobs listed include palletised loads.</p><h3 dir=""auto"">The vehicle</h3><p dir=""auto"">The profile lists a small van, better suited to single items, parcels, and lighter loads than a full house move.</p><h3 dir=""auto"">The area</h3><p dir=""auto"">Local runs mostly follow the M1, M62 and M621, so timing around those routes matters more than raw mileage. Flats around Leeds bring the usual single-item and small-move jobs.</p><p dir=""auto"">To get a quote worth having, describe the load, both postcodes, and any access issues rather than asking for a flat rate. No insurance details have been supplied through VanHub UK, so confirm cover directly before booking valuable or higher-risk work.</p>","https://framerusercontent.com/images/74yRCSFDqUH6HVBRhJ2WdDQ794.webp","","https://framerusercontent.com/images/SUN3A8zxFQjL4QFjunA3b6gCcnw.webp","","https://framerusercontent.com/images/7xFxF7YEZ36crGYyiwcyaEBoGk.webp","","https://framerusercontent.com/images/omzuUS1Y9BdxI4urAbkSJ6FrfA.webp","","","","https://framerusercontent.com/images/ceQ1QusSo96JydAUXoMTkQY77vc.webp","","https://framerusercontent.com/images/pEj6OyLZ1LjP2s4PsGqgqygb7Yk.webp","","https://framerusercontent.com/images/azUfSF1er2mSeE7AixHvDqMg340.webp","","false","false","Timothy Proctor, Van Driver Covering Leeds","Van work from Timothy Proctor across Leeds and West Yorkshire","Other Man and Van Businesses in Leeds","One driver covers Leeds on the listings at present. Make it two.","<p dir=""auto"">One driver covers Leeds on the listings at present. <a href=""/driver-signup-page"">Make it two</a>.</p>","Search for drivers in West Yorkshire","true"
"tomasz-nering-guildford","Guildford","Surrey","","Tomasz Nering","","","","https://framerusercontent.com/images/GdKEvAzo1miBw0qhING3SWOBvI.webp","Default profile image for Tomasz Nering in Guildford, Surrey.","false","guildford-surrey","Godalming, Woking, Farnborough, Aldershot, Frimley, Farnham, Camberley, Addlestone","07731787914","https://wa.me/447731787914","Peugeot Boxer SWB","","Item transportation","","","","","Tomasz Nering","<h2 dir=""auto"">In brief</h2><p dir=""auto"">Based in Guildford (GU1), Tomasz Nering takes on man and van work across Surrey. That typically takes in Godalming, Woking, Farnborough, and Aldershot among other nearby areas.</p><h3 dir=""auto"">The vehicle</h3><p dir=""auto"">The profile lists a short wheelbase panel van, handy for single items, furniture, and smaller moves.</p><h3 dir=""auto"">The area</h3><p dir=""auto"">Expect the A3, A31 and A25 to carry most of the traffic, so peak-time access is worth flagging up front. Flats around Guildford and London Road bring the usual single-item and small-move jobs.</p><h3 dir=""auto"">Getting a useful quote</h3><p dir=""auto"">A clear message beats a vague one: list the items, both postcodes, floor levels, and parking, plus the date you want. No insurance details have been supplied through VanHub UK, so confirm cover directly before booking valuable or higher-risk work.</p>","https://framerusercontent.com/images/74yRCSFDqUH6HVBRhJ2WdDQ794.webp","","https://framerusercontent.com/images/SUN3A8zxFQjL4QFjunA3b6gCcnw.webp","","https://framerusercontent.com/images/7xFxF7YEZ36crGYyiwcyaEBoGk.webp","","https://framerusercontent.com/images/omzuUS1Y9BdxI4urAbkSJ6FrfA.webp","","","","https://framerusercontent.com/images/ceQ1QusSo96JydAUXoMTkQY77vc.webp","","https://framerusercontent.com/images/pEj6OyLZ1LjP2s4PsGqgqygb7Yk.webp","","https://framerusercontent.com/images/azUfSF1er2mSeE7AixHvDqMg340.webp","","false","false","Tomasz Nering, Man and Van Driver in Guildford","Tomasz Nering, working Guildford and the rest of Surrey","Other Man and Van Businesses in Guildford","No other Guildford van driver has signed up yet. Get your van listed.","<p dir=""auto"">No other Guildford van driver has signed up yet. <a href=""/driver-signup-page"">Get your van listed</a>.</p>","Search for drivers in Surrey","true"
"vernon-chitiyo-birmingham","Birmingham","West Midlands","","Vernon Chitiyo","","","","https://framerusercontent.com/images/GdKEvAzo1miBw0qhING3SWOBvI.webp","Default profile image for Vernon Chitiyo in Birmingham, West Midlands.","false","birmingham-west-midlands","Smethwick, Sutton Coldfield, Solihull, Oldbury, West Bromwich, Blackheath, Wednesbury, Walsall","07900199725","https://wa.me/447900199725","LWB panel","","Rubbish, Customer travel, Motorbike, Single Items, Removals, Antiques, Vehicle transport, Heavy Goods, Hazardous, Rubbish removal, customer can travel, motorbike transport, Hazardous materials transport","Yes","","","","Vernon Chitiyo","<h2 dir=""auto"">At a glance</h2><p dir=""auto"">Vernon Chitiyo covers Birmingham and the surrounding West Midlands area, working out of the B33 postcode. That puts Smethwick, Sutton Coldfield, Solihull, and Oldbury within easy reach for collections and drop-offs. Rubbish runs round here usually head to Birmingham HRCs.</p><h3 dir=""auto"">Van and load space</h3><p dir=""auto"">The profile lists a long wheelbase panel van, well suited to single items, a few boxes, or a small furniture run.</p><h3 dir=""auto"">Jobs on the profile</h3><p dir=""auto"">Jobs listed include motorbike transport, single-item collections, house removals, antiques, vehicle transport, and heavy or awkward goods. An extra pair of hands is listed, useful where items need two people. This covers a wide range, single items to bigger moves, so pin down the job when you get in touch.</p><p dir=""auto"">Waste and clearance work should only go to a driver with valid waste carrier registration, so confirm this and how the load is disposed of first. Hazardous waste is specialist work that needs the right licensing, so confirm this directly.</p><h3 dir=""auto"">Making contact</h3><p dir=""auto"">To get a quote worth having, describe the load, both postcodes, and any access issues rather than asking for a flat rate. It also helps to mention rough weights or sizes of the larger items and how the bike will be loaded and secured. The driver has supplied insurance details to VanHub UK. Confirm the cover fits your items before agreeing anything valuable.</p>","https://framerusercontent.com/images/74yRCSFDqUH6HVBRhJ2WdDQ794.webp","","https://framerusercontent.com/images/SUN3A8zxFQjL4QFjunA3b6gCcnw.webp","","https://framerusercontent.com/images/7xFxF7YEZ36crGYyiwcyaEBoGk.webp","","https://framerusercontent.com/images/omzuUS1Y9BdxI4urAbkSJ6FrfA.webp","","","","https://framerusercontent.com/images/ceQ1QusSo96JydAUXoMTkQY77vc.webp","","https://framerusercontent.com/images/pEj6OyLZ1LjP2s4PsGqgqygb7Yk.webp","","https://framerusercontent.com/images/azUfSF1er2mSeE7AixHvDqMg340.webp","","true","false","Vernon Chitiyo, Man and Van Based in Birmingham","Where Vernon Chitiyo works: Birmingham and across West Midlands","Other Man and Van Businesses in Birmingham","Vernon Chitiyo is currently the only listed driver in Birmingham. If you run a van locally, list your van here.","<p dir=""auto"">Vernon Chitiyo is currently the only listed driver in Birmingham. If you run a van locally, <a href=""/driver-signup-page"">list your van here</a>.</p>","Search for drivers in West Midlands","true"
"vytautas-weston-super-mare","Weston Super Mare","Somerset","","Vytautas","","","","https://framerusercontent.com/images/GdKEvAzo1miBw0qhING3SWOBvI.webp","Default profile image for Vytautas in Weston Super Mare, Somerset.","false","weston-super-mare-somerset","Burnham-on-Sea, Clevedon, Nailsea, Ashcombe Park, Worlebury, Clarence Park, Uphill Manor, Milton","07429288317","https://wa.me/447429288317","Medium size ford transit castum","","Rubbish removal, pet and livestock transport, customer can travel, motorbike transport","","","","","Vytautas","<h2 dir=""auto"">Profile summary</h2><p dir=""auto"">Vytautas is a Weston-super-Mare-based man and van profile, set up around the BS24 area of Somerset. Customers around Burnham-on-Sea, Clevedon, Nailsea, and Ashcombe Park may also find this a useful option. For clearance loads the nearest household waste centre is Weston-super-Mare RC.</p><h3 dir=""auto"">What the van handles</h3><p dir=""auto"">Listed here is a medium wheelbase panel van, a sensible size for single items and lighter moves.</p><h3 dir=""auto"">What this covers</h3><p dir=""auto"">Jobs listed include pet and livestock transport and motorbike transport. Motorbike transport sits alongside the general work, so it suits bike moves as well as boxes.</p><p dir=""auto"">For any rubbish, clearance or waste jobs, check the driver holds valid waste carrier registration and disposes of loads properly before booking.</p><h3 dir=""auto"">Sorting a quote</h3><p dir=""auto"">For a sensible price, send both postcodes, a quick item list, access at each end, and your date. It also helps to mention how the bike will be loaded and secured. There is no insurance on file with VanHub UK, so it is worth confirming cover directly, especially for anything valuable.</p>","https://framerusercontent.com/images/74yRCSFDqUH6HVBRhJ2WdDQ794.webp","","https://framerusercontent.com/images/SUN3A8zxFQjL4QFjunA3b6gCcnw.webp","","https://framerusercontent.com/images/7xFxF7YEZ36crGYyiwcyaEBoGk.webp","","https://framerusercontent.com/images/omzuUS1Y9BdxI4urAbkSJ6FrfA.webp","","","","https://framerusercontent.com/images/ceQ1QusSo96JydAUXoMTkQY77vc.webp","","https://framerusercontent.com/images/pEj6OyLZ1LjP2s4PsGqgqygb7Yk.webp","","https://framerusercontent.com/images/azUfSF1er2mSeE7AixHvDqMg340.webp","","false","false","Vytautas, Man and Van Work in Weston Super Mare","What Vytautas takes on around Weston Super Mare and Somerset","Other Man and Van Businesses in Weston Super Mare","One driver covers Weston Super Mare on the listings at present. Make it two.","<p dir=""auto"">One driver covers Weston Super Mare on the listings at present. <a href=""/driver-signup-page"">Make it two</a>.</p>","Search for drivers in Somerset","true"
"reliable-van-transport-willenhall","Willenhall","West Midlands","","Wajahat Amjad Tajik","Reliable Van Transport","","","https://framerusercontent.com/images/GdKEvAzo1miBw0qhING3SWOBvI.webp","Default profile image for Reliable Van Transport in Willenhall, West Midlands.","false","willenhall-west-midlands","Wolverhampton, Darlaston, Bilston, Wednesfield, Wednesbury, Coseley, Walsall, Bloxwich","07963598960","https://wa.me/447963598960","LWB panel","","Customer travel, Single Items, Removals, customer can travel","Yes","","","","Reliable Van Transport","<h2 dir=""auto"">Overview</h2><p dir=""auto"">Working from WV13 in Willenhall, Reliable Van Transport handles jobs across West Midlands and nearby. That puts Wolverhampton, Darlaston, Bilston, and Wednesfield within easy reach for collections and drop-offs. Shop and store pickups often come off Willenhall town centre and Key Industrial Park.</p><h3 dir=""auto"">The van</h3><p dir=""auto"">The profile lists a long wheelbase panel van, well suited to single items, a few boxes, or a small furniture run.</p><h3 dir=""auto"">Typical work</h3><p dir=""auto"">Jobs listed include single-item collections and house removals. Porter help is shown as available, which matters for two-person lifts or stairs.</p><p dir=""auto"">When you get in touch, give the pickup and drop-off postcodes, what is moving, parking and stairs, and when you need it. Insurance has been provided through VanHub UK, but ask that the cover matches your goods before you commit.</p>","https://framerusercontent.com/images/74yRCSFDqUH6HVBRhJ2WdDQ794.webp","","https://framerusercontent.com/images/SUN3A8zxFQjL4QFjunA3b6gCcnw.webp","","https://framerusercontent.com/images/7xFxF7YEZ36crGYyiwcyaEBoGk.webp","","https://framerusercontent.com/images/omzuUS1Y9BdxI4urAbkSJ6FrfA.webp","","","","https://framerusercontent.com/images/ceQ1QusSo96JydAUXoMTkQY77vc.webp","","https://framerusercontent.com/images/pEj6OyLZ1LjP2s4PsGqgqygb7Yk.webp","","https://framerusercontent.com/images/azUfSF1er2mSeE7AixHvDqMg340.webp","","true","false","Reliable Van Transport, Man and Van Based in Willenhall","Wajahat Amjad Tajik, working Willenhall and the rest of West Midlands","Other Man and Van Businesses in Willenhall","No other Willenhall van driver has signed up yet. Get your van listed.","<p dir=""auto"">No other Willenhall van driver has signed up yet. <a href=""/driver-signup-page"">Get your van listed</a>.</p>","Search for drivers in West Midlands","true"
"will-swingler-exeter","Exeter","Devon","","Will Swingler","","","","https://framerusercontent.com/images/GdKEvAzo1miBw0qhING3SWOBvI.webp","Default profile image for Will Swingler in Exeter, Devon.","false","exeter-devon","Crediton, Exmouth, Polsloe, Heavitree, Wonford, Redhills, Pennsylvania, Exwick","07956664553","https://wa.me/447956664553","Mercedes Sprinter LWB","","Rubbish removal, Vehicle transport, Courier work, general man & van, goods collection and delivery","","","","","Will Swingler","<h2 dir=""auto"">What you are looking at</h2><p dir=""auto"">Based in Exeter (EX1), Will Swingler takes on man and van work across Devon. That puts Crediton, Exmouth, Polsloe, and Heavitree within easy reach for collections and drop-offs. Rubbish runs round here usually head to Exton Road RC.</p><h3 dir=""auto"">The setup</h3><p dir=""auto"">Listed here is a long wheelbase panel van, a sensible size for single items and lighter moves. Jobs listed include vehicle transport, courier work, and business and general man and van work. It reads as a courier and single-item setup rather than a big-removals one.</p><p dir=""auto"">Waste and clearance work should only go to a driver with valid waste carrier registration, so confirm this and how the load is disposed of first.</p><h3 dir=""auto"">Making contact</h3><p dir=""auto"">A clear message beats a vague one: list the items, both postcodes, floor levels, and parking, plus the date you want. Insurance has not been supplied through VanHub UK. Check cover with the driver before handing over anything of value.</p>","https://framerusercontent.com/images/74yRCSFDqUH6HVBRhJ2WdDQ794.webp","","https://framerusercontent.com/images/SUN3A8zxFQjL4QFjunA3b6gCcnw.webp","","https://framerusercontent.com/images/7xFxF7YEZ36crGYyiwcyaEBoGk.webp","","https://framerusercontent.com/images/omzuUS1Y9BdxI4urAbkSJ6FrfA.webp","","","","https://framerusercontent.com/images/ceQ1QusSo96JydAUXoMTkQY77vc.webp","","https://framerusercontent.com/images/pEj6OyLZ1LjP2s4PsGqgqygb7Yk.webp","","https://framerusercontent.com/images/azUfSF1er2mSeE7AixHvDqMg340.webp","","false","false","Will Swingler, Deliveries and Man and Van in Exeter","Man and van coverage from Will Swingler in Exeter and Devon","Other Man and Van Businesses in Exeter","If you run a van around Exeter, the listings are wide open. Put your details up.","<p dir=""auto"">If you run a van around Exeter, the listings are wide open. <a href=""/driver-signup-page"">Put your details up</a>.</p>","Search for drivers in Devon","true"
"wills-man-and-van-southampton","Southampton","Hampshire","","William Hunt","Wills Man and Van","","https://www.facebook.com/p/Wills-Man-and-Van-61573248628199/","https://framerusercontent.com/images/GdKEvAzo1miBw0qhING3SWOBvI.webp","Default profile image for Wills Man and Van in Southampton, Hampshire.","true","southampton-hampshire","Eastleigh, Totton, Romsey, Fareham, St Denys, Highfield, Northam, Portswood","07774325538","https://wa.me/447774325538","Luton with tailift","","Customer travel, Single Items, Removals, Antiques, customer can travel","Yes","","","","Wills Man and Van","<h2 dir=""auto"">What you are looking at</h2><p dir=""auto"">Wills Man and Van covers Southampton and the surrounding Hampshire area, working out of the SO16 postcode. Customers around Eastleigh, Totton, Romsey, and Fareham may also find this a useful option. A lot of collection work here starts around Westquay and city centre. Storage runs come up a fair bit locally, Woodpecker Self Storage and Big Yellow Southampton included.</p><h3 dir=""auto"">Van type and loading</h3><p dir=""auto"">You are looking at a Luton with a tail lift, so appliances, furniture, and heavier single items can be wheeled up rather than lifted by hand.</p><h3 dir=""auto"">Work covered</h3><p dir=""auto"">Jobs listed include single-item collections, house removals, and antiques. Porter help is shown as available, which matters for two-person lifts or stairs. With the moving work and that load space, this reads as a removals-focused setup rather than a courier one.</p><p dir=""auto"">A clear message beats a vague one: list the items, both postcodes, floor levels, and parking, plus the date you want. It also helps to mention rough weights or sizes of the larger items. Insurance has been provided through VanHub UK, but ask that the cover matches your goods before you commit. A social page is linked, handy for a quick look at past work before booking.</p>","https://framerusercontent.com/images/74yRCSFDqUH6HVBRhJ2WdDQ794.webp","","https://framerusercontent.com/images/SUN3A8zxFQjL4QFjunA3b6gCcnw.webp","","https://framerusercontent.com/images/7xFxF7YEZ36crGYyiwcyaEBoGk.webp","","https://framerusercontent.com/images/omzuUS1Y9BdxI4urAbkSJ6FrfA.webp","","","","https://framerusercontent.com/images/ceQ1QusSo96JydAUXoMTkQY77vc.webp","","https://framerusercontent.com/images/pEj6OyLZ1LjP2s4PsGqgqygb7Yk.webp","","https://framerusercontent.com/images/azUfSF1er2mSeE7AixHvDqMg340.webp","","true","false","Wills Man and Van, Man and Van Work in Southampton","William Hunt covers Southampton and the wider Hampshire area","Other Man and Van Businesses in Southampton","Only one van is listed in Southampton at present. Put yours on too.","<p dir=""auto"">Only one van is listed in Southampton at present. <a href=""/driver-signup-page"">Put yours on too</a>.</p>","Search for drivers in Hampshire","true"
"yle-wednesbury","Wednesbury","West Midlands","","Yohann Essoki","YLE","","","https://framerusercontent.com/images/AS15xzz79tmSpQbNoHhPQWesvJI.webp","Profile image for YLE in Wednesbury, West Midlands.","false","wednesbury-west-midlands","Wolverhampton, Birmingham, Darlaston, West Bromwich, Willenhall, Coseley, Tipton, Walsall","07435838750","https://wa.me/447435838750","SWB panel","","Rubbish, Large Removals, HGV, Small Removals, Single Item","Yes","","","","YLE","<h2 dir=""auto"">Overview</h2><p dir=""auto"">YLE covers Wednesbury and the surrounding West Midlands area, working out of the WS10 postcode. Customers around Wolverhampton, Birmingham, Darlaston, and West Bromwich may also find this a useful option.</p><h3 dir=""auto"">Vehicle and services</h3><p dir=""auto"">The profile lists a short wheelbase panel van, handy for single items, furniture, and smaller moves. Jobs listed include larger house moves, small house moves, and single-item collections. Porter help is shown as available, which matters for two-person lifts or stairs.</p><h3 dir=""auto"">Around Wednesbury</h3><p dir=""auto"">For clearance loads the nearest household waste centre is Oldbury Tip. A lot of collection work here starts around Wednesbury town centre and Gallagher Retail Park.</p><p dir=""auto"">Waste and clearance work should only go to a driver with valid waste carrier registration, so confirm this and how the load is disposed of first.</p><p dir=""auto"">For a sensible price, send both postcodes, a quick item list, access at each end, and your date. No insurance details have been supplied through VanHub UK, so confirm cover directly before booking valuable or higher-risk work.</p>","https://framerusercontent.com/images/74yRCSFDqUH6HVBRhJ2WdDQ794.webp","","https://framerusercontent.com/images/SUN3A8zxFQjL4QFjunA3b6gCcnw.webp","","https://framerusercontent.com/images/7xFxF7YEZ36crGYyiwcyaEBoGk.webp","","https://framerusercontent.com/images/omzuUS1Y9BdxI4urAbkSJ6FrfA.webp","","","","https://framerusercontent.com/images/ceQ1QusSo96JydAUXoMTkQY77vc.webp","","https://framerusercontent.com/images/pEj6OyLZ1LjP2s4PsGqgqygb7Yk.webp","","https://framerusercontent.com/images/azUfSF1er2mSeE7AixHvDqMg340.webp","","false","false","YLE, Collections and Removals in Wednesbury","Van driver Yohann Essoki, covering Wednesbury and West Midlands","Other Man and Van Businesses in Wednesbury","Only Yohann Essoki is listed for van work in Wednesbury so far. Get listed too.","<p dir=""auto"">Only Yohann Essoki is listed for van work in Wednesbury so far. <a href=""/driver-signup-page"">Get listed too</a>.</p>","Search for drivers in West Midlands","true"
"m-and-m-couriers-leamington-spa","Leamington Spa","Warwickshire","","Mark Macdonald","M&M Couriers","","","https://framerusercontent.com/images/GdKEvAzo1miBw0qhING3SWOBvI.webp","Default profile image for M&M Couriers in Leamington Spa, warwickshire.","false","leamington-spa-warwickshire","Coventry, Warwick, Kenilworth, Stratford-upon-Avon, Campion Hills, Myton, Milverton, Emscote","07825522888","https://wa.me/447825522888","MWB panel","","Single Item Collection, Local Courier Service, UK Wide Courier Service","","","","","M&M Couriers","<h2 dir=""auto"">The essentials</h2><p dir=""auto"">M&amp;M Couriers runs out of Leamington Spa in Warwickshire, with the profile tied to the CV32 district. That typically takes in Coventry, Warwick, Kenilworth, and Stratford-upon-Avon among other nearby areas.</p><h3 dir=""auto"">What the van handles</h3><p dir=""auto"">You are looking at a medium wheelbase panel van, handy for single items, furniture, and smaller moves.</p><h3 dir=""auto"">Work covered</h3><p dir=""auto"">Jobs listed include single-item collections, local courier work, and UK-wide courier runs. Going by the van and the job list, this suits single items and courier-style runs more than full house moves.</p><h3 dir=""auto"">Working Leamington Spa</h3><p dir=""auto"">Shop and store pickups often come off The Parade and Royal Priors. Expect the A452, A425 and A445 to carry most of the traffic, so peak-time access is worth flagging up front.</p><h3 dir=""auto"">Making contact</h3><p dir=""auto"">When you get in touch, give the pickup and drop-off postcodes, what is moving, parking and stairs, and when you need it. There is no insurance on file with VanHub UK, so it is worth confirming cover directly, especially for anything valuable.</p>","https://framerusercontent.com/images/74yRCSFDqUH6HVBRhJ2WdDQ794.webp","","https://framerusercontent.com/images/SUN3A8zxFQjL4QFjunA3b6gCcnw.webp","","https://framerusercontent.com/images/7xFxF7YEZ36crGYyiwcyaEBoGk.webp","","https://framerusercontent.com/images/omzuUS1Y9BdxI4urAbkSJ6FrfA.webp","","","","https://framerusercontent.com/images/ceQ1QusSo96JydAUXoMTkQY77vc.webp","","https://framerusercontent.com/images/pEj6OyLZ1LjP2s4PsGqgqygb7Yk.webp","","https://framerusercontent.com/images/azUfSF1er2mSeE7AixHvDqMg340.webp","","false","false","M&M Couriers, Man and Van Services in Leamington Spa","Man and Van Services from Mark Macdonald in Leamington Spa, Warwickshire","Other Man and Van Businesses in Leamington Spa","Mark Macdonald is the sole listed driver in Leamington Spa right now. Get yourself listed.","<p dir=""auto"">Mark Macdonald is the sole listed driver in Leamington Spa right now. <a href=""/driver-signup-page"">Get yourself listed</a>.</p>","Search for drivers in warwickshire","true"
"deep-couriers-manchester","Manchester","Greater Manchester","","Deepak Kumar","Deep Couriers","","","https://framerusercontent.com/images/GdKEvAzo1miBw0qhING3SWOBvI.webp","Default profile image for Deep Couriers in Manchester.","false","manchester-greater-manchester","Salford, Prestwich, Failsworth, Middleton, Chadderton, Droylsden, Eccles, Swinton","7405519204","https://wa.me/447405519204","Luton with tailift, SWB panel, MWB panel","","UK Wide, Local, Single Item, Small Removals, Med Removals, Rubbish","Yes","","","","Deep Couriers","<h2 dir=""auto"">Overview</h2><p dir=""auto"">Deep Couriers covers Manchester and the surrounding the Local Area area, working out of the M9 postcode. That typically takes in Salford, Prestwich, Failsworth, and Middleton among other nearby areas. Rubbish runs round here usually head to Sandfold Lane RC.</p><h3 dir=""auto"">Van and load space</h3><p dir=""auto"">You are looking at a few vehicles, including a Luton with a tail lift and a short wheelbase panel van, handy when the load includes weighty goods, white goods, or anything hard to raise into a van.</p><h3 dir=""auto"">What Deepak covers</h3><p dir=""auto"">Jobs listed include UK-wide courier runs, local courier work, single-item collections, small house moves, and medium house moves. Porter help is shown as available, which matters for two-person lifts or stairs. The mix leans towards house moves and bulkier loads rather than light courier drops.</p><p dir=""auto"">Waste and clearance work should only go to a driver with valid waste carrier registration, so confirm this and how the load is disposed of first.</p><h3 dir=""auto"">Before you book</h3><p dir=""auto"">For a sensible price, send both postcodes, a quick item list, access at each end, and your date. It also helps to mention rough weights or sizes of the larger items. Insurance has been provided through VanHub UK, but ask that the cover matches your goods before you commit.</p>","https://framerusercontent.com/images/74yRCSFDqUH6HVBRhJ2WdDQ794.webp","","https://framerusercontent.com/images/SUN3A8zxFQjL4QFjunA3b6gCcnw.webp","","https://framerusercontent.com/images/7xFxF7YEZ36crGYyiwcyaEBoGk.webp","","https://framerusercontent.com/images/omzuUS1Y9BdxI4urAbkSJ6FrfA.webp","","","","https://framerusercontent.com/images/ceQ1QusSo96JydAUXoMTkQY77vc.webp","","https://framerusercontent.com/images/pEj6OyLZ1LjP2s4PsGqgqygb7Yk.webp","","https://framerusercontent.com/images/azUfSF1er2mSeE7AixHvDqMg340.webp","","true","false","Deep Couriers, Man and Van Covering Manchester","Removals and collections from Deepak Kumar in Manchester","Other Man and Van Businesses in Manchester","Manchester has one listed driver at the moment. Running a van nearby? Add your business.","<p dir=""auto"">Manchester has one listed driver at the moment. Running a van nearby? <a href=""/driver-signup-page"">Add your business</a>.</p>","Search for drivers","true"
"lewis-sy2","Shrewsbury","Shropshire","","Clark","Lewis","","https://www.facebook.com/share/1CPmNSZqoc/","https://framerusercontent.com/images/GdKEvAzo1miBw0qhING3SWOBvI.webp","Default profile image for Lewis in Sy2, Shropshire.","true","shrewsbury-shropshire","","07930927654","https://wa.me/447930927654","SWB panel, LWB panel, XLWB panel, Luton with tailift","","Single Item Collection, Small House Removals, Medium House Removals, Large House Moves 7.5t HGV","Yes","","","","Lewis","<h2 dir=""auto"">Overview</h2><p dir=""auto"">Lewis covers Shrewsbury and the surrounding Shropshire area, working out of the SY2 postcode. Shop and store pickups often come off Darwin Centre and Pride Hill. Storage runs come up a fair bit locally, Space Station and Storage King included.</p><h3 dir=""auto"">The setup</h3><p dir=""auto"">The profile lists a few vehicles, including a short wheelbase panel van and a long wheelbase panel van, a sensible size for single items and lighter moves. Jobs listed include single-item collections, small house moves, medium house moves, and larger house moves. Porter help is shown as available, which matters for two-person lifts or stairs.</p><h3 dir=""auto"">Sorting a quote</h3><p dir=""auto"">A clear message beats a vague one: list the items, both postcodes, floor levels, and parking, plus the date you want. There is no insurance on file with VanHub UK, so it is worth confirming cover directly, especially for anything valuable. A social page is linked, handy for a quick look at past work before booking.</p>","https://framerusercontent.com/images/74yRCSFDqUH6HVBRhJ2WdDQ794.webp","","https://framerusercontent.com/images/SUN3A8zxFQjL4QFjunA3b6gCcnw.webp","","https://framerusercontent.com/images/7xFxF7YEZ36crGYyiwcyaEBoGk.webp","","https://framerusercontent.com/images/omzuUS1Y9BdxI4urAbkSJ6FrfA.webp","","","","https://framerusercontent.com/images/ceQ1QusSo96JydAUXoMTkQY77vc.webp","","https://framerusercontent.com/images/pEj6OyLZ1LjP2s4PsGqgqygb7Yk.webp","","https://framerusercontent.com/images/azUfSF1er2mSeE7AixHvDqMg340.webp","","false","false","Lewis, Man and Van Driver in Shrewsbury","Clark is available for van work in Shrewsbury and Shropshire","Other Man and Van Businesses in Sy2","If you run a van around Shrewsbury, the listings are wide open. Put your details up.","<p dir=""auto"">If you run a van around Shrewsbury, the listings are wide open. <a href=""/driver-signup-page"">Put your details up</a>.</p>","Search for drivers in Shropshire","true"
"jasremovals-ltd-nn18","Corby","Northamptonshire","","Ionut Magirescu","Jasremovals Ltd","","https://www.facebook.com/people/Jasremovals/100086791390264/","https://framerusercontent.com/images/GdKEvAzo1miBw0qhING3SWOBvI.webp","Default profile image for Jasremovals Ltd in Nn18, Northamptonshire.","true","corby-northamptonshire","","07946689489","https://wa.me/447946689489","SWB panel, MWB panel, LWB panel, XLWB panel, Luton no tailift, Lowloader 5m","","Single Item Collection, Local Courier, UK Wide Courier, Small House Removals, Medium House Removals, Large House Moves 7.5t HGV, Rubbish Removal, Motorbike Collection","Yes","","","","Jasremovals Ltd","<h2 dir=""auto"">At a glance</h2><p dir=""auto"">Jasremovals Ltd is a Corby-based man and van listing, set up around the NN18 area of Northamptonshire.</p><h3 dir=""auto"">Work covered</h3><p dir=""auto"">Jobs listed include single-item collections, local courier work, UK-wide courier runs, small house moves, medium house moves, larger house moves, and motorbike transport. An extra pair of hands is listed, useful where items need two people. The job list is broad, from single items through to larger moves, so be specific about which you need.</p><h3 dir=""auto"">The vehicle</h3><p dir=""auto"">The profile lists a few vehicles, including a short wheelbase panel van and a medium wheelbase panel van, a sensible size for single items and lighter moves.</p><h3 dir=""auto"">Working Corby</h3><p dir=""auto"">For clearance loads the nearest household waste centre is Corby Household Waste Recycling Centre, Kettering Road, NN17 3JG. Check North Northamptonshire rules before travelling, especially for permits, trailers and trade waste. A lot of collection work here starts around Willow Place and Corby town centre.</p><p dir=""auto"">For any rubbish, clearance or waste jobs, check the driver holds valid waste carrier registration and disposes of loads properly before booking.</p><h3 dir=""auto"">Before you book</h3><p dir=""auto"">Give the driver something to work with, both postcodes, what is moving, stairs or lift, and timing, and the quote will be more accurate. It also helps to mention how the bike will be loaded and secured. Insurance details have been supplied to VanHub UK, though it is still worth checking the cover suits your particular job. A social page is linked, handy for a quick look at past work before booking.</p>","https://framerusercontent.com/images/74yRCSFDqUH6HVBRhJ2WdDQ794.webp","","https://framerusercontent.com/images/SUN3A8zxFQjL4QFjunA3b6gCcnw.webp","","https://framerusercontent.com/images/7xFxF7YEZ36crGYyiwcyaEBoGk.webp","","https://framerusercontent.com/images/omzuUS1Y9BdxI4urAbkSJ6FrfA.webp","","","","https://framerusercontent.com/images/ceQ1QusSo96JydAUXoMTkQY77vc.webp","","https://framerusercontent.com/images/pEj6OyLZ1LjP2s4PsGqgqygb7Yk.webp","","https://framerusercontent.com/images/azUfSF1er2mSeE7AixHvDqMg340.webp","","true","false","Jasremovals Ltd, Man and Van Based in Corby","Man and Van Services from Ionut Magirescu in Corby, Northamptonshire","Other Man and Van Businesses in Nn18","There is room for more drivers in Corby. If you have a van, set up a profile.","<p dir=""auto"">There is room for more drivers in Corby. If you have a van, <a href=""/driver-signup-page"">set up a profile</a>.</p>","Search for drivers in Northamptonshire","true"
"priority-one-ltd-cv7","Coventry","West Midlands","","Abdul Manan","Priority One Ltd","","","https://framerusercontent.com/images/GdKEvAzo1miBw0qhING3SWOBvI.webp","Default profile image for Priority One Ltd in Cv7, warwickshire.","false","coventry-west-midlands","","07448445259","https://wa.me/447448445259","SWB panel","","Single Item Collection, UK Wide Courier, Local Courier","No","","","","Priority One Ltd","<h2 dir=""auto"">The essentials</h2><p dir=""auto"">Based in Coventry (CV7), Priority One Ltd takes on man and van work across Warwickshire.</p><h3 dir=""auto"">What Abdul covers</h3><p dir=""auto"">Jobs listed include single-item collections, UK-wide courier runs, and local courier work. Going by the van and the job list, this suits single items and courier-style runs more than full house moves.</p><h3 dir=""auto"">What the van handles</h3><p dir=""auto"">Listed here is a short wheelbase panel van, well suited to single items, a few boxes, or a small furniture run.</p><h3 dir=""auto"">On the ground</h3><p dir=""auto"">Shop and store pickups often come off Coventry city centre and Arena Shopping Park.</p><p dir=""auto"">Give the driver something to work with, both postcodes, what is moving, stairs or lift, and timing, and the quote will be more accurate. This is listed as driver-only, so flag if you will need lifting help. Insurance has not been supplied through VanHub UK. Check cover with the driver before handing over anything of value.</p>","https://framerusercontent.com/images/74yRCSFDqUH6HVBRhJ2WdDQ794.webp","","https://framerusercontent.com/images/SUN3A8zxFQjL4QFjunA3b6gCcnw.webp","","https://framerusercontent.com/images/7xFxF7YEZ36crGYyiwcyaEBoGk.webp","","https://framerusercontent.com/images/omzuUS1Y9BdxI4urAbkSJ6FrfA.webp","","","","https://framerusercontent.com/images/ceQ1QusSo96JydAUXoMTkQY77vc.webp","","https://framerusercontent.com/images/pEj6OyLZ1LjP2s4PsGqgqygb7Yk.webp","","https://framerusercontent.com/images/azUfSF1er2mSeE7AixHvDqMg340.webp","","false","false","Priority One Ltd, Van and Driver in Coventry","Abdul Manan is available for van work in Coventry and West Midlands","Other Man and Van Businesses in Cv7","Only Abdul Manan is listed for van work in Coventry so far. Get listed too.","<p dir=""auto"">Only Abdul Manan is listed for van work in Coventry so far. <a href=""/driver-signup-page"">Get listed too</a>.</p>","Search for drivers in warwickshire","true"
"man-with-van-m8","Manchester","Greater Manchester","","Ali Hammoud","Man with Van","","","https://framerusercontent.com/images/GdKEvAzo1miBw0qhING3SWOBvI.webp","Default profile image for Man with Van in M8.","false","manchester-greater-manchester","","07951144086","https://wa.me/447951144086","Luton with tailift","","UK Wide Courier, Local Courier, Large House Moves 7.5t HGV","Yes","","","","Man with Van","<h2 dir=""auto"">About this profile</h2><p dir=""auto"">Man with Van covers Manchester and the surrounding the Local Area area, working out of the M8 postcode.</p><h3 dir=""auto"">What Ali covers</h3><p dir=""auto"">Jobs listed include UK-wide courier runs, local courier work, and larger house moves. Porter help is shown as available, which matters for two-person lifts or stairs.</p><h3 dir=""auto"">The van</h3><p dir=""auto"">Listed here is a Luton with a tail lift, so appliances, furniture, and heavier single items can be wheeled up rather than lifted by hand.</p><h3 dir=""auto"">Local jobs</h3><p dir=""auto"">Shop and store pickups often come off City centre and Northern Quarter. Storage runs come up a fair bit locally, Storebox Manchester included.</p><h3 dir=""auto"">Before you book</h3><p dir=""auto"">When you get in touch, give the pickup and drop-off postcodes, what is moving, parking and stairs, and when you need it. It also helps to mention rough weights or sizes of the larger items. Insurance has not been supplied through VanHub UK. Check cover with the driver before handing over anything of value.</p>","https://framerusercontent.com/images/74yRCSFDqUH6HVBRhJ2WdDQ794.webp","","https://framerusercontent.com/images/SUN3A8zxFQjL4QFjunA3b6gCcnw.webp","","https://framerusercontent.com/images/7xFxF7YEZ36crGYyiwcyaEBoGk.webp","","https://framerusercontent.com/images/omzuUS1Y9BdxI4urAbkSJ6FrfA.webp","","","","https://framerusercontent.com/images/ceQ1QusSo96JydAUXoMTkQY77vc.webp","","https://framerusercontent.com/images/pEj6OyLZ1LjP2s4PsGqgqygb7Yk.webp","","https://framerusercontent.com/images/azUfSF1er2mSeE7AixHvDqMg340.webp","","false","false","Man with Van, Van Driver Covering Manchester","Man and Van Services from Ali Hammoud in Manchester","Other Man and Van Businesses in M8","So far Ali Hammoud is the only listing for Manchester. List your own van.","<p dir=""auto"">So far Ali Hammoud is the only listing for Manchester. <a href=""/driver-signup-page"">List your own van</a>.</p>","Search for drivers","true"
"d-and-s-van-service-se25","Croydon","Croydon","croydon-croydon","Dolapo","D&S Van Service","","https://www.facebook.com/share/1ETrm9mvxu/","https://framerusercontent.com/images/GdKEvAzo1miBw0qhING3SWOBvI.webp","Default profile image for D&S Van Service in Se25.","true","","","07761213266","https://wa.me/447761213266","MWB panel","","Single Item Collection, Local Courier, UK Wide Courier, Small House Removals, Medium House Removals","Yes","","","","D&S Van Service","<h2 dir=""auto"">The essentials</h2><p dir=""auto"">D&amp;S Van Service covers the Local Area and the surrounding the Local Area area, working out of the SE25 postcode.</p><h3 dir=""auto"">Vehicle and services</h3><p dir=""auto"">You are looking at a medium wheelbase panel van, handy for single items, furniture, and smaller moves. Jobs listed include single-item collections, local courier work, UK-wide courier runs, small house moves, and medium house moves. An extra pair of hands is listed, useful where items need two people. This covers a wide range, single items to bigger moves, so pin down the job when you get in touch.</p><h3 dir=""auto"">Sorting a quote</h3><p dir=""auto"">For a sensible price, send both postcodes, a quick item list, access at each end, and your date. No insurance details have been supplied through VanHub UK, so confirm cover directly before booking valuable or higher-risk work. There is a social page on the profile, worth a glance before you commit.</p>","https://framerusercontent.com/images/74yRCSFDqUH6HVBRhJ2WdDQ794.webp","","https://framerusercontent.com/images/SUN3A8zxFQjL4QFjunA3b6gCcnw.webp","","https://framerusercontent.com/images/7xFxF7YEZ36crGYyiwcyaEBoGk.webp","","https://framerusercontent.com/images/omzuUS1Y9BdxI4urAbkSJ6FrfA.webp","","","","https://framerusercontent.com/images/ceQ1QusSo96JydAUXoMTkQY77vc.webp","","https://framerusercontent.com/images/pEj6OyLZ1LjP2s4PsGqgqygb7Yk.webp","","https://framerusercontent.com/images/azUfSF1er2mSeE7AixHvDqMg340.webp","","false","false","D&S Van Service, Van and Driver in Croydon","Van work from Dolapo around Croydon","Other Man and Van Businesses in Se25","No other man and van driver is listed in Croydon yet. Already got a van? Add your details.","<p dir=""auto"">No other man and van driver is listed in Croydon yet. Already got a van? <a href=""/driver-signup-page"">Add your details</a>.</p>","Search for drivers","true"
"ldp-express-ltd-ilford","Ilford","Redbridge","ilford-redbridge","Lyudmil Pavlovski","LDP EXPRESS LTD","","https://www.facebook.com/61570768310757","https://framerusercontent.com/images/HAn7bcCZhnveX7nIT7gDc3UUo6g.jpg","Profile image for LDP EXPRESS LTD in Ilford, Redbridge.","true","","Barkingside, Woodford, Wanstead, Barking, Romford, Walthamstow, Stratford, Chigwell","07714433076","https://wa.me/447714433076","LWB panel","","Single Item Collection, Local Courier Service, UK Wide Courier Service","Yes","","","","LDP EXPRESS LTD","<h2 dir=""auto"">Profile summary</h2><p dir=""auto"">Working from IG6 in Redbridge, LDP EXPRESS LTD handles jobs across Redbridge and nearby. Nearby spots like Barkingside, Woodford, Wanstead, and Barking sit inside the usual working area.</p><h3 dir=""auto"">The setup</h3><p dir=""auto"">You are looking at a long wheelbase panel van, handy for single items, furniture, and smaller moves. Jobs listed include single-item collections, local courier work, and UK-wide courier runs. Porter help is shown as available, which matters for two-person lifts or stairs. Going by the van and the job list, this suits single items and courier-style runs more than full house moves.</p><h3 dir=""auto"">Before you book</h3><p dir=""auto"">A clear message beats a vague one: list the items, both postcodes, floor levels, and parking, plus the date you want. Insurance details have been supplied to VanHub UK, though it is still worth checking the cover suits your particular job. There is a social page on the profile, worth a glance before you commit.</p>","https://framerusercontent.com/images/74yRCSFDqUH6HVBRhJ2WdDQ794.webp","","https://framerusercontent.com/images/SUN3A8zxFQjL4QFjunA3b6gCcnw.webp","","https://framerusercontent.com/images/7xFxF7YEZ36crGYyiwcyaEBoGk.webp","","https://framerusercontent.com/images/omzuUS1Y9BdxI4urAbkSJ6FrfA.webp","","","","https://framerusercontent.com/images/ceQ1QusSo96JydAUXoMTkQY77vc.webp","","https://framerusercontent.com/images/pEj6OyLZ1LjP2s4PsGqgqygb7Yk.webp","","https://framerusercontent.com/images/azUfSF1er2mSeE7AixHvDqMg340.webp","","true","false","LDP EXPRESS LTD, Man and Van Based in Ilford","What Lyudmil Pavlovski takes on around Ilford and Redbridge","Other Man and Van Businesses in Ilford","One driver covers Ilford on the listings at present. Make it two.","<p dir=""auto"">One driver covers Ilford on the listings at present. <a href=""/driver-signup-page"">Make it two</a>.</p>","Search for drivers in Redbridge","true"
"linlin-waterlooville","Waterlooville","Hampshire","","Linlin Liang","Linlin","","","https://framerusercontent.com/images/GdKEvAzo1miBw0qhING3SWOBvI.webp","Default profile image for Linlin in Waterlooville.","false","waterlooville-hampshire","","07554373946","https://wa.me/447554373946","SWB panel","","Single Item Collection, Small House Removals, UK Wide Courier Service, Local Courier Service","No, driver only","","","","Linlin - Waterlooville man and van and courier driver","<h2 dir=""auto"">The essentials</h2><p dir=""auto"">Linlin covers Waterlooville and the surrounding the Local Area area, working out of the PO7 postcode.</p><h3 dir=""auto"">Van and work</h3><p dir=""auto"">Listed here is a short wheelbase panel van, well suited to single items, a few boxes, or a small furniture run. Jobs listed include single-item collections, small house moves, UK-wide courier runs, and local courier work.</p><h3 dir=""auto"">Around Waterlooville</h3><p dir=""auto"">Shop and store pickups often come off Waterlooville town centre and London Road shops. Between-property moves are common, with Sentry Self Storage and Waterlooville among the local storage options.</p><h3 dir=""auto"">Making contact</h3><p dir=""auto"">Give the driver something to work with, both postcodes, what is moving, stairs or lift, and timing, and the quote will be more accurate. Insurance has been provided through VanHub UK, but ask that the cover matches your goods before you commit.</p>","https://framerusercontent.com/images/74yRCSFDqUH6HVBRhJ2WdDQ794.webp","","https://framerusercontent.com/images/SUN3A8zxFQjL4QFjunA3b6gCcnw.webp","","https://framerusercontent.com/images/7xFxF7YEZ36crGYyiwcyaEBoGk.webp","","https://framerusercontent.com/images/omzuUS1Y9BdxI4urAbkSJ6FrfA.webp","","","","https://framerusercontent.com/images/ceQ1QusSo96JydAUXoMTkQY77vc.webp","","https://framerusercontent.com/images/pEj6OyLZ1LjP2s4PsGqgqygb7Yk.webp","","https://framerusercontent.com/images/azUfSF1er2mSeE7AixHvDqMg340.webp","","true","false","Linlin, Van Driver Covering Waterlooville","Jobs Linlin Liang covers in and around Waterlooville, Hampshire","Other Man and Van Businesses in Waterlooville","Linlin Liang is the sole listed driver in Waterlooville right now. Get yourself listed.","<p dir=""auto"">Linlin Liang is the sole listed driver in Waterlooville right now. <a href=""/driver-signup-page"">Get yourself listed</a>.</p>","Search for drivers","true"
"carsense-luton","Luton","Bedfordshire","","Ifeanyi Richard Ojike","CarSense","https://carsenseautosandvanhireltd.uk","","https://framerusercontent.com/images/GdKEvAzo1miBw0qhING3SWOBvI.webp","Default profile image for CarSense in Luton.","true","luton-bedfordshire","","07888138622","https://wa.me/447888138622","LWB panel","","UK Wide Courier Service, Small House Removals, Local Courier Service","Extra manpower depends on the agreement","https://www.instagram.com/carsense.autos.and.van.hireltd?igsh=cDk3NXVzdXlvd24z","","","CarSense - Luton courier and small removals driver","<h2 dir=""auto"">Overview</h2><p dir=""auto"">Based in Luton (LU1), CarSense takes on man and van work across the Local Area.</p><h3 dir=""auto"">Vehicle and services</h3><p dir=""auto"">The profile lists a long wheelbase panel van, a sensible size for single items and lighter moves. Jobs listed include UK-wide courier runs, small house moves, and local courier work. An extra pair of hands is listed, useful where items need two people.</p><h3 dir=""auto"">Around Luton</h3><p dir=""auto"">Shop and store pickups often come off Luton town centre and The Mall. Between-property moves are common, with Big Yellow Luton and Safestore Luton among the local storage options.</p><h3 dir=""auto"">Before you book</h3><p dir=""auto"">A clear message beats a vague one: list the items, both postcodes, floor levels, and parking, plus the date you want. Insurance has been provided through VanHub UK, but ask that the cover matches your goods before you commit. There is a website and a social page on the profile, useful for a quick background check first.</p>","https://framerusercontent.com/images/74yRCSFDqUH6HVBRhJ2WdDQ794.webp","","https://framerusercontent.com/images/SUN3A8zxFQjL4QFjunA3b6gCcnw.webp","","https://framerusercontent.com/images/7xFxF7YEZ36crGYyiwcyaEBoGk.webp","","https://framerusercontent.com/images/omzuUS1Y9BdxI4urAbkSJ6FrfA.webp","","","","https://framerusercontent.com/images/ceQ1QusSo96JydAUXoMTkQY77vc.webp","","https://framerusercontent.com/images/pEj6OyLZ1LjP2s4PsGqgqygb7Yk.webp","","https://framerusercontent.com/images/azUfSF1er2mSeE7AixHvDqMg340.webp","","true","false","CarSense, Man and Van Work in Luton","Collections, moves and deliveries from Ifeanyi Richard Ojike in Luton, Bedfordshire","Other Man and Van Businesses in Luton","Ifeanyi Richard Ojike is the only driver covering Luton on the platform so far. Put your van on the list.","<p dir=""auto"">Ifeanyi Richard Ojike is the only driver covering Luton on the platform so far. <a href=""/driver-signup-page"">Put your van on the list</a>.</p>","Search for drivers","true"
"sanchez-removals-sollutions-ilford","Ilford","Redbridge","ilford-redbridge","Christian Sanchez","Sanchez Removals Sollutions","","https://www.facebook.com/share/1JEJj48L1N/?mibextid=wwXIfr","https://framerusercontent.com/images/Q9i2OmrdA73UuxKJGicVmUerrU.jpeg","Profile image for Sanchez Removals Sollutions in Ilford, Greater London.","true","","Barkingside, Seven Kings, Goodmayes, Wanstead, Barking, Dagenham, Romford, Woodford","07404075346","https://wa.me/447404075346","Luton with tailift","","Single Item Collection, Small House Removals, Medium House Removals (multi van), Motorbike Collection, UK Wide Courier Service, Local Courier Service","Yes","https://www.instagram.com/sanchezsollutions?igsh=b2NydXB6YnBoNzJ6&utm_source=qr","","","Sanchez Removals Sollutions","<h2 dir=""auto"">In brief</h2><p dir=""auto"">Based in Greater London (IG2), Sanchez Removals Sollutions takes on man and van work across Greater London. Customers around Barkingside, Seven Kings, Goodmayes, and Wanstead may also find this a useful option.</p><h3 dir=""auto"">Services listed</h3><p dir=""auto"">Jobs listed include single-item collections, small house moves, medium house moves, motorbike transport, UK-wide courier runs, and local courier work. Porter help is shown as available, which matters for two-person lifts or stairs. The mix leans towards house moves and bulkier loads rather than light courier drops.</p><h3 dir=""auto"">Van and load space</h3><p dir=""auto"">You are looking at a Luton with a tail lift, so appliances, furniture, and heavier single items can be wheeled up rather than lifted by hand.</p><p dir=""auto"">To get a quote worth having, describe the load, both postcodes, and any access issues rather than asking for a flat rate. It also helps to mention rough weights or sizes of the larger items and how the bike will be loaded and secured. Insurance has not been supplied through VanHub UK. Check cover with the driver before handing over anything of value. A social page is linked, handy for a quick look at past work before booking.</p>","https://framerusercontent.com/images/74yRCSFDqUH6HVBRhJ2WdDQ794.webp","","https://framerusercontent.com/images/SUN3A8zxFQjL4QFjunA3b6gCcnw.webp","","https://framerusercontent.com/images/7xFxF7YEZ36crGYyiwcyaEBoGk.webp","","https://framerusercontent.com/images/omzuUS1Y9BdxI4urAbkSJ6FrfA.webp","","","","https://framerusercontent.com/images/ceQ1QusSo96JydAUXoMTkQY77vc.webp","","https://framerusercontent.com/images/pEj6OyLZ1LjP2s4PsGqgqygb7Yk.webp","","https://framerusercontent.com/images/azUfSF1er2mSeE7AixHvDqMg340.webp","","false","false","Sanchez Removals Sollutions, Man and Van Work in Ilford","Christian Sanchez, working Ilford and the rest of Redbridge","Other Man and Van Businesses in Ilford","Nobody else has listed a van in Ilford yet. If you work the area, get your profile up.","<p dir=""auto"">Nobody else has listed a van in Ilford yet. If you work the area, <a href=""/driver-signup-page"">get your profile up</a>.</p>","Search for drivers in Greater London","true"
"mobile-mike-clevedon","Clevedon","Somerset","","Michael Allen","Mobile Mike","","","https://framerusercontent.com/images/GdKEvAzo1miBw0qhING3SWOBvI.webp","Default profile image for Mobile Mike in Clevedon, Somerset.","false","clevedon-somerset","Portishead, Nailsea, Yatton, Backwell, Congresbury, Pill, Long Ashton, Weston-in-Gordano","07878219739","https://wa.me/447878219739","SWB panel","","Local Courier Service, UK Wide Courier Service, Single Item Collection","No","","","","Mobile Mike","<h2 dir=""auto"">In brief</h2><p dir=""auto"">Based in Clevedon (BS21), Mobile Mike takes on man and van work across Somerset. That puts Portishead, Nailsea, Yatton, and Backwell within easy reach for collections and drop-offs.</p><h3 dir=""auto"">Van type and loading</h3><p dir=""auto"">You are looking at a short wheelbase panel van, handy for single items, furniture, and smaller moves.</p><h3 dir=""auto"">What Michael covers</h3><p dir=""auto"">Jobs listed include local courier work, UK-wide courier runs, and single-item collections. It reads as a courier and single-item setup rather than a big-removals one.</p><h3 dir=""auto"">Local jobs</h3><p dir=""auto"">A lot of collection work here starts around Clevedon town centre and Hill Road shops. Local runs mostly follow the M5 and B3133, so timing around those routes matters more than raw mileage.</p><h3 dir=""auto"">Sorting a quote</h3><p dir=""auto"">When you get in touch, give the pickup and drop-off postcodes, what is moving, parking and stairs, and when you need it. This is listed as driver-only, so flag if you will need lifting help. The driver has supplied insurance details to VanHub UK. Confirm the cover fits your items before agreeing anything valuable.</p>","https://framerusercontent.com/images/74yRCSFDqUH6HVBRhJ2WdDQ794.webp","","https://framerusercontent.com/images/SUN3A8zxFQjL4QFjunA3b6gCcnw.webp","","https://framerusercontent.com/images/7xFxF7YEZ36crGYyiwcyaEBoGk.webp","","https://framerusercontent.com/images/omzuUS1Y9BdxI4urAbkSJ6FrfA.webp","","","","https://framerusercontent.com/images/ceQ1QusSo96JydAUXoMTkQY77vc.webp","","https://framerusercontent.com/images/pEj6OyLZ1LjP2s4PsGqgqygb7Yk.webp","","https://framerusercontent.com/images/azUfSF1er2mSeE7AixHvDqMg340.webp","","true","false","Mobile Mike, Man and Van Work in Clevedon","Collections, moves and deliveries from Michael Allen in Clevedon, Somerset","Other Man and Van Businesses in Clevedon","No other Clevedon van driver has signed up yet. Get your van listed.","<p dir=""auto"">No other Clevedon van driver has signed up yet. <a href=""/driver-signup-page"">Get your van listed</a>.</p>","Search for drivers in Somerset","true"
"tjw-direct-logistics-addlestone","Addlestone","Surrey","","Dale Waters","TJW Direct Logistics","https://tjwdirectlogistics.co.uk","","https://framerusercontent.com/images/qVRNpiBTRbFCYjFaIdIhePA6m4c.png","Profile image for TJW Direct Logistics in Addlestone, Surrey.","true","addlestone-surrey","Weybridge, Chertsey, Woking, Walton-on-Thames, Byfleet, West Byfleet, Shepperton, Staines-upon-Thames","07470525046","https://wa.me/447470525046","SWB panel","","Single Item Collection, Local Courier Service, UK Wide Courier Service, Small House Removals","Yes","","","","TJW Direct Logistics","<h2 dir=""auto"">What you are looking at</h2><p dir=""auto"">Based in Addlestone (KT15), TJW Direct Logistics takes on man and van work across Surrey. Customers around Weybridge, Chertsey, Woking, and Walton-on-Thames may also find this a useful option.</p><h3 dir=""auto"">What the van handles</h3><p dir=""auto"">The profile lists a short wheelbase panel van, well suited to single items, a few boxes, or a small furniture run.</p><h3 dir=""auto"">Work covered</h3><p dir=""auto"">Jobs listed include single-item collections, local courier work, UK-wide courier runs, and small house moves. Porter help is shown as available, which matters for two-person lifts or stairs.</p><h3 dir=""auto"">Around Addlestone</h3><p dir=""auto"">Shop and store pickups often come off Addlestone town centre and Addlestone One. Local runs mostly follow the M25, A317 and A318, so timing around those routes matters more than raw mileage.</p><h3 dir=""auto"">Getting a useful quote</h3><p dir=""auto"">When you get in touch, give the pickup and drop-off postcodes, what is moving, parking and stairs, and when you need it. Insurance has not been supplied through VanHub UK. Check cover with the driver before handing over anything of value. A website is linked on the profile, handy for a look before you make contact.</p>","https://framerusercontent.com/images/74yRCSFDqUH6HVBRhJ2WdDQ794.webp","","https://framerusercontent.com/images/SUN3A8zxFQjL4QFjunA3b6gCcnw.webp","","https://framerusercontent.com/images/7xFxF7YEZ36crGYyiwcyaEBoGk.webp","","https://framerusercontent.com/images/omzuUS1Y9BdxI4urAbkSJ6FrfA.webp","","","","https://framerusercontent.com/images/ceQ1QusSo96JydAUXoMTkQY77vc.webp","","https://framerusercontent.com/images/pEj6OyLZ1LjP2s4PsGqgqygb7Yk.webp","","https://framerusercontent.com/images/azUfSF1er2mSeE7AixHvDqMg340.webp","","false","false","TJW Direct Logistics, Man and Van Based in Addlestone","Man and van coverage from Dale Waters in Addlestone and Surrey","Other Man and Van Businesses in Addlestone","Dale Waters stands alone on the Addlestone listings at the moment. List alongside them.","<p dir=""auto"">Dale Waters stands alone on the Addlestone listings at the moment. <a href=""/driver-signup-page"">List alongside them</a>.</p>","Search for drivers in Surrey","true"
"kudos-logistics-tottenham","Tottenham","Haringey","tottenham-haringey","Rodger Bertie","Kudos Logistics","https://www.kudoslogistics.co.uk","","https://framerusercontent.com/images/GdKEvAzo1miBw0qhING3SWOBvI.webp","Default profile image for Kudos Logistics in Tottenham, Greater London.","false","","Edmonton, Wood Green, Walthamstow, Stoke Newington, Finsbury Park, Enfield, Hackney, Holloway","07494961699","https://wa.me/447494961699","SWB panel, LWB panel","","Single Item Collection, Local Courier Service, Small House Removals, Medium House Removals (multi van), UK Wide Courier Service","Yes","","","","Kudos Logistics","<h2 dir=""auto"">The essentials</h2><p dir=""auto"">Working from N17 in Greater London, Kudos Logistics handles jobs across Greater London and nearby. Customers around Edmonton, Wood Green, Walthamstow, and Stoke Newington may also find this a useful option.</p><h3 dir=""auto"">The vehicle</h3><p dir=""auto"">Listed here are a short wheelbase panel van and a long wheelbase panel van, a sensible size for single items and lighter moves.</p><h3 dir=""auto"">Work covered</h3><p dir=""auto"">Jobs listed include single-item collections, local courier work, small house moves, medium house moves, and UK-wide courier runs. An extra pair of hands is listed, useful where items need two people. The job list is broad, from single items through to larger moves, so be specific about which you need.</p><h3 dir=""auto"">Making contact</h3><p dir=""auto"">When you get in touch, give the pickup and drop-off postcodes, what is moving, parking and stairs, and when you need it. Insurance has not been supplied through VanHub UK. Check cover with the driver before handing over anything of value. There is a website linked, so there is more background to check before getting in touch.</p>","https://framerusercontent.com/images/74yRCSFDqUH6HVBRhJ2WdDQ794.webp","","https://framerusercontent.com/images/SUN3A8zxFQjL4QFjunA3b6gCcnw.webp","","https://framerusercontent.com/images/7xFxF7YEZ36crGYyiwcyaEBoGk.webp","","https://framerusercontent.com/images/omzuUS1Y9BdxI4urAbkSJ6FrfA.webp","","","","https://framerusercontent.com/images/ceQ1QusSo96JydAUXoMTkQY77vc.webp","","https://framerusercontent.com/images/pEj6OyLZ1LjP2s4PsGqgqygb7Yk.webp","","https://framerusercontent.com/images/azUfSF1er2mSeE7AixHvDqMg340.webp","","false","false","Kudos Logistics, Van Driver in Tottenham","Collections, moves and deliveries from Rodger Bertie in Tottenham, Haringey","Other Man and Van Businesses in Tottenham","Just one van is listed for Tottenham at this point. List yours next.","<p dir=""auto"">Just one van is listed for Tottenham at this point. <a href=""/driver-signup-page"">List yours next</a>.</p>","Search for drivers in Greater London","true"
"malik-fazal-hussain-and-sons-limited-erdington","Erdington","West Midlands","","Malik Sabir Hussain","Malik Fazal Hussain & Son’s limited","","","https://framerusercontent.com/images/8YviHkwiMHueTYzf0UxeWfIpoM.jpeg","Profile image for Malik Fazal Hussain & Son’s limited in Sons Erdington, West Midlands.","false","birmingham-west-midlands","Birmingham, Sutton Coldfield, Aston, Perry Barr, Castle Bromwich, Kingstanding, Handsworth, Great Barr","07360012183","https://wa.me/447360012183","SWB panel, MWB panel","","Single Item Collection, UK Wide Courier Service, Small House Removals, Rubbish Removal, Hazardous Waste Removal, Medium House Removals (multi van)","Yes","","","","Malik Fazal Hussain & Son’s limited","<h2 dir=""auto"">The essentials</h2><p dir=""auto"">Malik Fazal Hussain &amp; Sons limited runs out of Birmingham in West Midlands, with the profile tied to the B23 district. Nearby spots like Birmingham, Sutton Coldfield, Aston, and Perry Barr sit inside the usual working area. For clearance loads the nearest household waste centre is Birmingham HRCs. Shop and store pickups often come off Bullring and Grand Central.</p><h3 dir=""auto"">What the van handles</h3><p dir=""auto"">You are looking at a short wheelbase panel van and a medium wheelbase panel van, well suited to single items, a few boxes, or a small furniture run.</p><h3 dir=""auto"">Work covered</h3><p dir=""auto"">Jobs listed include single-item collections, UK-wide courier runs, small house moves, and medium house moves. Porter help is shown as available, which matters for two-person lifts or stairs.</p><p dir=""auto"">For any rubbish, clearance or waste jobs, check the driver holds valid waste carrier registration and disposes of loads properly before booking. Hazardous waste is specialist work that needs the right licensing, so confirm this directly.</p><p dir=""auto"">Give the driver something to work with, both postcodes, what is moving, stairs or lift, and timing, and the quote will be more accurate. There is no insurance on file with VanHub UK, so it is worth confirming cover directly, especially for anything valuable.</p>","https://framerusercontent.com/images/74yRCSFDqUH6HVBRhJ2WdDQ794.webp","","https://framerusercontent.com/images/SUN3A8zxFQjL4QFjunA3b6gCcnw.webp","","https://framerusercontent.com/images/7xFxF7YEZ36crGYyiwcyaEBoGk.webp","","https://framerusercontent.com/images/omzuUS1Y9BdxI4urAbkSJ6FrfA.webp","","","","https://framerusercontent.com/images/ceQ1QusSo96JydAUXoMTkQY77vc.webp","","https://framerusercontent.com/images/pEj6OyLZ1LjP2s4PsGqgqygb7Yk.webp","","https://framerusercontent.com/images/azUfSF1er2mSeE7AixHvDqMg340.webp","","false","false","Malik Fazal Hussain & Son’s limited, Van Driver Covering Erdington","Malik Sabir Hussain takes van work across Erdington and West Midlands","Other Man and Van Businesses in Erdington","Driver coverage in Erdington is thin, with just Malik Sabir Hussain listed. Add yours to it.","<p dir=""auto"">Driver coverage in Erdington is thin, with just Malik Sabir Hussain listed. <a href=""/driver-signup-page"">Add yours to it</a>.</p>","Search for drivers in West Midlands","true"
"nextgen-freight-ltd-edinburgh","Edinburgh","City of Edinburgh","","Jaspreet Singh Sangha","Nextgen freight ltd","","","https://framerusercontent.com/images/GdKEvAzo1miBw0qhING3SWOBvI.webp","Default profile image for Nextgen freight ltd in Edinburgh, City of Edinburgh.","false","edinburgh-city-of-edinburgh","Musselburgh, Dalkeith, Loanhead, Bonnyrigg, Penicuik, Tranent, Gorebridge, Roslin","07733879842","https://wa.me/447733879842","LWB panel","Local Courier Service, Single Item Collection, UK Wide Courier Service, Small House Removals","Local Courier Service, Single Item Collection, UK Wide Courier Service, Small House Removals","Yes","","","","Nextgen freight ltd","<h2 dir=""auto"">Profile summary</h2><p dir=""auto"">Based in Edinburgh (EH17), Nextgen freight ltd takes on man and van work across City of Edinburgh. That typically takes in Musselburgh, Dalkeith, Loanhead, and Bonnyrigg among other nearby areas.</p><h3 dir=""auto"">Typical work</h3><p dir=""auto"">Jobs listed include local courier work, single-item collections, UK-wide courier runs, and small house moves. Porter help is shown as available, which matters for two-person lifts or stairs.</p><h3 dir=""auto"">What the van handles</h3><p dir=""auto"">You are looking at a long wheelbase panel van, a sensible size for single items and lighter moves.</p><h3 dir=""auto"">On the ground</h3><p dir=""auto"">Shop and store pickups often come off Edinburgh city centre and Leith Walk.</p><p dir=""auto"">Give the driver something to work with, both postcodes, what is moving, stairs or lift, and timing, and the quote will be more accurate. Insurance has not been supplied through VanHub UK. Check cover with the driver before handing over anything of value.</p>","https://framerusercontent.com/images/74yRCSFDqUH6HVBRhJ2WdDQ794.webp","","https://framerusercontent.com/images/SUN3A8zxFQjL4QFjunA3b6gCcnw.webp","","https://framerusercontent.com/images/7xFxF7YEZ36crGYyiwcyaEBoGk.webp","","https://framerusercontent.com/images/omzuUS1Y9BdxI4urAbkSJ6FrfA.webp","","","","https://framerusercontent.com/images/ceQ1QusSo96JydAUXoMTkQY77vc.webp","","https://framerusercontent.com/images/pEj6OyLZ1LjP2s4PsGqgqygb7Yk.webp","","https://framerusercontent.com/images/azUfSF1er2mSeE7AixHvDqMg340.webp","","false","false","Nextgen freight ltd, Man and Van Covering Edinburgh","Man and Van Services from Jaspreet Singh Sangha in Edinburgh","Other Man and Van Businesses in Edinburgh","Jaspreet Singh Sangha is the sole listed driver in Edinburgh right now. Get yourself listed.","<p dir=""auto"">Jaspreet Singh Sangha is the sole listed driver in Edinburgh right now. <a href=""/driver-signup-page"">Get yourself listed</a>.</p>","Search for drivers in City of Edinburgh","true"
"nationbridge-logistics-walsall","Walsall","West Midlands","","Wesley Hurckmans","NationBridge Logistics","","","https://framerusercontent.com/images/hmb83tBNsWrwYONtSyMmletSo.png","Profile image for NationBridge Logistics in Walsall, West Midlands.","false","walsall-west-midlands","Bloxwich, Walsall, Willenhall, Cannock, Wolverhampton, Aldridge, Brownhills, Darlaston","07513543693","https://wa.me/447513543693","LWB panel","Single Item Collection, Local Courier Service, UK Wide Courier Service, Small House Removals, Medium House Removals, Rubbish Removal, Motorbike Collection, Vehicle Collection","Single Item Collection, Local Courier Service, UK Wide Courier Service, Small House Removals, Medium House Removals, Rubbish Removal, Motorbike Collection, Vehicle Collection","Yes","","","","NationBridge Logistics","<h2 dir=""auto"">About this profile</h2><p dir=""auto"">NationBridge Logistics runs out of Walsall in West Midlands, with the profile tied to the WS3 district. Nearby spots like Bloxwich, Walsall, Willenhall, and Cannock sit inside the usual working area. Rubbish runs round here usually head to Fryers Road Household Waste Recycling Centre, Bloxwich, WS2 7LZ, and Middlemore Lane HWRC, Aldridge, WS9 8EE. Merchants Way is now closed, so check Walsall Council before travelling with bulky waste or van loads.</p><h3 dir=""auto"">Van and work</h3><p dir=""auto"">You are looking at a long wheelbase panel van, a sensible size for single items and lighter moves. Jobs listed include single-item collections, local courier work, UK-wide courier runs, small house moves, medium house moves, motorbike transport, and vehicle transport. Porter help is shown as available, which matters for two-person lifts or stairs. The job list is broad, from single items through to larger moves, so be specific about which you need.</p><p dir=""auto"">Waste and clearance work should only go to a driver with valid waste carrier registration, so confirm this and how the load is disposed of first.</p><h3 dir=""auto"">Sorting a quote</h3><p dir=""auto"">To get a quote worth having, describe the load, both postcodes, and any access issues rather than asking for a flat rate. It also helps to mention how the bike will be loaded and secured. Insurance details have been supplied to VanHub UK, though it is still worth checking the cover suits your particular job.</p>","https://framerusercontent.com/images/74yRCSFDqUH6HVBRhJ2WdDQ794.webp","","https://framerusercontent.com/images/SUN3A8zxFQjL4QFjunA3b6gCcnw.webp","","https://framerusercontent.com/images/7xFxF7YEZ36crGYyiwcyaEBoGk.webp","","https://framerusercontent.com/images/omzuUS1Y9BdxI4urAbkSJ6FrfA.webp","","","","https://framerusercontent.com/images/ceQ1QusSo96JydAUXoMTkQY77vc.webp","","https://framerusercontent.com/images/pEj6OyLZ1LjP2s4PsGqgqygb7Yk.webp","","https://framerusercontent.com/images/azUfSF1er2mSeE7AixHvDqMg340.webp","","true","false","NationBridge Logistics, Removals and Man and Van in Walsall","Man and Van Services from Wesley Hurckmans in Walsall, West Midlands","Other Man and Van Businesses in Walsall","The Walsall board has a single driver on it. Put your name on it.","<p dir=""auto"">The Walsall board has a single driver on it. <a href=""/driver-signup-page"">Put your name on it</a>.</p>","Search for drivers in West Midlands","true"
"sik-logistics-manchester","Manchester","Greater Manchester","","SHAZAAD AHMED","SIK LOGISTICS","","","https://framerusercontent.com/images/GdKEvAzo1miBw0qhING3SWOBvI.webp","Default profile image for SIK LOGISTICS in Manchester, Greater Manchester.","false","manchester-greater-manchester","Salford, Stockport, Denton, Droylsden, Audenshaw, Stretford, Ashton-under-Lyne, Hyde","07876437398","https://wa.me/447876437398","LWB panel","UK Wide Courier Service, Large House Moves 7.5t, HGV, Medium House Removals, Small House Removals, Single Item Collection, Local Courier Service, Motorbike Collection","UK Wide Courier Service, Large House Moves 7.5t, HGV, Medium House Removals, Small House Removals, Single Item Collection, Local Courier Service, Motorbike Collection","Yes","","","","SIK LOGISTICS","<h2 dir=""auto"">Profile summary</h2><p dir=""auto"">SIK LOGISTICS is a Manchester-based driver profile, set up around the M18 area of Greater Manchester. Nearby spots like Salford, Stockport, Denton, and Droylsden sit inside the usual working area. Shop and store pickups often come off City centre and Northern Quarter.</p><h3 dir=""auto"">Van and work</h3><p dir=""auto"">Listed here is a long wheelbase panel van, well suited to single items, a few boxes, or a small furniture run. Jobs listed include UK-wide courier runs, larger house moves, medium house moves, small house moves, single-item collections, local courier work, and motorbike transport. An extra pair of hands is listed, useful where items need two people. This covers a wide range, single items to bigger moves, so pin down the job when you get in touch.</p><h3 dir=""auto"">Sorting a quote</h3><p dir=""auto"">For a sensible price, send both postcodes, a quick item list, access at each end, and your date. It also helps to mention how the bike will be loaded and secured. Insurance has not been supplied through VanHub UK. Check cover with the driver before handing over anything of value.</p>","https://framerusercontent.com/images/74yRCSFDqUH6HVBRhJ2WdDQ794.webp","","https://framerusercontent.com/images/SUN3A8zxFQjL4QFjunA3b6gCcnw.webp","","https://framerusercontent.com/images/7xFxF7YEZ36crGYyiwcyaEBoGk.webp","","https://framerusercontent.com/images/omzuUS1Y9BdxI4urAbkSJ6FrfA.webp","","","","https://framerusercontent.com/images/ceQ1QusSo96JydAUXoMTkQY77vc.webp","","https://framerusercontent.com/images/pEj6OyLZ1LjP2s4PsGqgqygb7Yk.webp","","https://framerusercontent.com/images/azUfSF1er2mSeE7AixHvDqMg340.webp","","false","false","SIK LOGISTICS, Removals and Man and Van in Manchester","SHAZAAD AHMED, working in and around Manchester","Other Man and Van Businesses in Manchester","SHAZAAD AHMED stands alone on the Manchester listings at the moment. List alongside them.","<p dir=""auto"">SHAZAAD AHMED stands alone on the Manchester listings at the moment. <a href=""/driver-signup-page"">List alongside them</a>.</p>","Search for drivers in Greater Manchester","true"
"essential-moves-ltd-birmingham","Birmingham","West Midlands","","mr abdul shamin","essential moves ltd","","https://www.facebook.com/profile.php?id=61575427997030","https://framerusercontent.com/images/GdKEvAzo1miBw0qhING3SWOBvI.webp","Default profile image for essential moves ltd in Birmingham, West Midlands.","true","birmingham-west-midlands","Smethwick, West Bromwich, Oldbury, Walsall, Sutton Coldfield, Solihull, Dudley, Halesowen","07841376007","https://wa.me/447841376007","Luton no tailift","Single Item Collection, Large House Moves 7.5t, HGV, Medium House Removals, Small House Removals","Single Item Collection, Large House Moves 7.5t, HGV, Medium House Removals, Small House Removals","Yes","","","","essential moves ltd","<h2 dir=""auto"">What you are looking at</h2><p dir=""auto"">essential moves ltd is a Birmingham-based man and van listing, set up around the B18 area of West Midlands. That typically takes in Smethwick, West Bromwich, Oldbury, and Walsall among other nearby areas.</p><h3 dir=""auto"">The setup</h3><p dir=""auto"">The profile lists a Luton (no tail lift), with the box body giving room for bulky household items. Jobs listed include single-item collections, larger house moves, medium house moves, and small house moves. An extra pair of hands is listed, useful where items need two people. The mix leans towards house moves and bulkier loads rather than light courier drops.</p><h3 dir=""auto"">Around Birmingham</h3><p dir=""auto"">A lot of collection work here starts around Bullring and Grand Central.</p><h3 dir=""auto"">Sorting a quote</h3><p dir=""auto"">Give the driver something to work with, both postcodes, what is moving, stairs or lift, and timing, and the quote will be more accurate. It also helps to mention rough weights or sizes of the larger items. No insurance details have been supplied through VanHub UK, so confirm cover directly before booking valuable or higher-risk work. A social page is linked, handy for a quick look at past work before booking.</p>","https://framerusercontent.com/images/74yRCSFDqUH6HVBRhJ2WdDQ794.webp","","https://framerusercontent.com/images/SUN3A8zxFQjL4QFjunA3b6gCcnw.webp","","https://framerusercontent.com/images/7xFxF7YEZ36crGYyiwcyaEBoGk.webp","","https://framerusercontent.com/images/omzuUS1Y9BdxI4urAbkSJ6FrfA.webp","","","","https://framerusercontent.com/images/ceQ1QusSo96JydAUXoMTkQY77vc.webp","","https://framerusercontent.com/images/pEj6OyLZ1LjP2s4PsGqgqygb7Yk.webp","","https://framerusercontent.com/images/azUfSF1er2mSeE7AixHvDqMg340.webp","","false","false","essential moves ltd, Man and Van Covering Birmingham","Removals and collections from mr abdul shamin in Birmingham, West Midlands","Other Man and Van Businesses in Birmingham","mr abdul shamin is currently the only listed driver in Birmingham. If you run a van locally, list your van here.","<p dir=""auto"">mr abdul shamin is currently the only listed driver in Birmingham. If you run a van locally, <a href=""/driver-signup-page"">list your van here</a>.</p>","Search for drivers in West Midlands","true"
"alexmove-salford","Salford","Greater Manchester","","Aleksandr Baikovskij","Alexmove","","","https://framerusercontent.com/images/GdKEvAzo1miBw0qhING3SWOBvI.webp","Default profile image for Alexmove in Salford, Greater Manchester.","false","salford-greater-manchester","Manchester, Eccles, Stretford, Swinton, Prestwich, Pendlebury, Urmston, Sale","07931811768","https://wa.me/447931811768","XLWB panel","","Medium House Removals (multi van), Motorbike Collection, Single Item Collection, UK Wide Courier Service, Small House Removals, Local Courier Service","Yes","","","","Alexmove","<h2 dir=""auto"">About this profile</h2><p dir=""auto"">Working from M7 in Salford, Alexmove handles jobs across Greater Manchester and nearby. Nearby spots like Manchester, Eccles, Stretford, and Swinton sit inside the usual working area.</p><h3 dir=""auto"">The vehicle</h3><p dir=""auto"">The profile lists an extra-long wheelbase panel van, which gives good load length for a small move or several larger items.</p><h3 dir=""auto"">What Aleksandr covers</h3><p dir=""auto"">Jobs listed include medium house moves, motorbike transport, single-item collections, UK-wide courier runs, small house moves, and local courier work. Porter help is shown as available, which matters for two-person lifts or stairs. With the moving work and that load space, this reads as a removals-focused setup rather than a courier one.</p><h3 dir=""auto"">The area</h3><p dir=""auto"">Shop and store pickups often come off Salford Shopping Centre and MediaCityUK.</p><p dir=""auto"">Give the driver something to work with, both postcodes, what is moving, stairs or lift, and timing, and the quote will be more accurate. It also helps to mention rough weights or sizes of the larger items and how the bike will be loaded and secured. Insurance has not been supplied through VanHub UK. Check cover with the driver before handing over anything of value.</p>","https://framerusercontent.com/images/74yRCSFDqUH6HVBRhJ2WdDQ794.webp","","https://framerusercontent.com/images/SUN3A8zxFQjL4QFjunA3b6gCcnw.webp","","https://framerusercontent.com/images/7xFxF7YEZ36crGYyiwcyaEBoGk.webp","","https://framerusercontent.com/images/omzuUS1Y9BdxI4urAbkSJ6FrfA.webp","","","","https://framerusercontent.com/images/ceQ1QusSo96JydAUXoMTkQY77vc.webp","","https://framerusercontent.com/images/pEj6OyLZ1LjP2s4PsGqgqygb7Yk.webp","","https://framerusercontent.com/images/azUfSF1er2mSeE7AixHvDqMg340.webp","","false","false","Alexmove, Van Driver in Salford","Aleksandr Baikovskij takes van work across Salford and Greater Manchester","Other Man and Van Businesses in Salford","Driver coverage in Salford is thin, with just Aleksandr Baikovskij listed. Add yours to it.","<p dir=""auto"">Driver coverage in Salford is thin, with just Aleksandr Baikovskij listed. <a href=""/driver-signup-page"">Add yours to it</a>.</p>","Search for drivers in Greater Manchester","true"
"omeben-logistics-ltd-worksop","Worksop","Nottinghamshire","","Richy Omeben","Omeben Logistics Ltd","","","https://framerusercontent.com/images/GdKEvAzo1miBw0qhING3SWOBvI.webp","Default profile image for Omeben Logistics Ltd in Worksop, Nottinghamshire.","false","worksop-nottinghamshire","Retford, Dinnington, Carlton in Lindrick, Shireoaks, Whitwell, Creswell, Langold, Clowne","07710511263","https://wa.me/447710511263","Luton with tailift","","Single Item Collection, Local Courier Service, Small House Removals, UK Wide Courier Service, Medium House Removals (multi van)","Yes","","","","Omeben Logistics Ltd","<h2 dir=""auto"">The rundown</h2><p dir=""auto"">Omeben Logistics Ltd is a Worksop-based man and van listing, set up around the S80 area of Nottinghamshire. Customers around Retford, Dinnington, Carlton in Lindrick, and Shireoaks may also find this a useful option.</p><h3 dir=""auto"">Work covered</h3><p dir=""auto"">Jobs listed include single-item collections, local courier work, small house moves, UK-wide courier runs, and medium house moves. Porter help is shown as available, which matters for two-person lifts or stairs. The mix leans towards house moves and bulkier loads rather than light courier drops.</p><h3 dir=""auto"">Van and load space</h3><p dir=""auto"">Listed here is a Luton with a tail lift, which helps with heavier or bulky items, appliances, and stacked boxes that are awkward to lift in by hand.</p><h3 dir=""auto"">Working Worksop</h3><p dir=""auto"">Shop and store pickups often come off Worksop town centre and Shireoaks Business Centre.</p><p dir=""auto"">When you get in touch, give the pickup and drop-off postcodes, what is moving, parking and stairs, and when you need it. It also helps to mention rough weights or sizes of the larger items. Insurance has not been supplied through VanHub UK. Check cover with the driver before handing over anything of value.</p>","https://framerusercontent.com/images/74yRCSFDqUH6HVBRhJ2WdDQ794.webp","","https://framerusercontent.com/images/SUN3A8zxFQjL4QFjunA3b6gCcnw.webp","","https://framerusercontent.com/images/7xFxF7YEZ36crGYyiwcyaEBoGk.webp","","https://framerusercontent.com/images/omzuUS1Y9BdxI4urAbkSJ6FrfA.webp","","","","https://framerusercontent.com/images/ceQ1QusSo96JydAUXoMTkQY77vc.webp","","https://framerusercontent.com/images/pEj6OyLZ1LjP2s4PsGqgqygb7Yk.webp","","https://framerusercontent.com/images/azUfSF1er2mSeE7AixHvDqMg340.webp","","false","false","Omeben Logistics Ltd, Van Driver in Worksop","Man and van jobs covered by Richy Omeben in Worksop and Nottinghamshire","Other Man and Van Businesses in Worksop","The Worksop listings currently show one driver. Add a second.","<p dir=""auto"">The Worksop listings currently show one driver. <a href=""/driver-signup-page"">Add a second</a>.</p>","Search for drivers in Nottinghamshire","true"
"jm-luton","Luton","Bedfordshire","","Jawad Mehmood","JM","","https://www.facebook.com/share/17inztAjqP/?mibextid=wwXIfr","https://framerusercontent.com/images/mgyx1LMgIetuHbyXrfz2MZzxsE.jpg","Profile image for JM in Luton, Bedfordshire.","true","luton-bedfordshire","Dunstable, Houghton Regis, Harpenden, St Albans, Hitchin, Hemel Hempstead, Leighton Buzzard, Letchworth Garden City","07367086919","https://wa.me/447367086919","LWB panel","","Single Item Collection, Local Courier Service, UK Wide Courier Service, Small House Removals, Medium House Removals, Motorbike Collection","Yes","","","","JM","<h2 dir=""auto"">Profile summary</h2><p dir=""auto"">JM runs out of Luton in Bedfordshire, with the profile tied to the LU4 district. Nearby spots like Dunstable, Houghton Regis, Harpenden, and St Albans sit inside the usual working area.</p><h3 dir=""auto"">Vehicle and services</h3><p dir=""auto"">Listed here is a long wheelbase panel van, handy for single items, furniture, and smaller moves. Jobs listed include single-item collections, local courier work, UK-wide courier runs, small house moves, medium house moves, and motorbike transport. Porter help is shown as available, which matters for two-person lifts or stairs. The job list is broad, from single items through to larger moves, so be specific about which you need.</p><h3 dir=""auto"">Around Luton</h3><p dir=""auto"">A lot of collection work here starts around Luton town centre and The Mall.</p><p dir=""auto"">For a sensible price, send both postcodes, a quick item list, access at each end, and your date. It also helps to mention how the bike will be loaded and secured. Insurance details have been supplied to VanHub UK, though it is still worth checking the cover suits your particular job. A social page is linked, handy for a quick look at past work before booking.</p>","https://framerusercontent.com/images/74yRCSFDqUH6HVBRhJ2WdDQ794.webp","","https://framerusercontent.com/images/SUN3A8zxFQjL4QFjunA3b6gCcnw.webp","","https://framerusercontent.com/images/7xFxF7YEZ36crGYyiwcyaEBoGk.webp","","https://framerusercontent.com/images/omzuUS1Y9BdxI4urAbkSJ6FrfA.webp","","","","https://framerusercontent.com/images/ceQ1QusSo96JydAUXoMTkQY77vc.webp","","https://framerusercontent.com/images/pEj6OyLZ1LjP2s4PsGqgqygb7Yk.webp","","https://framerusercontent.com/images/azUfSF1er2mSeE7AixHvDqMg340.webp","","true","false","JM, Man and Van in Luton","Jobs Jawad Mehmood covers in and around Luton, Bedfordshire","Other Man and Van Businesses in Luton","One driver covers Luton on the listings at present. Make it two.","<p dir=""auto"">One driver covers Luton on the listings at present. <a href=""/driver-signup-page"">Make it two</a>.</p>","Search for drivers in Bedfordshire","true"
"man-with-a-van-motherwell","Motherwell","North Lanarkshire","","Deshan Godakanda","Man with a Van Motherwell","https://g.page/r/CS3jDed3i7FtEBM","","https://framerusercontent.com/images/yKz0mKygEw3gfxtCmj2QQx6xWI.png","Profile image for Man with a Van Motherwell in Motherwell, North Lanarkshire.","true","motherwell-north-lanarkshire","Wishaw, Hamilton, Bellshill, Airdrie, Coatbridge, Carluke, Uddingston, Larkhall","+447926690176","https://wa.me/447926690176","LWB panel, MWB panel, SWB panel","","Single Item Collection, Local Courier Service, Small House Removals, Medium House Removals, Rubbish Removal","Yes","","","","Man with a Van Motherwell","<h2 dir=""auto"">About this profile</h2><p dir=""auto"">Man with a Van Motherwell is a Motherwell-based man and van listing, set up around the ML1 area of North Lanarkshire. Nearby spots like Wishaw, Hamilton, Bellshill, and Airdrie sit inside the usual working area. For clearance loads the nearest household waste centre is Motherwell Recycling Centre. Shop and store pickups often come off Motherwell town centre and retail parks.</p><h3 dir=""auto"">What Deshan covers</h3><p dir=""auto"">Jobs listed include single-item collections, local courier work, small house moves, and medium house moves. Porter help is shown as available, which matters for two-person lifts or stairs.</p><h3 dir=""auto"">The van</h3><p dir=""auto"">The profile lists a few vehicles, including a long wheelbase panel van and a medium wheelbase panel van, a sensible size for single items and lighter moves.</p><p dir=""auto"">Waste and clearance work should only go to a driver with valid waste carrier registration, so confirm this and how the load is disposed of first.</p><h3 dir=""auto"">Making contact</h3><p dir=""auto"">A clear message beats a vague one: list the items, both postcodes, floor levels, and parking, plus the date you want. There is no insurance on file with VanHub UK, so it is worth confirming cover directly, especially for anything valuable. There is a website linked, so there is more background to check before getting in touch.</p>","https://framerusercontent.com/images/74yRCSFDqUH6HVBRhJ2WdDQ794.webp","","https://framerusercontent.com/images/SUN3A8zxFQjL4QFjunA3b6gCcnw.webp","","https://framerusercontent.com/images/7xFxF7YEZ36crGYyiwcyaEBoGk.webp","","https://framerusercontent.com/images/omzuUS1Y9BdxI4urAbkSJ6FrfA.webp","","","","https://framerusercontent.com/images/ceQ1QusSo96JydAUXoMTkQY77vc.webp","","https://framerusercontent.com/images/pEj6OyLZ1LjP2s4PsGqgqygb7Yk.webp","","https://framerusercontent.com/images/azUfSF1er2mSeE7AixHvDqMg340.webp","","false","false","Man with a Van Motherwell, Man and Van Services in Motherwell","Deshan Godakanda runs a van out of Motherwell across North Lanarkshire","Other Man and Van Businesses in Motherwell","Deshan Godakanda is the only driver covering Motherwell on the platform so far. Put your van on the list.","<p dir=""auto"">Deshan Godakanda is the only driver covering Motherwell on the platform so far. <a href=""/driver-signup-page"">Put your van on the list</a>.</p>","Search for drivers in North Lanarkshire","true"
"widnes-removals-widnes","Widnes","Cheshire","","Timothy Ricketts","Widnes Removals","https://widnesremovals.co.uk","https://www.facebook.com/share/1KQA7nDcwM/","https://framerusercontent.com/images/gWSWCNBRV5U6qMhpLHCqURTRXY.jpg","Profile image for Widnes Removals in Widnes, Cheshire.","true","widnes-cheshire","Runcorn, Warrington, St Helens, Prescot, Huyton, Halewood, Speke, Rainhill","07404924366","https://wa.me/447404924366","Luton with tailift","","Small House Removals, Single Item Collection, Medium House Removals, Motorbike Collection","Yes","","","","Widnes Removals","<h2 dir=""auto"">Profile summary</h2><p dir=""auto"">Working from WA8 in Widnes, Widnes Removals handles jobs across Cheshire and nearby. Customers around Runcorn, Warrington, St Helens, and Prescot may also find this a useful option.</p><h3 dir=""auto"">The setup</h3><p dir=""auto"">Listed here is a Luton with a tail lift, so appliances, furniture, and heavier single items can be wheeled up rather than lifted by hand. Jobs listed include small house moves, single-item collections, medium house moves, and motorbike transport. Porter help is shown as available, which matters for two-person lifts or stairs. With the moving work and that load space, this reads as a removals-focused setup rather than a courier one.</p><h3 dir=""auto"">On the ground</h3><p dir=""auto"">A lot of collection work here starts around Widnes town centre and Widnes Shopping Park.</p><p dir=""auto"">A clear message beats a vague one: list the items, both postcodes, floor levels, and parking, plus the date you want. It also helps to mention rough weights or sizes of the larger items and how the bike will be loaded and secured. There is no insurance on file with VanHub UK, so it is worth confirming cover directly, especially for anything valuable. There is a website and a social page on the profile, useful for a quick background check first.</p>","https://framerusercontent.com/images/74yRCSFDqUH6HVBRhJ2WdDQ794.webp","","https://framerusercontent.com/images/SUN3A8zxFQjL4QFjunA3b6gCcnw.webp","","https://framerusercontent.com/images/7xFxF7YEZ36crGYyiwcyaEBoGk.webp","","https://framerusercontent.com/images/omzuUS1Y9BdxI4urAbkSJ6FrfA.webp","","","","https://framerusercontent.com/images/ceQ1QusSo96JydAUXoMTkQY77vc.webp","","https://framerusercontent.com/images/pEj6OyLZ1LjP2s4PsGqgqygb7Yk.webp","","https://framerusercontent.com/images/azUfSF1er2mSeE7AixHvDqMg340.webp","","false","false","Widnes Removals, Van Driver Covering Widnes","Van driver Timothy Ricketts, covering Widnes and Cheshire","Other Man and Van Businesses in Widnes","Nobody else has listed a van in Widnes yet. If you work the area, get your profile up.","<p dir=""auto"">Nobody else has listed a van in Widnes yet. If you work the area, <a href=""/driver-signup-page"">get your profile up</a>.</p>","Search for drivers in Cheshire","true"
"jld-national-keighley","Keighley","West Yorkshire","","JAMES DOWSON","JLD NATIONAL","https://jldnational.co.uk","","https://framerusercontent.com/images/GdKEvAzo1miBw0qhING3SWOBvI.webp","Default profile image for JLD NATIONAL in Keighley, West Yorkshire.","true","keighley-west-yorkshire","Oakworth, Haworth, Bingley, Silsden, Skipton, Ilkley, Cross Hills, Bradford","07984913936","https://wa.me/447984913936","XLWB panel","","UK Wide Courier Service, Motorbike Collection","Yes","","","","JLD NATIONAL","<h2 dir=""auto"">JLD NATIONAL at a glance</h2><p dir=""auto"">JLD NATIONAL is based in the Keighley area of West Yorkshire, with the profile tied to the BD22 district. Local collections around Keighley, Oakworth, Haworth and Bingley sit alongside the UK-wide courier work listed on the profile.</p><h3 dir=""auto"">Van and services</h3><p dir=""auto"">The profile lists an extra-long wheelbase panel van, giving useful floor length for bulky goods, longer loads and multi-item collections. Services listed include UK-wide courier work and motorbike collection. An extra pair of hands is also available where a load needs two people.</p><h3 dir=""auto"">Based around Keighley</h3><p dir=""auto"">The BD22 base is on the western side of Keighley, within practical reach of Oakworth, Haworth, Silsden and the routes towards Skipton and Bradford. For time-sensitive collections, give the exact address and access details rather than relying on the postcode alone.</p><h3 dir=""auto"">Getting an accurate quote</h3><p dir=""auto"">Send both postcodes, the item list, dimensions and approximate weights, access at each end, and the date and timing required. For a motorbike collection, include the make and model, whether it runs and rolls, and any loading restrictions. Insurance details have not been supplied through VanHub UK, so confirm the required cover directly before handing over valuable goods. A business website is linked for further background before making contact.</p>","https://framerusercontent.com/images/74yRCSFDqUH6HVBRhJ2WdDQ794.webp","","https://framerusercontent.com/images/SUN3A8zxFQjL4QFjunA3b6gCcnw.webp","","https://framerusercontent.com/images/7xFxF7YEZ36crGYyiwcyaEBoGk.webp","","https://framerusercontent.com/images/omzuUS1Y9BdxI4urAbkSJ6FrfA.webp","","","","https://framerusercontent.com/images/ceQ1QusSo96JydAUXoMTkQY77vc.webp","","https://framerusercontent.com/images/pEj6OyLZ1LjP2s4PsGqgqygb7Yk.webp","","https://framerusercontent.com/images/azUfSF1er2mSeE7AixHvDqMg340.webp","","false","false","JLD NATIONAL Keighley","Man and Van Services from JAMES DOWSON in Keighley, West Yorkshire","Other Man and Van Businesses in Keighley","Be the first to join JAMES DOWSON on VanHub UK as another listed man and van driver in Keighley. Sign up as a driver here.","<p dir=""auto"">Be the first to join JAMES DOWSON on VanHub UK as another listed man and van driver in Keighley. <a href=""/driver-signup-page"">Sign up as a driver here</a>.</p>","Search for drivers in West Yorkshire","true"
"larae-logistics-blackheath","Blackheath","Greenwich","greenwich-greenwich","Muhammad Aun","Laraé Logistics","","","https://framerusercontent.com/images/pebpOSMYH81ZEpRYn0kQUSgXvw.png","Default profile image for Laraé Logistics in Larae Blackheath, Greenwich.","false","","Greenwich, Lewisham, Kidbrooke, Lee, Charlton, Eltham, Deptford, Woolwich","07914625923","https://wa.me/447914625923","Luton no tailift, Luton with tailift","","Single Item Collection, Local Courier Service, UK Wide Courier Service, Small House Removals, Medium House Removals, Motorbike Collection","Yes","","","","Laraé Logistics","<h2 dir=""auto"">Profile summary</h2><p dir=""auto"">Working from SE3 in Greenwich, Lara Logistics handles jobs across Greenwich and nearby. Nearby spots like Greenwich, Lewisham, Kidbrooke, and Lee sit inside the usual working area.</p><h3 dir=""auto"">Van and load space</h3><p dir=""auto"">Listed here are a Luton (no tail lift) and a Luton with a tail lift, which gives plenty of load height for furniture and boxed goods.</p><h3 dir=""auto"">What Muhammad covers</h3><p dir=""auto"">Jobs listed include single-item collections, local courier work, UK-wide courier runs, small house moves, medium house moves, and motorbike transport. An extra pair of hands is listed, useful where items need two people. With the moving work and that load space, this reads as a removals-focused setup rather than a courier one.</p><h3 dir=""auto"">Before you book</h3><p dir=""auto"">For a sensible price, send both postcodes, a quick item list, access at each end, and your date. It also helps to mention rough weights or sizes of the larger items and how the bike will be loaded and secured. Insurance has been provided through VanHub UK, but ask that the cover matches your goods before you commit.</p>","https://framerusercontent.com/images/74yRCSFDqUH6HVBRhJ2WdDQ794.webp","","https://framerusercontent.com/images/SUN3A8zxFQjL4QFjunA3b6gCcnw.webp","","https://framerusercontent.com/images/7xFxF7YEZ36crGYyiwcyaEBoGk.webp","","https://framerusercontent.com/images/omzuUS1Y9BdxI4urAbkSJ6FrfA.webp","","","","https://framerusercontent.com/images/ceQ1QusSo96JydAUXoMTkQY77vc.webp","","https://framerusercontent.com/images/pEj6OyLZ1LjP2s4PsGqgqygb7Yk.webp","","https://framerusercontent.com/images/azUfSF1er2mSeE7AixHvDqMg340.webp","","true","false","Laraé Logistics, Man and Van Work in Blackheath","Man and van coverage from Muhammad Aun in Blackheath and Greenwich","Other Man and Van Businesses in Blackheath","So far Muhammad Aun is the only listing for Blackheath. List your own van.","<p dir=""auto"">So far Muhammad Aun is the only listing for Blackheath. <a href=""/driver-signup-page"">List your own van</a>.</p>","Search for drivers in Greenwich","true"
"ad-hoc-srv-stepney","Stepney","Tower Hamlets","bethnal-green-tower-hamlets","Isaac Dec-Ali","AD-HOC SRV","","","https://framerusercontent.com/images/GdKEvAzo1miBw0qhING3SWOBvI.webp","Default profile image for AD-HOC SRV in Stepney, Tower Hamlets.","false","","Whitechapel, Bethnal Green, Mile End, Limehouse, Shadwell, Wapping, Bow, Poplar","07403305316","https://wa.me/447403305316","SWB panel, MWB panel","","Single Item Collection, Local Courier Service, UK Wide Courier Service, Small House Removals, Motorbike Collection, Rubbish Removal","Yes","","","","AD-HOC SRV","<h2 dir=""auto"">Profile summary</h2><p dir=""auto"">AD-HOC SRV runs out of Tower Hamlets in Tower Hamlets, with the profile tied to the E1 district. Customers around Whitechapel, Bethnal Green, Mile End, and Limehouse may also find this a useful option.</p><h3 dir=""auto"">The van</h3><p dir=""auto"">Listed here are a short wheelbase panel van and a medium wheelbase panel van, handy for single items, furniture, and smaller moves.</p><h3 dir=""auto"">What Isaac covers</h3><p dir=""auto"">Jobs listed include single-item collections, local courier work, UK-wide courier runs, small house moves, and motorbike transport. An extra pair of hands is listed, useful where items need two people. The job list is broad, from single items through to larger moves, so be specific about which you need.</p><p dir=""auto"">Waste and clearance work should only go to a driver with valid waste carrier registration, so confirm this and how the load is disposed of first.</p><p dir=""auto"">For a sensible price, send both postcodes, a quick item list, access at each end, and your date. It also helps to mention how the bike will be loaded and secured. Insurance has been provided through VanHub UK, but ask that the cover matches your goods before you commit.</p>","https://framerusercontent.com/images/74yRCSFDqUH6HVBRhJ2WdDQ794.webp","","https://framerusercontent.com/images/SUN3A8zxFQjL4QFjunA3b6gCcnw.webp","","https://framerusercontent.com/images/7xFxF7YEZ36crGYyiwcyaEBoGk.webp","","https://framerusercontent.com/images/omzuUS1Y9BdxI4urAbkSJ6FrfA.webp","","","","https://framerusercontent.com/images/ceQ1QusSo96JydAUXoMTkQY77vc.webp","","https://framerusercontent.com/images/pEj6OyLZ1LjP2s4PsGqgqygb7Yk.webp","","https://framerusercontent.com/images/azUfSF1er2mSeE7AixHvDqMg340.webp","","true","false","AD-HOC SRV, Van and Driver in Stepney","Van driver Isaac Dec-Ali, covering Stepney and Tower Hamlets","Other Man and Van Businesses in Stepney","Driver coverage in Stepney is thin, with just Isaac Dec-Ali listed. Add yours to it.","<p dir=""auto"">Driver coverage in Stepney is thin, with just Isaac Dec-Ali listed. <a href=""/driver-signup-page"">Add yours to it</a>.</p>","Search for drivers in Tower Hamlets","true"
"alfy-van-banbury","Banbury","Oxfordshire","","Alfy Van Removals","Alfy Van","","","https://framerusercontent.com/images/2LMF82yFfMabV4GwcYxqvF3Ujw.jpg","Profile image for Alfy Van in Banbury, Oxfordshire.","false","banbury-oxfordshire","Bloxham, Bodicote, Adderbury, Middleton Cheney, Kings Sutton, Deddington, Chipping Warden, Brackley","07867278603","https://wa.me/447867278603","LWB panel, Luton with tailift","","Medium House Removals (multi van), Small House Removals, Single Item Collection","Yes","","","","Alfy Van","<h2 dir=""auto"">In brief</h2><p dir=""auto"">Based in Banbury (OX16), Alfy Van takes on man and van work across Oxfordshire. That puts Bloxham, Bodicote, Adderbury, and Middleton Cheney within easy reach for collections and drop-offs. Shop and store pickups often come off Banbury town centre and Castle Quay.</p><h3 dir=""auto"">The van</h3><p dir=""auto"">You are looking at a long wheelbase panel van and a Luton with a tail lift, well suited to single items, a few boxes, or a small furniture run.</p><h3 dir=""auto"">Jobs on the profile</h3><p dir=""auto"">Jobs listed include medium house moves, small house moves, and single-item collections. Porter help is shown as available, which matters for two-person lifts or stairs.</p><h3 dir=""auto"">Making contact</h3><p dir=""auto"">Give the driver something to work with, both postcodes, what is moving, stairs or lift, and timing, and the quote will be more accurate. There is no insurance on file with VanHub UK, so it is worth confirming cover directly, especially for anything valuable.</p>","https://framerusercontent.com/images/74yRCSFDqUH6HVBRhJ2WdDQ794.webp","","https://framerusercontent.com/images/SUN3A8zxFQjL4QFjunA3b6gCcnw.webp","","https://framerusercontent.com/images/7xFxF7YEZ36crGYyiwcyaEBoGk.webp","","https://framerusercontent.com/images/omzuUS1Y9BdxI4urAbkSJ6FrfA.webp","","","","https://framerusercontent.com/images/ceQ1QusSo96JydAUXoMTkQY77vc.webp","","https://framerusercontent.com/images/pEj6OyLZ1LjP2s4PsGqgqygb7Yk.webp","","https://framerusercontent.com/images/azUfSF1er2mSeE7AixHvDqMg340.webp","","false","false","Alfy Van, Collections and Removals in Banbury","Removals and collections from Alfy Van Removals in Banbury, Oxfordshire","Other Man and Van Businesses in Banbury","Only Alfy Van Removals is listed for van work in Banbury so far. Get listed too.","<p dir=""auto"">Only Alfy Van Removals is listed for van work in Banbury so far. <a href=""/driver-signup-page"">Get listed too</a>.</p>","Search for drivers in Oxfordshire","true"
"fx-delivery-dinnington","Dinnington","South Yorkshire","","Rosi Mbala Vita","Fx Delivery","","https://www.facebook.com/profile.php?id=61571464291288","https://framerusercontent.com/images/OlTDNSnuFDi52vLZBbxMqtiYLoo.jpg","Profile image for Fx Delivery in Dinnington, South Yorkshire.","true","dinnington-south-yorkshire","Worksop, Rotherham, Maltby, Kiveton Park, Aston, Swallownest, Anston, Thurcroft","07916 527141","https://wa.me/447916527141","Luton with tailift, LWB panel, MWB panel, SWB panel, XLWB panel","","Single Item Collection, Small House Removals, UK Wide Courier Service, Medium House Removals (multi van), Local Courier Service","Yes","","","","Fx Delivery","<h2 dir=""auto"">What you are looking at</h2><p dir=""auto"">Working from S25 in Dinnington, Fx Delivery handles jobs across South Yorkshire and nearby. That typically takes in Worksop, Rotherham, Maltby, and Kiveton Park among other nearby areas.</p><h3 dir=""auto"">Jobs on the profile</h3><p dir=""auto"">Jobs listed include single-item collections, small house moves, UK-wide courier runs, medium house moves, and local courier work. An extra pair of hands is listed, useful where items need two people. The mix leans towards house moves and bulkier loads rather than light courier drops.</p><h3 dir=""auto"">What the van handles</h3><p dir=""auto"">You are looking at a few vehicles, including a Luton with a tail lift and a long wheelbase panel van, handy when the load includes weighty goods, white goods, or anything hard to raise into a van.</p><h3 dir=""auto"">Working Dinnington</h3><p dir=""auto"">A lot of collection work here starts around Dinnington town centre and Monksbridge Road shops. Expect the A57 and B6463 to carry most of the traffic, so peak-time access is worth flagging up front.</p><h3 dir=""auto"">Before you book</h3><p dir=""auto"">When you get in touch, give the pickup and drop-off postcodes, what is moving, parking and stairs, and when you need it. It also helps to mention rough weights or sizes of the larger items. No insurance details have been supplied through VanHub UK, so confirm cover directly before booking valuable or higher-risk work. A social page is linked, handy for a quick look at past work before booking.</p>","https://framerusercontent.com/images/74yRCSFDqUH6HVBRhJ2WdDQ794.webp","","https://framerusercontent.com/images/SUN3A8zxFQjL4QFjunA3b6gCcnw.webp","","https://framerusercontent.com/images/7xFxF7YEZ36crGYyiwcyaEBoGk.webp","","https://framerusercontent.com/images/omzuUS1Y9BdxI4urAbkSJ6FrfA.webp","","","","https://framerusercontent.com/images/ceQ1QusSo96JydAUXoMTkQY77vc.webp","","https://framerusercontent.com/images/pEj6OyLZ1LjP2s4PsGqgqygb7Yk.webp","","https://framerusercontent.com/images/azUfSF1er2mSeE7AixHvDqMg340.webp","","false","false","Fx Delivery, Collections and Removals in Dinnington","Collections, moves and deliveries from Rosi Mbala Vita in Dinnington, South Yorkshire","Other Man and Van Businesses in Dinnington","No second driver is listed in Dinnington yet. Own a van locally? Add your listing.","<p dir=""auto"">No second driver is listed in Dinnington yet. Own a van locally? <a href=""/driver-signup-page"">Add your listing</a>.</p>","Search for drivers in South Yorkshire","true"
"kings-logistics-services-ltd-clacton-on-sea","Clacton on Sea","Essex","","Mark King","Kings Logistics Services ltd","www.kingslogisticsservices.co.uk","","https://framerusercontent.com/images/jCXxHpHhsCQZGgBD8MQKGDiyaOg.png","Profile image for Kings Logistics Services ltd in Clacton on Sea, Essex.","true","clacton-on-sea-essex","Jaywick, Great Clacton, Holland-on-Sea, Frinton-on-Sea, Walton-on-the-Naze, St Osyth, Thorpe-le-Soken, Brightlingsea","07361854157","https://wa.me/447361854157","Curtainsider 3.5t, Luton with tailift","","UK Wide Courier Service, Local Courier Service, Single Item Collection, Small House Removals","Yes","","","","Kings Logistics Services ltd","<h2 dir=""auto"">About this profile</h2><p dir=""auto"">Based in Clacton on Sea (CO15), Kings Logistics Services ltd takes on man and van work across Essex. That puts Jaywick, Great Clacton, Holland-on-Sea, and Frinton-on-Sea within easy reach for collections and drop-offs.</p><h3 dir=""auto"">What Mark covers</h3><p dir=""auto"">Jobs listed include UK-wide courier runs, local courier work, single-item collections, and small house moves. An extra pair of hands is listed, useful where items need two people. The mix leans towards house moves and bulkier loads rather than light courier drops.</p><h3 dir=""auto"">The vehicle</h3><p dir=""auto"">The profile lists a curtainsider and a Luton with a tail lift, aimed at bigger moves, pallets, and heavier commercial jobs.</p><h3 dir=""auto"">The area</h3><p dir=""auto"">Shop and store pickups often come off Clacton town centre and Brook Retail Park.</p><h3 dir=""auto"">Before you book</h3><p dir=""auto"">For a sensible price, send both postcodes, a quick item list, access at each end, and your date. It also helps to mention rough weights or sizes of the larger items. There is no insurance on file with VanHub UK, so it is worth confirming cover directly, especially for anything valuable. There is a website linked, so there is more background to check before getting in touch.</p>","https://framerusercontent.com/images/74yRCSFDqUH6HVBRhJ2WdDQ794.webp","","https://framerusercontent.com/images/SUN3A8zxFQjL4QFjunA3b6gCcnw.webp","","https://framerusercontent.com/images/7xFxF7YEZ36crGYyiwcyaEBoGk.webp","","https://framerusercontent.com/images/omzuUS1Y9BdxI4urAbkSJ6FrfA.webp","","","","https://framerusercontent.com/images/ceQ1QusSo96JydAUXoMTkQY77vc.webp","","https://framerusercontent.com/images/pEj6OyLZ1LjP2s4PsGqgqygb7Yk.webp","","https://framerusercontent.com/images/azUfSF1er2mSeE7AixHvDqMg340.webp","","false","false","Kings Logistics Services ltd, Man and Van Work in Clacton on Sea","Mark King, working Clacton on Sea and the rest of Essex","Other Man and Van Businesses in Clacton On Sea","Just one van is listed for Clacton on Sea at this point. List yours next.","<p dir=""auto"">Just one van is listed for Clacton on Sea at this point. <a href=""/driver-signup-page"">List yours next</a>.</p>","Search for drivers in Essex","true"
"carter-hinckley-hinckley","Hinckley","Leicestershire","","Will Carter","Carter Hinckley","","","https://framerusercontent.com/images/GdKEvAzo1miBw0qhING3SWOBvI.webp","Default profile image for Carter Hinckley in Hinckley, Leicestershire.","false","hinckley-leicestershire","Burbage, Barwell, Earl Shilton, Nuneaton, Bedworth, Market Bosworth, Sapcote, Wolvey","07523615619","https://wa.me/447523615619","SWB panel","","Single Item Collection, Local Courier Service, Small House Removals, UK Wide Courier Service, Rubbish Removal","No","","","","Carter Hinckley","<h2 dir=""auto"">The rundown</h2><p dir=""auto"">Carter Hinckley covers Hinckley and the surrounding Leicestershire area, working out of the LE10 postcode. Customers around Burbage, Barwell, Earl Shilton, and Nuneaton may also find this a useful option. Rubbish runs round here usually head to Barwell RHWS. A lot of collection work here starts around Hinckley town centre and The Crescent.</p><h3 dir=""auto"">The setup</h3><p dir=""auto"">Listed here is a short wheelbase panel van, handy for single items, furniture, and smaller moves. Jobs listed include single-item collections, local courier work, small house moves, and UK-wide courier runs.</p><p dir=""auto"">Waste and clearance work should only go to a driver with valid waste carrier registration, so confirm this and how the load is disposed of first.</p><h3 dir=""auto"">Sorting a quote</h3><p dir=""auto"">For a sensible price, send both postcodes, a quick item list, access at each end, and your date. This is listed as driver-only, so flag if you will need lifting help. No insurance details have been supplied through VanHub UK, so confirm cover directly before booking valuable or higher-risk work.</p>","https://framerusercontent.com/images/74yRCSFDqUH6HVBRhJ2WdDQ794.webp","","https://framerusercontent.com/images/SUN3A8zxFQjL4QFjunA3b6gCcnw.webp","","https://framerusercontent.com/images/7xFxF7YEZ36crGYyiwcyaEBoGk.webp","","https://framerusercontent.com/images/omzuUS1Y9BdxI4urAbkSJ6FrfA.webp","","","","https://framerusercontent.com/images/ceQ1QusSo96JydAUXoMTkQY77vc.webp","","https://framerusercontent.com/images/pEj6OyLZ1LjP2s4PsGqgqygb7Yk.webp","","https://framerusercontent.com/images/azUfSF1er2mSeE7AixHvDqMg340.webp","","false","false","Carter Hinckley, Man and Van Covering Hinckley","Will Carter runs a van out of Hinckley across Leicestershire","Other Man and Van Businesses in Hinckley","No one else covers Hinckley on the platform yet. Sign your van up.","<p dir=""auto"">No one else covers Hinckley on the platform yet. <a href=""/driver-signup-page"">Sign your van up</a>.</p>","Search for drivers in Leicestershire","true"
"i-deliver-bideford","Bideford","Devon","","Paul Ellis","I-Deliver","","","https://framerusercontent.com/images/pebpOSMYH81ZEpRYn0kQUSgXvw.png","Default profile image for I-Deliver in Bideford, Devon.","false","bideford-devon","Northam, Westward Ho!, Appledore, Instow, Barnstaple, Great Torrington, Fremington, Braunton","07455863132","https://wa.me/447455863132","MWB panel, SWB panel","","UK Wide Courier Service, Local Courier Service","Yes","","","","I-Deliver","<h2 dir=""auto"">In brief</h2><p dir=""auto"">Working from EX39 in Bideford, I-Deliver handles jobs across Devon and nearby. That typically takes in Northam, Westward Ho!, Appledore, and Instow among other nearby areas.</p><h3 dir=""auto"">The setup</h3><p dir=""auto"">You are looking at a medium wheelbase panel van and a short wheelbase panel van, a sensible size for single items and lighter moves. Jobs listed include UK-wide courier runs and local courier work. Porter help is shown as available, which matters for two-person lifts or stairs. It reads as a courier and single-item setup rather than a big-removals one.</p><h3 dir=""auto"">On the ground</h3><p dir=""auto"">A lot of collection work here starts around Bideford town centre and Atlantic Village / Affinity Devon.</p><p dir=""auto"">Give the driver something to work with, both postcodes, what is moving, stairs or lift, and timing, and the quote will be more accurate. There is no insurance on file with VanHub UK, so it is worth confirming cover directly, especially for anything valuable.</p>","https://framerusercontent.com/images/74yRCSFDqUH6HVBRhJ2WdDQ794.webp","","https://framerusercontent.com/images/SUN3A8zxFQjL4QFjunA3b6gCcnw.webp","","https://framerusercontent.com/images/7xFxF7YEZ36crGYyiwcyaEBoGk.webp","","https://framerusercontent.com/images/omzuUS1Y9BdxI4urAbkSJ6FrfA.webp","","","","https://framerusercontent.com/images/ceQ1QusSo96JydAUXoMTkQY77vc.webp","","https://framerusercontent.com/images/pEj6OyLZ1LjP2s4PsGqgqygb7Yk.webp","","https://framerusercontent.com/images/azUfSF1er2mSeE7AixHvDqMg340.webp","","false","false","I-Deliver, Van and Driver in Bideford","Man and van jobs covered by Paul Ellis in Bideford and Devon","Other Man and Van Businesses in Bideford","The Bideford board has a single driver on it. Put your name on it.","<p dir=""auto"">The Bideford board has a single driver on it. <a href=""/driver-signup-page"">Put your name on it</a>.</p>","Search for drivers in Devon","true"
"the-moving-crew-cornwall-falmouth","Falmouth","Cornwall","","Lee Ashcroft","The Moving Crew Cornwall","","https://www.facebook.com/share/1HrkAvosDf/?mibextid=wwXIfr","https://framerusercontent.com/images/QZY8Hs8qK0ufQK4LPRF06zukfs.png","Profile image for The Moving Crew Cornwall in Falmouth, Cornwall.","true","falmouth-cornwall","Penryn, Mabe Burnthouse, Flushing, Mylor Bridge, Budock Water, Ponsanooth, Constantine, Mawnan Smith","7818706988","https://wa.me/447818706988","Luton with tailift","","Single Item Collection, Local Courier Service, Small House Removals, Medium House Removals, Large House Moves 7.5t, HGV, Rubbish Removal, Hazardous Waste Removal, Motorbike Collection","Yes","","","","The Moving Screw Acornwall","<h2 dir=""auto"">About this profile</h2><p dir=""auto"">The Moving Crew Cornwall covers Falmouth and the surrounding Cornwall area, working out of the TR11 postcode. Nearby spots like Penryn, Mabe Burnthouse, Flushing, and Mylor Bridge sit inside the usual working area.</p><h3 dir=""auto"">What Lee covers</h3><p dir=""auto"">Jobs listed include single-item collections, local courier work, small house moves, medium house moves, larger house moves, and motorbike transport. Porter help is shown as available, which matters for two-person lifts or stairs. The mix leans towards house moves and bulkier loads rather than light courier drops.</p><h3 dir=""auto"">Van and load space</h3><p dir=""auto"">You are looking at a Luton with a tail lift, so appliances, furniture, and heavier single items can be wheeled up rather than lifted by hand.</p><h3 dir=""auto"">Local jobs</h3><p dir=""auto"">Rubbish runs round here usually head to Falmouth HWRC. A lot of collection work here starts around Falmouth town centre and harbour and docks area.</p><p dir=""auto"">Waste and clearance work should only go to a driver with valid waste carrier registration, so confirm this and how the load is disposed of first. Hazardous waste is specialist work that needs the right licensing, so confirm this directly.</p><p dir=""auto"">A clear message beats a vague one: list the items, both postcodes, floor levels, and parking, plus the date you want. It also helps to mention rough weights or sizes of the larger items and how the bike will be loaded and secured. There is no insurance on file with VanHub UK, so it is worth confirming cover directly, especially for anything valuable. There is a social page on the profile, worth a glance before you commit.</p>","https://framerusercontent.com/images/74yRCSFDqUH6HVBRhJ2WdDQ794.webp","","https://framerusercontent.com/images/SUN3A8zxFQjL4QFjunA3b6gCcnw.webp","","https://framerusercontent.com/images/7xFxF7YEZ36crGYyiwcyaEBoGk.webp","","https://framerusercontent.com/images/omzuUS1Y9BdxI4urAbkSJ6FrfA.webp","","","","https://framerusercontent.com/images/ceQ1QusSo96JydAUXoMTkQY77vc.webp","","https://framerusercontent.com/images/pEj6OyLZ1LjP2s4PsGqgqygb7Yk.webp","","https://framerusercontent.com/images/azUfSF1er2mSeE7AixHvDqMg340.webp","","false","false","The Moving Crew Cornwall, Van and Driver in Falmouth","Van work from Lee Ashcroft across Falmouth and Cornwall","Other Man and Van Businesses in Falmouth","Lee Ashcroft is currently the only listed driver in Falmouth. If you run a van locally, list your van here.","<p dir=""auto"">Lee Ashcroft is currently the only listed driver in Falmouth. If you run a van locally, <a href=""/driver-signup-page"">list your van here</a>.</p>","Search for drivers in Cornwall","true"
"duffield-removals-chester","Chester","Cheshire","","Paul Duffield","Duffield Removals","www.duffieldremovals.co.uk","https://www.facebook.com/DuffieldRemovals/","https://framerusercontent.com/images/5335y6BIoqQASbQV6yifuNQNyxw.png","Profile image for Duffield Removals in Chester, Cheshire.","true","chester-cheshire","Hoole, Upton, Blacon, Saltney, Handbridge, Boughton, Christleton, Saughall","7488560853","https://wa.me/447488560853","Luton no tailift, Luton with tailift","","Small House Removals, Medium House Removals, Large House Moves 7.5t, HGV, Rubbish Removal, Local Courier Service, UK Wide Courier Service, Motorbike Collection","Depot in North West & Mid Wales with large team available","https://www.instagram.com/duffieldremovals/","","","Duffield Removals","<h2 dir=""auto"">In brief</h2><p dir=""auto"">Duffield Removals is a Chester-based man and van listing, set up around the CH2 area of Cheshire. That typically takes in Hoole, Upton, Blacon, and Saltney among other nearby areas. For clearance loads the nearest household waste centre is Chester Recycling Centre, Cheshire West and Chester Council site. Check current opening hours, proof-of-residency rules and restrictions before taking furniture, rubble, paint or van loads. A lot of collection work here starts around Chester city centre and The Rows and Greyhound Retail Park.</p><h3 dir=""auto"">Van and load space</h3><p dir=""auto"">The profile lists a Luton (no tail lift) and a Luton with a tail lift, so a decent amount of furniture or a small flat move fits in one run.</p><h3 dir=""auto"">Jobs on the profile</h3><p dir=""auto"">Jobs listed include small house moves, medium house moves, larger house moves, local courier work, UK-wide courier runs, and motorbike transport. Porter help is shown as available, which matters for two-person lifts or stairs. The job list is broad, from single items through to larger moves, so be specific about which you need.</p><p dir=""auto"">For any rubbish, clearance or waste jobs, check the driver holds valid waste carrier registration and disposes of loads properly before booking.</p><h3 dir=""auto"">Sorting a quote</h3><p dir=""auto"">Give the driver something to work with, both postcodes, what is moving, stairs or lift, and timing, and the quote will be more accurate. It also helps to mention rough weights or sizes of the larger items and how the bike will be loaded and secured. Insurance details have been supplied to VanHub UK, though it is still worth checking the cover suits your particular job. A website and a social page are linked, worth a look before you commit.</p>","https://framerusercontent.com/images/74yRCSFDqUH6HVBRhJ2WdDQ794.webp","","https://framerusercontent.com/images/SUN3A8zxFQjL4QFjunA3b6gCcnw.webp","","https://framerusercontent.com/images/7xFxF7YEZ36crGYyiwcyaEBoGk.webp","","https://framerusercontent.com/images/omzuUS1Y9BdxI4urAbkSJ6FrfA.webp","","","","https://framerusercontent.com/images/ceQ1QusSo96JydAUXoMTkQY77vc.webp","","https://framerusercontent.com/images/pEj6OyLZ1LjP2s4PsGqgqygb7Yk.webp","","https://framerusercontent.com/images/azUfSF1er2mSeE7AixHvDqMg340.webp","","true","false","Duffield Removals, Man and Van Services in Chester","What Paul Duffield takes on around Chester and Cheshire","Other Man and Van Businesses in Chester","No one else covers Chester on the platform yet. Sign your van up.","<p dir=""auto"">No one else covers Chester on the platform yet. <a href=""/driver-signup-page"">Sign your van up</a>.</p>","Search for drivers in Cheshire","true"
"hull-man-and-van-services-hull","Hull","East Riding of Yorkshire","","Craig Hunter","Hull man and van services","","https://www.facebook.com/profile.php?id=61589191440674","https://framerusercontent.com/images/ullVgcTmwoZ53RzTD5EWn9UgE.jpg","Profile image for Hull man and van services in Hull, East Riding of Yorkshire.","true","hull-east-riding-of-yorkshire","Cottingham, Hessle, Barton-Upon-Humber, Hedon, Beverley, Sculcoates, Victoria Dock Village, West Park","07587074585","https://wa.me/447587074585","SWB panel","","Single Item Collection, Motorbike Collection, Small House Removals","Yes","","","","Hull man and van services","<h2 dir=""auto"">In brief</h2><p dir=""auto"">Based in Hull (HU7), Hull man and van services takes on man and van work across East Riding of Yorkshire. Customers around Cottingham, Hessle, Barton-Upon-Humber, and Hedon may also find this a useful option.</p><h3 dir=""auto"">The setup</h3><p dir=""auto"">Listed here is a short wheelbase panel van, a sensible size for single items and lighter moves. Jobs listed include single-item collections, motorbike transport, and small house moves. Porter help is shown as available, which matters for two-person lifts or stairs.</p><h3 dir=""auto"">The area</h3><p dir=""auto"">Shop and store pickups often come off City centre and St Stephens.</p><p dir=""auto"">A clear message beats a vague one: list the items, both postcodes, floor levels, and parking, plus the date you want. It also helps to mention how the bike will be loaded and secured. The driver has supplied insurance details to VanHub UK. Confirm the cover fits your items before agreeing anything valuable. A social page is linked, handy for a quick look at past work before booking.</p>","https://framerusercontent.com/images/74yRCSFDqUH6HVBRhJ2WdDQ794.webp","","https://framerusercontent.com/images/SUN3A8zxFQjL4QFjunA3b6gCcnw.webp","","https://framerusercontent.com/images/7xFxF7YEZ36crGYyiwcyaEBoGk.webp","","https://framerusercontent.com/images/omzuUS1Y9BdxI4urAbkSJ6FrfA.webp","","","","https://framerusercontent.com/images/ceQ1QusSo96JydAUXoMTkQY77vc.webp","","https://framerusercontent.com/images/pEj6OyLZ1LjP2s4PsGqgqygb7Yk.webp","","https://framerusercontent.com/images/azUfSF1er2mSeE7AixHvDqMg340.webp","","true","false","Hull man and van services, Van Driver Covering Hull","Jobs Craig Hunter covers in and around Hull, East Riding of Yorkshire","Other Man and Van Businesses in Hull","Only one van is listed in Hull at present. Put yours on too.","<p dir=""auto"">Only one van is listed in Hull at present. <a href=""/driver-signup-page"">Put yours on too</a>.</p>","Search for drivers in East Riding of Yorkshire","true"
"haulova-logistics-putney","Putney","Wandsworth","putney-wandsworth","John Ogundina","Haulova Logistics","https://haulovalogistics.com/","https://www.facebook.com/Haulovalogistics","https://framerusercontent.com/images/tvZD9fQOmazDqtwzAYzqTpVxcs.png","Profile image for Haulova Logistics in Putney, wandsworth.","true","","Wandsworth, Barnes, Fulham, Roehampton, Battersea, Wimbledon, Earlsfield, Clapham","07360684313","https://wa.me/447360684313","SWB panel","","Small House Removals, Single Item Collection, Local Courier Service, Medium House Removals","Yes","https://www.instagram.com/haulovalogistics/","","","Haulova Logistics","<h2 dir=""auto"">The rundown</h2><p dir=""auto"">Haulova Logistics is a Wandsworth-based driver profile, set up around the SW15 area of Wandsworth. That puts Wandsworth, Barnes, Fulham, and Roehampton within easy reach for collections and drop-offs.</p><h3 dir=""auto"">Services listed</h3><p dir=""auto"">Jobs listed include small house moves, single-item collections, local courier work, and medium house moves. Porter help is shown as available, which matters for two-person lifts or stairs.</p><h3 dir=""auto"">What the van handles</h3><p dir=""auto"">You are looking at a short wheelbase panel van, well suited to single items, a few boxes, or a small furniture run.</p><h3 dir=""auto"">Sorting a quote</h3><p dir=""auto"">For a sensible price, send both postcodes, a quick item list, access at each end, and your date. The driver has supplied insurance details to VanHub UK. Confirm the cover fits your items before agreeing anything valuable. A website and a social page are linked, worth a look before you commit.</p>","https://framerusercontent.com/images/74yRCSFDqUH6HVBRhJ2WdDQ794.webp","","https://framerusercontent.com/images/SUN3A8zxFQjL4QFjunA3b6gCcnw.webp","","https://framerusercontent.com/images/7xFxF7YEZ36crGYyiwcyaEBoGk.webp","","https://framerusercontent.com/images/omzuUS1Y9BdxI4urAbkSJ6FrfA.webp","","","","https://framerusercontent.com/images/ceQ1QusSo96JydAUXoMTkQY77vc.webp","","https://framerusercontent.com/images/pEj6OyLZ1LjP2s4PsGqgqygb7Yk.webp","","https://framerusercontent.com/images/azUfSF1er2mSeE7AixHvDqMg340.webp","","true","false","Haulova Logistics, Collections and Removals in Putney","John Ogundina, based in Putney and working across Wandsworth","Other Man and Van Businesses in Putney","Putney is covered by a single listed driver so far. List your van as well.","<p dir=""auto"">Putney is covered by a single listed driver so far. <a href=""/driver-signup-page"">List your van as well</a>.</p>","Search for drivers in wandsworth","true"
"jt-manandvan-wigan","Manandvan Wigan","Greater Manchester","","Gerald Phiri","JT Man&Van","","","https://framerusercontent.com/images/zAia44iCH6QcsT8oxOxkEsTy7zM.jpg","Profile image for JT Man&Van in Manandvan Wigan, Greater Manchester.","false","wigan-greater-manchester","Ince in Makerfield, Hindley, Abram, Standish, Ashton-in-Makerfield, Westhoughton, Billinge, Horwich","07484071587","https://wa.me/447484071587","LWB panel, Curtainsider 3.5t","","Single Item Collection, Local Courier Service, UK Wide Courier Service, Medium House Removals, Motorbike Collection, Small House Removals","Yes","","","","JT Man&Van","<h2 dir=""auto"">At a glance</h2><p dir=""auto"">JT Man&amp;Van is a Wigan-based driver profile, set up around the WN3 area of Greater Manchester. That puts Ince in Makerfield, Hindley, Abram, and Standish within easy reach for collections and drop-offs. A lot of collection work here starts around Wigan town centre and Robin Retail Park.</p><h3 dir=""auto"">Jobs on the profile</h3><p dir=""auto"">Jobs listed include single-item collections, local courier work, UK-wide courier runs, medium house moves, motorbike transport, and small house moves. Porter help is shown as available, which matters for two-person lifts or stairs. This covers a wide range, single items to bigger moves, so pin down the job when you get in touch.</p><h3 dir=""auto"">The van</h3><p dir=""auto"">Listed here are a long wheelbase panel van and a curtainsider, well suited to single items, a few boxes, or a small furniture run.</p><h3 dir=""auto"">Getting a price</h3><p dir=""auto"">Give the driver something to work with, both postcodes, what is moving, stairs or lift, and timing, and the quote will be more accurate. It also helps to mention how the bike will be loaded and secured. Insurance has been provided through VanHub UK, but ask that the cover matches your goods before you commit.</p>","https://framerusercontent.com/images/74yRCSFDqUH6HVBRhJ2WdDQ794.webp","","https://framerusercontent.com/images/SUN3A8zxFQjL4QFjunA3b6gCcnw.webp","","https://framerusercontent.com/images/7xFxF7YEZ36crGYyiwcyaEBoGk.webp","","https://framerusercontent.com/images/omzuUS1Y9BdxI4urAbkSJ6FrfA.webp","","","","https://framerusercontent.com/images/ceQ1QusSo96JydAUXoMTkQY77vc.webp","","https://framerusercontent.com/images/pEj6OyLZ1LjP2s4PsGqgqygb7Yk.webp","","https://framerusercontent.com/images/azUfSF1er2mSeE7AixHvDqMg340.webp","","true","false","JT Man&Van, Man and Van Services in Manandvan Wigan","Van work from Gerald Phiri across Manandvan Wigan and Greater Manchester","Other Man and Van Businesses in Manandvan Wigan","No one else covers Manandvan Wigan on the platform yet. Sign your van up.","<p dir=""auto"">No one else covers Manandvan Wigan on the platform yet. <a href=""/driver-signup-page"">Sign your van up</a>.</p>","Search for drivers in Greater Manchester","true"
"nts-removals-and-transport-hull-hull","Hull","East Riding of Yorkshire","","Nikita Hlestovs","NTS Removals And Transport Hull","","https://www.facebook.com/share/1DnB9SBhfE/","https://framerusercontent.com/images/VOG26nh9GtH3YYBYm7D3OoesuA.png","Profile image for NTS Removals And Transport Hull in Hull, East Riding of Yorkshire.","true","hull-east-riding-of-yorkshire","Cottingham, Hessle, Barton-Upon-Humber, Hedon, Beverley, Sculcoates, Victoria Dock Village, West Park","07939528994","https://wa.me/447939528994","LWB panel, Lowloader","","Single Item Collection, Local Courier Service, UK Wide Courier Service, Medium House Removals, Small House Removals, Rubbish Removal, Motorbike Collection","Yes","","","Tiktok page address","NTS Removals And Transport Hull","<h2 dir=""auto"">Profile summary</h2><p dir=""auto"">NTS Removals And Transport Hull is a Hull-based driver profile, set up around the HU3 area of East Riding of Yorkshire. That typically takes in Cottingham, Hessle, Barton-Upon-Humber, and Hedon among other nearby areas.</p><h3 dir=""auto"">The setup</h3><p dir=""auto"">Listed here are a long wheelbase panel van and a vehicle transporter, handy for single items, furniture, and smaller moves. Jobs listed include single-item collections, local courier work, UK-wide courier runs, medium house moves, small house moves, and motorbike transport. Porter help is shown as available, which matters for two-person lifts or stairs. This covers a wide range, single items to bigger moves, so pin down the job when you get in touch.</p><h3 dir=""auto"">Working Hull</h3><p dir=""auto"">Rubbish runs round here usually head to Hull HWRCs. A lot of collection work here starts around City centre and St Stephens.</p><p dir=""auto"">Waste and clearance work should only go to a driver with valid waste carrier registration, so confirm this and how the load is disposed of first.</p><h3 dir=""auto"">Before you book</h3><p dir=""auto"">Give the driver something to work with, both postcodes, what is moving, stairs or lift, and timing, and the quote will be more accurate. It also helps to mention how the bike will be loaded and secured. Insurance has been provided through VanHub UK, but ask that the cover matches your goods before you commit. There is a social page on the profile, worth a glance before you commit.</p>","https://framerusercontent.com/images/74yRCSFDqUH6HVBRhJ2WdDQ794.webp","","https://framerusercontent.com/images/SUN3A8zxFQjL4QFjunA3b6gCcnw.webp","","https://framerusercontent.com/images/7xFxF7YEZ36crGYyiwcyaEBoGk.webp","","https://framerusercontent.com/images/omzuUS1Y9BdxI4urAbkSJ6FrfA.webp","","","","https://framerusercontent.com/images/ceQ1QusSo96JydAUXoMTkQY77vc.webp","","https://framerusercontent.com/images/pEj6OyLZ1LjP2s4PsGqgqygb7Yk.webp","","https://framerusercontent.com/images/azUfSF1er2mSeE7AixHvDqMg340.webp","","true","false","NTS Removals And Transport Hull, Man and Van Covering Hull","Nikita Hlestovs, based in Hull and working across East Riding of Yorkshire","Other Man and Van Businesses in Hull","Nikita Hlestovs is the only driver covering Hull on the platform so far. Put your van on the list.","<p dir=""auto"">Nikita Hlestovs is the only driver covering Hull on the platform so far. <a href=""/driver-signup-page"">Put your van on the list</a>.</p>","Search for drivers in East Riding of Yorkshire","true"
"handy-haul-transport-uttoxeter","Uttoxeter","Staffordshire","","Karl Sharp","Handy Haul Transport","","","https://framerusercontent.com/images/h29oUaqNY1K8zgJ04bYsfbEG3k.jpg","Profile image for Handy Haul Transport in Uttoxeter, Staffordshire.","false","uttoxeter-staffordshire","Rocester, Doveridge, Marchington, Abbots Bromley, Tutbury, Hatton, Burton upon Trent, Alton","01889 282285","","SWB panel","","Single Item Collection, Local Courier Service, UK Wide Courier Service, Small House Removals, Rubbish Removal","Yes","","","","Handy Haul Transport","<h2 dir=""auto"">In brief</h2><p dir=""auto"">Based in Uttoxeter (ST14), Handy Haul Transport takes on man and van work across Staffordshire. Customers around Rocester, Doveridge, Marchington, and Abbots Bromley may also find this a useful option.</p><h3 dir=""auto"">Vehicle and services</h3><p dir=""auto"">You are looking at a short wheelbase panel van, a sensible size for single items and lighter moves. Jobs listed include single-item collections, local courier work, UK-wide courier runs, and small house moves. An extra pair of hands is listed, useful where items need two people.</p><h3 dir=""auto"">On the ground</h3><p dir=""auto"">For clearance loads the nearest household waste centre is Uttoxeter Recycling Centre, Robert Bakewell Way, ST14 5AU. Check Staffordshire opening days, site rules and vehicle restrictions before taking bulky items, furniture or DIY waste.</p><p dir=""auto"">Waste and clearance work should only go to a driver with valid waste carrier registration, so confirm this and how the load is disposed of first.</p><h3 dir=""auto"">Before you book</h3><p dir=""auto"">To get a quote worth having, describe the load, both postcodes, and any access issues rather than asking for a flat rate. Insurance has not been supplied through VanHub UK. Check cover with the driver before handing over anything of value.</p>","https://framerusercontent.com/images/74yRCSFDqUH6HVBRhJ2WdDQ794.webp","","https://framerusercontent.com/images/SUN3A8zxFQjL4QFjunA3b6gCcnw.webp","","https://framerusercontent.com/images/7xFxF7YEZ36crGYyiwcyaEBoGk.webp","","https://framerusercontent.com/images/omzuUS1Y9BdxI4urAbkSJ6FrfA.webp","","","","https://framerusercontent.com/images/ceQ1QusSo96JydAUXoMTkQY77vc.webp","","https://framerusercontent.com/images/pEj6OyLZ1LjP2s4PsGqgqygb7Yk.webp","","https://framerusercontent.com/images/azUfSF1er2mSeE7AixHvDqMg340.webp","","false","false","Handy Haul Transport, Man and Van in Uttoxeter","Man and Van Services from Karl Sharp in Uttoxeter, Staffordshire","Other Man and Van Businesses in Uttoxeter","No other man and van driver is listed in Uttoxeter yet. Already got a van? Add your details.","<p dir=""auto"">No other man and van driver is listed in Uttoxeter yet. Already got a van? <a href=""/driver-signup-page"">Add your details</a>.</p>","Search for drivers in Staffordshire","true"
"daniels-removals-ltd-warrington","Warrington","Cheshire","","Daniel Korzeniak","Daniels Removals LTD","https://www.danielsremovalsltd.co.uk/","","https://framerusercontent.com/images/GdKEvAzo1miBw0qhING3SWOBvI.webp","Default profile image for Daniels Removals LTD in Warrington, Cheshire.","true","warrington-cheshire","Widnes, Runcorn, St Helens, Newton-le-Willows, Leigh, Golborne, Lymm, Birchwood","07546643969","https://wa.me/447546643969","Luton no tailift, Maxi luton van over 32m3 load space","","Medium House Removals, Single Item Collection, UK Wide Courier Service, Small House Removals","Yes","","","","Daniels Removals LTD","<h2 dir=""auto"">About this profile</h2><p dir=""auto"">Daniels Removals LTD covers Warrington and the surrounding Cheshire area, working out of the WA1 postcode. That puts Widnes, Runcorn, St Helens, and Newton-le-Willows within easy reach for collections and drop-offs. A lot of collection work here starts around Golden Square and Winwick Road retail. Storage runs come up a fair bit locally, Self Storage Centre Warrington and easyStorage Warrington included.</p><h3 dir=""auto"">What this covers</h3><p dir=""auto"">Jobs listed include medium house moves, single-item collections, UK-wide courier runs, and small house moves. Porter help is shown as available, which matters for two-person lifts or stairs. The mix leans towards house moves and bulkier loads rather than light courier drops.</p><h3 dir=""auto"">What the van handles</h3><p dir=""auto"">Listed here are a Luton (no tail lift) and a Luton van, which gives plenty of load height for furniture and boxed goods.</p><h3 dir=""auto"">Getting a price</h3><p dir=""auto"">To get a quote worth having, describe the load, both postcodes, and any access issues rather than asking for a flat rate. It also helps to mention rough weights or sizes of the larger items. Insurance has not been supplied through VanHub UK. Check cover with the driver before handing over anything of value. There is a website linked, so there is more background to check before getting in touch.</p>","https://framerusercontent.com/images/74yRCSFDqUH6HVBRhJ2WdDQ794.webp","","https://framerusercontent.com/images/SUN3A8zxFQjL4QFjunA3b6gCcnw.webp","","https://framerusercontent.com/images/7xFxF7YEZ36crGYyiwcyaEBoGk.webp","","https://framerusercontent.com/images/omzuUS1Y9BdxI4urAbkSJ6FrfA.webp","","","","https://framerusercontent.com/images/ceQ1QusSo96JydAUXoMTkQY77vc.webp","","https://framerusercontent.com/images/pEj6OyLZ1LjP2s4PsGqgqygb7Yk.webp","","https://framerusercontent.com/images/azUfSF1er2mSeE7AixHvDqMg340.webp","","false","false","Daniels Removals LTD, Man and Van in Warrington","Van driver Daniel Korzeniak, covering Warrington and Cheshire","Other Man and Van Businesses in Warrington","So far Daniel Korzeniak is the only listing for Warrington. List your own van.","<p dir=""auto"">So far Daniel Korzeniak is the only listing for Warrington. <a href=""/driver-signup-page"">List your own van</a>.</p>","Search for drivers in Cheshire","true"
"shift-it-man-and-van-removals-birmingham","Birmingham","West Midlands","","Rob Miller","Shift It Man and Van Removals","https://www.shiftitmanandvan.com/","https://www.facebook.com/Shiftitmanandvan","https://framerusercontent.com/images/oaVlHmcT7KvJMt8MYRAHCnYZ6gM.jpg","Profile image for Shift It Man and Van Removals in Birmingham, West Midlands.","true","birmingham-west-midlands","Solihull, West Bromwich, Dudley, Walsall, Smethwick, Halesowen, Oldbury, Sutton Coldfield","07525827958","https://wa.me/447525827958","Luton van with a tail lift.","Single Item Collection, Local Courier Service, UK Wide Courier Service, Small House Removals, Medium House Removals","Single Item Collection, Local Courier Service, UK Wide Courier Service, Small House Removals, Medium House Removals","Yes","https://www.instagram.com/shiftitmanandvanremovals","","","Shift It Man and Van Removals","<h2 dir=""auto"">In brief</h2><p dir=""auto"">Working from B31 in Birmingham, Shift It Man and Van Removals handles jobs across West Midlands and nearby. That puts Solihull, West Bromwich, Dudley, and Walsall within easy reach for collections and drop-offs.</p><h3 dir=""auto"">The setup</h3><p dir=""auto"">Listed here is a Luton with a tail lift, which helps with heavier or bulky items, appliances, and stacked boxes that are awkward to lift in by hand. Jobs listed include single-item collections, local courier work, UK-wide courier runs, small house moves, and medium house moves. Porter help is shown as available, which matters for two-person lifts or stairs. With the moving work and that load space, this reads as a removals-focused setup rather than a courier one.</p><h3 dir=""auto"">On the ground</h3><p dir=""auto"">A lot of collection work here starts around Bullring and Grand Central. Between-property moves are common, with Access Storage Selly Oak among the local storage options.</p><h3 dir=""auto"">Getting a price</h3><p dir=""auto"">When you get in touch, give the pickup and drop-off postcodes, what is moving, parking and stairs, and when you need it. It also helps to mention rough weights or sizes of the larger items. Insurance has been provided through VanHub UK, but ask that the cover matches your goods before you commit. There is a website and a social page on the profile, useful for a quick background check first.</p>","https://framerusercontent.com/images/6AWwfssRcldlgCF0p9SJkEDwAc.jpeg","Rob Miller's van and moving work in Birmingham (1 of 8).","https://framerusercontent.com/images/7DHnvn0qWRoFzzsr0Hnn4Qkjt8.jpeg","Rob Miller's van and moving work in Birmingham (2 of 8).","https://framerusercontent.com/images/4T2pbZ0Hr2219KDbzFGOgx3OBjg.jpeg","Rob Miller's van and moving work in Birmingham (3 of 8).","https://framerusercontent.com/images/Fa5EF3U15Ak5cnoVwkHQDLPgBQ.jpeg","Rob Miller's van and moving work in Birmingham (4 of 8).","https://framerusercontent.com/images/qMnEQdKPyftfJhkTrEd0SVSZLI.jpeg","Rob Miller's van and moving work in Birmingham (5 of 8).","https://framerusercontent.com/images/WVbreWYpvBHtAAJv0oWZH2r8bKM.jpeg","Rob Miller's van and moving work in Birmingham (6 of 8).","https://framerusercontent.com/images/aqgKVovgJrA7ooc6RiMCU8AAUlI.jpeg","Rob Miller's van and moving work in Birmingham (7 of 8).","https://framerusercontent.com/images/L2lAnYbjwahxnIHRslAtDoK9c.jpeg","Rob Miller's van and moving work in Birmingham (8 of 8).","true","true","Shift It Man and Van Removals, Removals and Man and Van in Birmingham","Rob Miller is available for van work in Birmingham and West Midlands","Other Man and Van Businesses in Birmingham","Rob Miller is the only Birmingham driver on here so far. Add your own listing.","<p dir=""auto"">Rob Miller is the only Birmingham driver on here so far. <a href=""/driver-signup-page"">Add your own listing</a>.</p>","Search for drivers in West Midlands","true"
"m-and-sons-norwich","Norwich","Norfolk","","Mitchell Young","M and Sons","","","https://framerusercontent.com/images/pebpOSMYH81ZEpRYn0kQUSgXvw.png","Default profile image for M and Sons in Norwich, Norfolk.","false","norwich-norfolk","Thorpe St Andrew, Hellesdon, Sprowston, Costessey, Cringleford, Taverham, Drayton, Poringland","07939310171","https://wa.me/447939310171","Pick up truck","","Single Item Collection, Local Courier Service, UK Wide Courier Service, Small House Removals","Yes","","","","M and Sons","<h2 dir=""auto"">What you are looking at</h2><p dir=""auto"">M and Sons is a Norwich-based man and van profile, set up around the NR2 area of Norfolk. That puts Thorpe St Andrew, Hellesdon, Sprowston, and Costessey within easy reach for collections and drop-offs.</p><h3 dir=""auto"">The vehicle</h3><p dir=""auto"">Listed here is a small van, aimed at single items, parcels, and smaller drops rather than big moves.</p><h3 dir=""auto"">Typical work</h3><p dir=""auto"">Jobs listed include single-item collections, local courier work, UK-wide courier runs, and small house moves. An extra pair of hands is listed, useful where items need two people.</p><h3 dir=""auto"">Local jobs</h3><p dir=""auto"">A lot of collection work here starts around City centre and Castle Quarter. Between-property moves are common, with Viking Self Storage Norwich among the local storage options.</p><h3 dir=""auto"">Sorting a quote</h3><p dir=""auto"">A clear message beats a vague one: list the items, both postcodes, floor levels, and parking, plus the date you want. No insurance details have been supplied through VanHub UK, so confirm cover directly before booking valuable or higher-risk work.</p>","https://framerusercontent.com/images/74yRCSFDqUH6HVBRhJ2WdDQ794.webp","","https://framerusercontent.com/images/SUN3A8zxFQjL4QFjunA3b6gCcnw.webp","","https://framerusercontent.com/images/7xFxF7YEZ36crGYyiwcyaEBoGk.webp","","https://framerusercontent.com/images/omzuUS1Y9BdxI4urAbkSJ6FrfA.webp","","","","https://framerusercontent.com/images/ceQ1QusSo96JydAUXoMTkQY77vc.webp","","https://framerusercontent.com/images/pEj6OyLZ1LjP2s4PsGqgqygb7Yk.webp","","https://framerusercontent.com/images/azUfSF1er2mSeE7AixHvDqMg340.webp","","false","false","M and Sons, Man and Van Driver in Norwich","Mitchell Young is available for van work in Norwich and Norfolk","Other Man and Van Businesses in Norwich","No second driver is listed in Norwich yet. Own a van locally? Add your listing.","<p dir=""auto"">No second driver is listed in Norwich yet. Own a van locally? <a href=""/driver-signup-page"">Add your listing</a>.</p>","Search for drivers in Norfolk","true"
"lumi-domestic-support-totton","Totton","Hampshire","","Kelvin Omari","Lumi domestic support","","https://www.facebook.com/share/1GvUT8NR2f/?mibextid=wwXIfr","https://framerusercontent.com/images/TWGjP5k8oGqP4pSZHr3BdijOs.jpeg","Profile image for Lumi domestic support in Totton, Hampshire.","true","totton-hampshire","Southampton, Eastleigh, Romsey, Hythe, Marchwood, Lyndhurst, Ashurst, Nursling","07757 619527","https://wa.me/447757619527","LWB panel","","Small House Removals, Rubbish Removal, Single Item Collection","Yes","","","","Lumi domestic support","<h2 dir=""auto"">Overview</h2><p dir=""auto"">Based in Totton (SO40), Lumi domestic support takes on man and van work across Hampshire. That typically takes in Southampton, Eastleigh, Romsey, and Hythe among other nearby areas.</p><h3 dir=""auto"">Van type and loading</h3><p dir=""auto"">The profile lists a long wheelbase panel van, handy for single items, furniture, and smaller moves.</p><h3 dir=""auto"">Services listed</h3><p dir=""auto"">Jobs listed include small house moves and single-item collections. An extra pair of hands is listed, useful where items need two people.</p><h3 dir=""auto"">Local jobs</h3><p dir=""auto"">Rubbish runs round here usually head to Marchwood Household Waste Recycling Centre, Normandy Way, Marchwood, SO40 4UD. Appointments are required and Hampshire vehicle/van permit rules should be checked before a loaded van visit.</p><p dir=""auto"">For any rubbish, clearance or waste jobs, check the driver holds valid waste carrier registration and disposes of loads properly before booking.</p><h3 dir=""auto"">Getting a useful quote</h3><p dir=""auto"">When you get in touch, give the pickup and drop-off postcodes, what is moving, parking and stairs, and when you need it. There is no insurance on file with VanHub UK, so it is worth confirming cover directly, especially for anything valuable. There is a social page on the profile, worth a glance before you commit.</p>","https://framerusercontent.com/images/74yRCSFDqUH6HVBRhJ2WdDQ794.webp","","https://framerusercontent.com/images/SUN3A8zxFQjL4QFjunA3b6gCcnw.webp","","https://framerusercontent.com/images/7xFxF7YEZ36crGYyiwcyaEBoGk.webp","","https://framerusercontent.com/images/omzuUS1Y9BdxI4urAbkSJ6FrfA.webp","","","","https://framerusercontent.com/images/ceQ1QusSo96JydAUXoMTkQY77vc.webp","","https://framerusercontent.com/images/pEj6OyLZ1LjP2s4PsGqgqygb7Yk.webp","","https://framerusercontent.com/images/azUfSF1er2mSeE7AixHvDqMg340.webp","","false","false","Lumi domestic support, Removals and Man and Van in Totton","Van driver Kelvin Omari, covering Totton and Hampshire","Other Man and Van Businesses in Totton","Only Kelvin Omari is listed for van work in Totton so far. Get listed too.","<p dir=""auto"">Only Kelvin Omari is listed for van work in Totton so far. <a href=""/driver-signup-page"">Get listed too</a>.</p>","Search for drivers in Hampshire","true"
"elizabeth-removals-wimbledon","Wimbledon","Merton","wimbledon-merton","Atthar Ahmed","Elizabeth Removals","https://www.elizabethremovals.com","","https://framerusercontent.com/images/LouLJURinmPluKRL0BORz9K8dA.jpeg","Profile image for Elizabeth Removals in Wimbledon, Merton.","false","","Earlsfield, Raynes Park, Tooting, Mitcham, Putney, Wandsworth, Kingston upon Thames, Morden","07475108100","https://wa.me/447475108100","LWB panel, MWB panel, XLWB panel, Luton with tailift, SWB panel","","Single Item Collection, Local Courier Service, UK Wide Courier Service, Small House Removals, Medium House Removals, Motorbike Collection","Yes","","","","Elizabeth Removals","<h2 dir=""auto"">About this profile</h2><p dir=""auto"">Elizabeth Removals covers Merton and the surrounding Merton area, working out of the SW19 postcode. Customers around Earlsfield, Raynes Park, Tooting, and Mitcham may also find this a useful option.</p><h3 dir=""auto"">Vehicle and services</h3><p dir=""auto"">You are looking at a few vehicles, including a long wheelbase panel van and a medium wheelbase panel van, well suited to single items, a few boxes, or a small furniture run. Jobs listed include single-item collections, local courier work, UK-wide courier runs, small house moves, medium house moves, and motorbike transport. Porter help is shown as available, which matters for two-person lifts or stairs. This covers a wide range, single items to bigger moves, so pin down the job when you get in touch.</p><h3 dir=""auto"">Sorting a quote</h3><p dir=""auto"">When you get in touch, give the pickup and drop-off postcodes, what is moving, parking and stairs, and when you need it. It also helps to mention how the bike will be loaded and secured. No insurance details have been supplied through VanHub UK, so confirm cover directly before booking valuable or higher-risk work. There is a website linked, so there is more background to check before getting in touch.</p>","https://framerusercontent.com/images/74yRCSFDqUH6HVBRhJ2WdDQ794.webp","","https://framerusercontent.com/images/SUN3A8zxFQjL4QFjunA3b6gCcnw.webp","","https://framerusercontent.com/images/7xFxF7YEZ36crGYyiwcyaEBoGk.webp","","https://framerusercontent.com/images/omzuUS1Y9BdxI4urAbkSJ6FrfA.webp","","","","https://framerusercontent.com/images/ceQ1QusSo96JydAUXoMTkQY77vc.webp","","https://framerusercontent.com/images/pEj6OyLZ1LjP2s4PsGqgqygb7Yk.webp","","https://framerusercontent.com/images/azUfSF1er2mSeE7AixHvDqMg340.webp","","false","false","Elizabeth Removals, Collections and Removals in Wimbledon","Atthar Ahmed runs a van out of Wimbledon across Merton","Other Man and Van Businesses in Wimbledon","No other Wimbledon van driver has signed up yet. Get your van listed.","<p dir=""auto"">No other Wimbledon van driver has signed up yet. <a href=""/driver-signup-page"">Get your van listed</a>.</p>","Search for drivers in Merton","true"
"ma-courier-service-24-7-spennymoor","Spennymoor","County Durham","","Matthew Metcalfe","M.A courier service 24/7","","","https://framerusercontent.com/images/zT0YWWNxhVl0H7S3PPria2D1o.png","Profile image for M.A courier service 24/7 in Ma Spennymoor, County Durham.","false","spennymoor-county-durham","Durham, Bishop Auckland, Ferryhill, Crook, Newton Aycliffe, Shildon, Willington, Sedgefield","07779214506","https://wa.me/447779214506","SWB panel","","UK Wide Courier Service, Single Item Collection","Yes","","","","M.A courier service 24/7","<h2 dir=""auto"">The essentials</h2><p dir=""auto"">M.A courier service 24/7 covers Spennymoor and the surrounding County Durham area, working out of the DL16 postcode. Customers around Durham, Bishop Auckland, Ferryhill, and Crook may also find this a useful option.</p><h3 dir=""auto"">Van type and loading</h3><p dir=""auto"">The profile lists a short wheelbase panel van, handy for single items, furniture, and smaller moves.</p><h3 dir=""auto"">Work covered</h3><p dir=""auto"">Jobs listed include UK-wide courier runs and single-item collections. Porter help is shown as available, which matters for two-person lifts or stairs. Going by the van and the job list, this suits single items and courier-style runs more than full house moves.</p><h3 dir=""auto"">Working Spennymoor</h3><p dir=""auto"">Shop and store pickups often come off Spennymoor town centre.</p><h3 dir=""auto"">Getting a price</h3><p dir=""auto"">A clear message beats a vague one: list the items, both postcodes, floor levels, and parking, plus the date you want. Insurance has not been supplied through VanHub UK. Check cover with the driver before handing over anything of value.</p>","https://framerusercontent.com/images/74yRCSFDqUH6HVBRhJ2WdDQ794.webp","","https://framerusercontent.com/images/SUN3A8zxFQjL4QFjunA3b6gCcnw.webp","","https://framerusercontent.com/images/7xFxF7YEZ36crGYyiwcyaEBoGk.webp","","https://framerusercontent.com/images/omzuUS1Y9BdxI4urAbkSJ6FrfA.webp","","","","https://framerusercontent.com/images/ceQ1QusSo96JydAUXoMTkQY77vc.webp","","https://framerusercontent.com/images/pEj6OyLZ1LjP2s4PsGqgqygb7Yk.webp","","https://framerusercontent.com/images/azUfSF1er2mSeE7AixHvDqMg340.webp","","false","false","M.A courier service 24/7, Deliveries and Man and Van in Spennymoor","Man and Van Services from Matthew Metcalfe in Spennymoor, County Durham","Other Man and Van Businesses in Spennymoor","Matthew Metcalfe is the only Spennymoor driver on here so far. Add your own listing.","<p dir=""auto"">Matthew Metcalfe is the only Spennymoor driver on here so far. <a href=""/driver-signup-page"">Add your own listing</a>.</p>","Search for drivers in County Durham","true"
"jct-20-removals-middleton","Middleton","Greater Manchester","","Daniel Dronsfield","JCT 20 Removals","https://www.jct20removals.co.uk","https://www.facebook.com/share/1KyZ2qUhb3/?mibextid=wwXIfr","https://framerusercontent.com/images/j6JOnxcemXplkSfA2IeEfUhxoo.jpg","Profile image for JCT 20 Removals in Middleton, Greater Manchester.","true","middleton-greater-manchester","Manchester, Rochdale, Oldham, Bury, Heywood, Chadderton, Prestwich, Failsworth","07403568149","https://wa.me/447403568149","Luton with tailift, 7.5t with tailift, MWB panel","","Single Item Collection, Small House Removals, Medium House Removals, Large House Moves, HGV, Motorbike Collection","Yes","https://www.instagram.com/jct20removals?igsh=dHZ6eWl0NGpjaG03&utm_source=qr","","","JCT 20 Removals","<h2 dir=""auto"">In brief</h2><p dir=""auto"">JCT 20 Removals covers Middleton and the surrounding Greater Manchester area, working out of the M24 postcode. That puts Manchester, Rochdale, Oldham, and Bury within easy reach for collections and drop-offs.</p><h3 dir=""auto"">Jobs on the profile</h3><p dir=""auto"">Jobs listed include single-item collections, small house moves, medium house moves, larger house moves, and motorbike transport. An extra pair of hands is listed, useful where items need two people. With the moving work and that load space, this reads as a removals-focused setup rather than a courier one.</p><h3 dir=""auto"">The vehicle</h3><p dir=""auto"">You are looking at a few vehicles, including a Luton with a tail lift and a 7.5t box with a tail lift, so appliances, furniture, and heavier single items can be wheeled up rather than lifted by hand.</p><h3 dir=""auto"">Local jobs</h3><p dir=""auto"">A lot of collection work here starts around Middleton Shopping Centre and Middleton town centre.</p><h3 dir=""auto"">Sorting a quote</h3><p dir=""auto"">To get a quote worth having, describe the load, both postcodes, and any access issues rather than asking for a flat rate. It also helps to mention rough weights or sizes of the larger items and how the bike will be loaded and secured. Insurance has not been supplied through VanHub UK. Check cover with the driver before handing over anything of value. A website and a social page are linked, worth a look before you commit.</p>","https://framerusercontent.com/images/74yRCSFDqUH6HVBRhJ2WdDQ794.webp","","https://framerusercontent.com/images/SUN3A8zxFQjL4QFjunA3b6gCcnw.webp","","https://framerusercontent.com/images/7xFxF7YEZ36crGYyiwcyaEBoGk.webp","","https://framerusercontent.com/images/omzuUS1Y9BdxI4urAbkSJ6FrfA.webp","","","","https://framerusercontent.com/images/ceQ1QusSo96JydAUXoMTkQY77vc.webp","","https://framerusercontent.com/images/pEj6OyLZ1LjP2s4PsGqgqygb7Yk.webp","","https://framerusercontent.com/images/azUfSF1er2mSeE7AixHvDqMg340.webp","","false","false","JCT 20 Removals, Man and Van Driver in Middleton","Daniel Dronsfield takes van work across Middleton and Greater Manchester","Other Man and Van Businesses in Middleton","Just one van is listed for Middleton at this point. List yours next.","<p dir=""auto"">Just one van is listed for Middleton at this point. <a href=""/driver-signup-page"">List yours next</a>.</p>","Search for drivers in Greater Manchester","true"
"ms-move-me-ltd-salford","Salford","Greater Manchester","","Mindaugas Silickas","MS Move Me LTD","","","https://framerusercontent.com/images/nSNfQVwNzdzVikHTAgT8bspsVI.png","Profile image for MS Move Me LTD in Salford, Greater Manchester.","false","salford-greater-manchester","Manchester, Prestwich, Stretford, Eccles, Swinton, Pendlebury, Cheetham Hill, Broughton","07548896172","https://wa.me/447548896172","XLWB panel","","Single Item Collection, Local Courier Service, UK Wide Courier Service, Small House Removals","Yes","","","","MS Move Me LTD","<h2 dir=""auto"">At a glance</h2><p dir=""auto"">MS Move Me LTD covers Salford and the surrounding Greater Manchester area, working out of the M7 postcode. That typically takes in Manchester, Prestwich, Stretford, and Eccles among other nearby areas.</p><h3 dir=""auto"">The vehicle</h3><p dir=""auto"">The profile lists an extra-long wheelbase panel van, which gives good load length for a small move or several larger items.</p><h3 dir=""auto"">Jobs on the profile</h3><p dir=""auto"">Jobs listed include single-item collections, local courier work, UK-wide courier runs, and small house moves. An extra pair of hands is listed, useful where items need two people. With the moving work and that load space, this reads as a removals-focused setup rather than a courier one.</p><h3 dir=""auto"">On the ground</h3><p dir=""auto"">Shop and store pickups often come off Salford Shopping Centre and MediaCityUK. Between-property moves are common, with The Store Room Salford among the local storage options.</p><h3 dir=""auto"">Getting a price</h3><p dir=""auto"">To get a quote worth having, describe the load, both postcodes, and any access issues rather than asking for a flat rate. It also helps to mention rough weights or sizes of the larger items. Insurance details have been supplied to VanHub UK, though it is still worth checking the cover suits your particular job.</p>","https://framerusercontent.com/images/74yRCSFDqUH6HVBRhJ2WdDQ794.webp","","https://framerusercontent.com/images/SUN3A8zxFQjL4QFjunA3b6gCcnw.webp","","https://framerusercontent.com/images/7xFxF7YEZ36crGYyiwcyaEBoGk.webp","","https://framerusercontent.com/images/omzuUS1Y9BdxI4urAbkSJ6FrfA.webp","","","","https://framerusercontent.com/images/ceQ1QusSo96JydAUXoMTkQY77vc.webp","","https://framerusercontent.com/images/pEj6OyLZ1LjP2s4PsGqgqygb7Yk.webp","","https://framerusercontent.com/images/azUfSF1er2mSeE7AixHvDqMg340.webp","","true","false","MS Move Me LTD, Removals and Man and Van in Salford","Mindaugas Silickas, based in Salford and working across Greater Manchester","Other Man and Van Businesses in Salford","No second driver is listed in Salford yet. Own a van locally? Add your listing.","<p dir=""auto"">No second driver is listed in Salford yet. Own a van locally? <a href=""/driver-signup-page"">Add your listing</a>.</p>","Search for drivers in Greater Manchester","true"
"mk-atlas-courier-service-s-birchington","Birchington","Kent","","Rikki Otto","Mk Atlas Courier Service's","https://www.mkatlascourierservices.co.uk","","https://framerusercontent.com/images/GdKEvAzo1miBw0qhING3SWOBvI.webp","Default profile image for Mk Atlas Courier Service's in Birchington, Kent.","true","birchington-kent","Margate, Westgate-on-Sea, Herne Bay, Ramsgate, Broadstairs, Canterbury, Sandwich, Whitstable","07386407457","https://wa.me/447386407457","MWB panel","","Small House Removals, Single Item Collection, Local Courier Service, UK Wide Courier Service, Motorbike Collection","Yes","","","","Mk Atlas Courier Service's","<h2 dir=""auto"">Overview</h2><p dir=""auto"">Mk Atlas Courier Service's runs out of Birchington in Kent, with the profile tied to the CT7 district. Customers around Margate, Westgate-on-Sea, Herne Bay, and Ramsgate may also find this a useful option. Shop and store pickups often come off Birchington village centre and Station Road shops. Between-property moves are common, with van parking and short-term move storage among the local storage options.</p><h3 dir=""auto"">Vehicle and services</h3><p dir=""auto"">The profile lists a medium wheelbase panel van, a sensible size for single items and lighter moves. Jobs listed include small house moves, single-item collections, local courier work, UK-wide courier runs, and motorbike transport. An extra pair of hands is listed, useful where items need two people. The job list is broad, from single items through to larger moves, so be specific about which you need.</p><p dir=""auto"">To get a quote worth having, describe the load, both postcodes, and any access issues rather than asking for a flat rate. It also helps to mention how the bike will be loaded and secured. The driver has supplied insurance details to VanHub UK. Confirm the cover fits your items before agreeing anything valuable. There is a website linked, so there is more background to check before getting in touch.</p>","https://framerusercontent.com/images/74yRCSFDqUH6HVBRhJ2WdDQ794.webp","","https://framerusercontent.com/images/SUN3A8zxFQjL4QFjunA3b6gCcnw.webp","","https://framerusercontent.com/images/7xFxF7YEZ36crGYyiwcyaEBoGk.webp","","https://framerusercontent.com/images/omzuUS1Y9BdxI4urAbkSJ6FrfA.webp","","","","https://framerusercontent.com/images/ceQ1QusSo96JydAUXoMTkQY77vc.webp","","https://framerusercontent.com/images/pEj6OyLZ1LjP2s4PsGqgqygb7Yk.webp","","https://framerusercontent.com/images/azUfSF1er2mSeE7AixHvDqMg340.webp","","true","false","Mk Atlas Courier Service's, Man and Van Services in Birchington","Van driver Rikki Otto, covering Birchington and Kent","Other Man and Van Businesses in Birchington","Nobody has listed against Rikki Otto in Birchington yet. List your business here.","<p dir=""auto"">Nobody has listed against Rikki Otto in Birchington yet. <a href=""/driver-signup-page"">List your business here</a>.</p>","Search for drivers in Kent","true"
"hays-haulage-elgin","Elgin","Moray","","Barrie Hay","Hays Haulage","","","https://framerusercontent.com/images/GdKEvAzo1miBw0qhING3SWOBvI.webp","Default profile image for Hays Haulage in Elgin, Moray.","false","elgin-moray","Lossiemouth, Forres, Buckie, Keith, Rothes, Fochabers, Burghead, Lhanbryde","07425111571","https://wa.me/447425111571","Luton with tailift, SWB panel","","Medium House Removals","Yes","","","","Hays Haulage","<h2 dir=""auto"">In brief</h2><p dir=""auto"">Based in Elgin (IV30), Hays Haulage takes on man and van work across Moray. That puts Lossiemouth, Forres, Buckie, and Keith within easy reach for collections and drop-offs.</p><h3 dir=""auto"">The vehicle</h3><p dir=""auto"">Listed here are a Luton with a tail lift and a short wheelbase panel van, which helps with heavier or bulky items, appliances, and stacked boxes that are awkward to lift in by hand.</p><h3 dir=""auto"">What Barrie covers</h3><p dir=""auto"">Jobs listed include medium house moves. An extra pair of hands is listed, useful where items need two people. The mix leans towards house moves and bulkier loads rather than light courier drops.</p><h3 dir=""auto"">Around Elgin</h3><p dir=""auto"">Storage runs come up a fair bit locally, Elgin Storage included. Local runs mostly follow the A96 and A941, so timing around those routes matters more than raw mileage.</p><p dir=""auto"">Give the driver something to work with, both postcodes, what is moving, stairs or lift, and timing, and the quote will be more accurate. It also helps to mention rough weights or sizes of the larger items. Insurance has not been supplied through VanHub UK. Check cover with the driver before handing over anything of value.</p>","https://framerusercontent.com/images/74yRCSFDqUH6HVBRhJ2WdDQ794.webp","","https://framerusercontent.com/images/SUN3A8zxFQjL4QFjunA3b6gCcnw.webp","","https://framerusercontent.com/images/7xFxF7YEZ36crGYyiwcyaEBoGk.webp","","https://framerusercontent.com/images/omzuUS1Y9BdxI4urAbkSJ6FrfA.webp","","","","https://framerusercontent.com/images/ceQ1QusSo96JydAUXoMTkQY77vc.webp","","https://framerusercontent.com/images/pEj6OyLZ1LjP2s4PsGqgqygb7Yk.webp","","https://framerusercontent.com/images/azUfSF1er2mSeE7AixHvDqMg340.webp","","false","false","Hays Haulage, Man and Van in Elgin","Collections, moves and deliveries from Barrie Hay in Elgin, Moray","Other Man and Van Businesses in Elgin","Driver coverage in Elgin is thin, with just Barrie Hay listed. Add yours to it.","<p dir=""auto"">Driver coverage in Elgin is thin, with just Barrie Hay listed. <a href=""/driver-signup-page"">Add yours to it</a>.</p>","Search for drivers in Moray","true"
"pjh-logistics-leighton-buzzard","Leighton Buzzard","Bedfordshire","","in","PJH Logistics","","https://www.facebook.com/share/14gnWKpsySg/?mibextid=wwXIfr","https://framerusercontent.com/images/nd9LgrTNr0ObAEH9VyHEYCrs.jpg","Profile image for PJH Logistics in Leighton Buzzard, Bedfordshire.","true","leighton-buzzard-bedfordshire","Linslade, Dunstable, Houghton Regis, Bletchley, Woburn, Wing, Toddington, Tring","07903601805","https://wa.me/447903601805","MWB panel","","Single Item Collection, Local Courier Service, UK Wide Courier Service, Small House Removals, Rubbish Removal","No","https://www.instagram.com/pjhlogistics?igsh=ejFpaWI1b3E2YWd5&utm_source=qr","","","PJH Logistics","<h2 dir=""auto"">What you are looking at</h2><p dir=""auto"">Working from LU7 in Leighton Buzzard, PJH Logistics handles jobs across Bedfordshire and nearby. Customers around Linslade, Dunstable, Houghton Regis, and Bletchley may also find this a useful option. For clearance loads the nearest household waste centre is Leighton Buzzard HWRC. Shop and store pickups often come off Town centre and Grovebury Road industrial area.</p><h3 dir=""auto"">The van</h3><p dir=""auto"">Listed here is a medium wheelbase panel van, a sensible size for single items and lighter moves.</p><h3 dir=""auto"">Work covered</h3><p dir=""auto"">Jobs listed include single-item collections, local courier work, UK-wide courier runs, and small house moves.</p><p dir=""auto"">Waste and clearance work should only go to a driver with valid waste carrier registration, so confirm this and how the load is disposed of first.</p><p dir=""auto"">Give the driver something to work with, both postcodes, what is moving, stairs or lift, and timing, and the quote will be more accurate. This is listed as driver-only, so flag if you will need lifting help. Insurance has not been supplied through VanHub UK. Check cover with the driver before handing over anything of value. A social page is linked, handy for a quick look at past work before booking.</p>","https://framerusercontent.com/images/74yRCSFDqUH6HVBRhJ2WdDQ794.webp","","https://framerusercontent.com/images/SUN3A8zxFQjL4QFjunA3b6gCcnw.webp","","https://framerusercontent.com/images/7xFxF7YEZ36crGYyiwcyaEBoGk.webp","","https://framerusercontent.com/images/omzuUS1Y9BdxI4urAbkSJ6FrfA.webp","","","","https://framerusercontent.com/images/ceQ1QusSo96JydAUXoMTkQY77vc.webp","","https://framerusercontent.com/images/pEj6OyLZ1LjP2s4PsGqgqygb7Yk.webp","","https://framerusercontent.com/images/azUfSF1er2mSeE7AixHvDqMg340.webp","","false","false","PJH Logistics, Man and Van Services in Leighton Buzzard","What in takes on around Leighton Buzzard and Bedfordshire","Other Man and Van Businesses in Leighton Buzzard","No other Leighton Buzzard van driver has signed up yet. Get your van listed.","<p dir=""auto"">No other Leighton Buzzard van driver has signed up yet. <a href=""/driver-signup-page"">Get your van listed</a>.</p>","Search for drivers in Bedfordshire","true"
"ross-global-logistics-failsworth","Failsworth","Greater Manchester","","Matthew Ross","Ross Global Logistics LTD","","https://www.facebook.com/share/1B9jzLEVK6/?mibextid=wwXIfr","https://framerusercontent.com/images/a5We2JVE6YdzCWWuqSsy8IAQ3S8.jpg","Profile image for Ross Global Logistics LTD in Failsworth, Greater Manchester.","true","manchester-greater-manchester","Oldham, Manchester, Chadderton, Droylsden, Middleton, Ashton-under-Lyne, Prestwich, Moston","07947875881","https://wa.me/447947875881","LWB panel","","Single Item Collection, Local Courier Service, UK Wide Courier Service, Motorbike Collection, Hazardous Waste Removal","Yes","","","","Ross Global Logistics LTD","<h2 dir=""auto"">Overview</h2><p dir=""auto"">Working from M35 in Manchester, Ross Global Logistics LTD handles jobs across Greater Manchester and nearby. That typically takes in Oldham, Manchester, Chadderton, and Droylsden among other nearby areas. Rubbish runs round here usually head to Sandfold Lane RC.</p><h3 dir=""auto"">Vehicle and services</h3><p dir=""auto"">Listed here is a long wheelbase panel van, handy for single items, furniture, and smaller moves. Jobs listed include single-item collections, local courier work, UK-wide courier runs, and motorbike transport. An extra pair of hands is listed, useful where items need two people. Going by the van and the job list, this suits single items and courier-style runs more than full house moves.</p><p dir=""auto"">For any rubbish, clearance or waste jobs, check the driver holds valid waste carrier registration and disposes of loads properly before booking. Hazardous waste is specialist work that needs the right licensing, so confirm this directly.</p><p dir=""auto"">A clear message beats a vague one: list the items, both postcodes, floor levels, and parking, plus the date you want. It also helps to mention how the bike will be loaded and secured. Insurance has been provided through VanHub UK, but ask that the cover matches your goods before you commit. There is a social page on the profile, worth a glance before you commit.</p>","https://framerusercontent.com/images/74yRCSFDqUH6HVBRhJ2WdDQ794.webp","","https://framerusercontent.com/images/SUN3A8zxFQjL4QFjunA3b6gCcnw.webp","","https://framerusercontent.com/images/7xFxF7YEZ36crGYyiwcyaEBoGk.webp","","https://framerusercontent.com/images/omzuUS1Y9BdxI4urAbkSJ6FrfA.webp","","","","https://framerusercontent.com/images/ceQ1QusSo96JydAUXoMTkQY77vc.webp","","https://framerusercontent.com/images/pEj6OyLZ1LjP2s4PsGqgqygb7Yk.webp","","https://framerusercontent.com/images/azUfSF1er2mSeE7AixHvDqMg340.webp","","true","false","Ross Global Logistics LTD, Man and Van Covering Failsworth","Collections, moves and deliveries from Matthew Ross in Failsworth, Greater Manchester","Other Man and Van Businesses in Failsworth","Nobody has listed against Matthew Ross in Failsworth yet. List your business here.","<p dir=""auto"">Nobody has listed against Matthew Ross in Failsworth yet. <a href=""/driver-signup-page"">List your business here</a>.</p>","Search for drivers in Greater Manchester","true"
"dj-removals-and-storage-ltd-haslingden","Haslingden","Lancashire","","Daniel Brewer","Dj removals and storage ltd","","https://www.facebook.com/share/1JahXK1oEq/?mibextid=wwXIfr","https://framerusercontent.com/images/uBR27lmAB6OIJNJ8RJAHd9cVjhQ.png","Profile image for Dj removals and storage ltd in Haslingden, Lancashire.","true","haslingden-lancashire","Rawtenstall, Accrington, Ramsbottom, Bacup, Blackburn, Burnley, Bury, Oswaldtwistle","07500079053","https://wa.me/447500079053","Luton with tailift, Luton no tailift","","Single Items, Local Courier, Small Removals, Medium Removals, Multi Van, Rubbish, Large Removals, 7.5t, HGV, Heavy Goods","Yes","","","","Dj removals and storage ltd","<h2 dir=""auto"">The essentials</h2><p dir=""auto"">Based in Haslingden (BB4), Dj removals and storage ltd takes on man and van work across Lancashire. That typically takes in Rawtenstall, Accrington, Ramsbottom, and Bacup among other nearby areas. Rubbish runs round here usually head to Haslingden Household Waste Recycling Centre, Clough End Road / Duckworth Clough, BB4 5AN. Check Lancashire County Council rules before travelling, especially for vans, asbestos, DIY waste and bulky household loads. A lot of collection work here starts around Haslingden town centre.</p><h3 dir=""auto"">What this covers</h3><p dir=""auto"">Jobs listed include single-item collections, local courier work, small house moves, medium house moves, business and general man and van work, larger house moves, and heavy or awkward goods. An extra pair of hands is listed, useful where items need two people. The mix leans towards house moves and bulkier loads rather than light courier drops.</p><h3 dir=""auto"">Van type and loading</h3><p dir=""auto"">You are looking at a Luton with a tail lift and a Luton (no tail lift), which helps with heavier or bulky items, appliances, and stacked boxes that are awkward to lift in by hand.</p><p dir=""auto"">Waste and clearance work should only go to a driver with valid waste carrier registration, so confirm this and how the load is disposed of first.</p><h3 dir=""auto"">Before you book</h3><p dir=""auto"">To get a quote worth having, describe the load, both postcodes, and any access issues rather than asking for a flat rate. It also helps to mention rough weights or sizes of the larger items. There is no insurance on file with VanHub UK, so it is worth confirming cover directly, especially for anything valuable. A social page is linked, handy for a quick look at past work before booking.</p>","https://framerusercontent.com/images/74yRCSFDqUH6HVBRhJ2WdDQ794.webp","","https://framerusercontent.com/images/SUN3A8zxFQjL4QFjunA3b6gCcnw.webp","","https://framerusercontent.com/images/7xFxF7YEZ36crGYyiwcyaEBoGk.webp","","https://framerusercontent.com/images/omzuUS1Y9BdxI4urAbkSJ6FrfA.webp","","","","https://framerusercontent.com/images/ceQ1QusSo96JydAUXoMTkQY77vc.webp","","https://framerusercontent.com/images/pEj6OyLZ1LjP2s4PsGqgqygb7Yk.webp","","https://framerusercontent.com/images/azUfSF1er2mSeE7AixHvDqMg340.webp","","false","false","Dj removals and storage ltd, Removals and Man and Van in Haslingden","What Daniel Brewer takes on around Haslingden and Lancashire","Other Man and Van Businesses in Haslingden","No other man and van driver is listed in Haslingden yet. Already got a van? Add your details.","<p dir=""auto"">No other man and van driver is listed in Haslingden yet. Already got a van? <a href=""/driver-signup-page"">Add your details</a>.</p>","Search for drivers in Lancashire","true"
"haulers-pudsey","Pudsey","West Yorkshire","","Amir Khan","HAULERS","","","https://framerusercontent.com/images/WG9ibL6OR4g8iF4z7c7nUvIJ18.jpg","Profile image for HAULERS in Pudsey, West Yorkshire.","false","pudsey-west-yorkshire","Bradford, Farsley, Calverley, Horsforth, Stanningley, Armley, Bramley","7501165706","https://wa.me/447501165706","LWB panel, Luton no tailift, Curtainsider 3.5t","Medium House Removals (multi van), Small House Removals, Local Courier Service, Single Item Collection, UK Wide Courier Service","Medium House Removals, Small House Removals, Local Courier, Single Item Collection, UK Wide Courier","Yes","","","","HAULERS","<h2 dir=""auto"">The rundown</h2><p dir=""auto"">Working from LS28 in Pudsey, HAULERS handles jobs across West Yorkshire and nearby. That typically takes in Bradford, Farsley, Calverley, and Horsforth among other nearby areas.</p><h3 dir=""auto"">Work covered</h3><p dir=""auto"">Jobs listed include medium house moves, small house moves, local courier work, single-item collections, and UK-wide courier runs. An extra pair of hands is listed, useful where items need two people. The job list is broad, from single items through to larger moves, so be specific about which you need.</p><h3 dir=""auto"">Van and load space</h3><p dir=""auto"">You are looking at a few vehicles, including a long wheelbase panel van and a Luton (no tail lift), well suited to single items, a few boxes, or a small furniture run.</p><h3 dir=""auto"">The area</h3><p dir=""auto"">Shop and store pickups often come off Pudsey town centre and Owlcotes Centre. Between-property moves are common, with compare unit access and van access among the local storage options.</p><h3 dir=""auto"">Sorting a quote</h3><p dir=""auto"">When you get in touch, give the pickup and drop-off postcodes, what is moving, parking and stairs, and when you need it. Insurance details have been supplied to VanHub UK, though it is still worth checking the cover suits your particular job.</p>","https://framerusercontent.com/images/74yRCSFDqUH6HVBRhJ2WdDQ794.webp","","https://framerusercontent.com/images/SUN3A8zxFQjL4QFjunA3b6gCcnw.webp","","https://framerusercontent.com/images/7xFxF7YEZ36crGYyiwcyaEBoGk.webp","","https://framerusercontent.com/images/omzuUS1Y9BdxI4urAbkSJ6FrfA.webp","","","","https://framerusercontent.com/images/ceQ1QusSo96JydAUXoMTkQY77vc.webp","","https://framerusercontent.com/images/pEj6OyLZ1LjP2s4PsGqgqygb7Yk.webp","","https://framerusercontent.com/images/azUfSF1er2mSeE7AixHvDqMg340.webp","","true","false","HAULERS, Removals and Man and Van in Pudsey","Man and van jobs covered by Amir Khan in Pudsey and West Yorkshire","Other Man and Van Businesses in Pudsey","Pudsey is covered by a single listed driver so far. List your van as well.","<p dir=""auto"">Pudsey is covered by a single listed driver so far. <a href=""/driver-signup-page"">List your van as well</a>.</p>","Search for drivers in West Yorkshire","true"
"john-dixon-consett","Consett","County Durham","","Mr. John Dixon","John Dixon","","","https://framerusercontent.com/images/TkKuhXU44NBZR8QAPuDR1VYYo.jpg","Profile image for John Dixon in Consett, County Durham.","false","consett-county-durham","Stanley, Annfield Plain, Leadgate, Shotley Bridge, Blackhill, Lanchester, Dipton, Rowlands Gill","07454938656","https://wa.me/447454938656","LWB panel","","Single Item Collection, Local Courier Service, UK Wide Courier Service, Small House Removals, Motorbike Collection","No","","","","John Dixon","<h2 dir=""auto"">The essentials</h2><p dir=""auto"">Working from DH8 in Consett, John Dixon handles jobs across County Durham and nearby. That typically takes in Stanley, Annfield Plain, Leadgate, and Shotley Bridge among other nearby areas. Shop and store pickups often come off Consett town centre and Hermiston Retail Park. Between-property moves are common, with with extra options toward Stanley among the local storage options.</p><h3 dir=""auto"">Van and load space</h3><p dir=""auto"">The profile lists a long wheelbase panel van, a sensible size for single items and lighter moves.</p><h3 dir=""auto"">Services listed</h3><p dir=""auto"">Jobs listed include single-item collections, local courier work, UK-wide courier runs, small house moves, and motorbike transport. This covers a wide range, single items to bigger moves, so pin down the job when you get in touch.</p><h3 dir=""auto"">Sorting a quote</h3><p dir=""auto"">When you get in touch, give the pickup and drop-off postcodes, what is moving, parking and stairs, and when you need it. It also helps to mention how the bike will be loaded and secured. This is listed as driver-only, so flag if you will need lifting help. Insurance details have been supplied to VanHub UK, though it is still worth checking the cover suits your particular job.</p>","https://framerusercontent.com/images/74yRCSFDqUH6HVBRhJ2WdDQ794.webp","","https://framerusercontent.com/images/SUN3A8zxFQjL4QFjunA3b6gCcnw.webp","","https://framerusercontent.com/images/7xFxF7YEZ36crGYyiwcyaEBoGk.webp","","https://framerusercontent.com/images/omzuUS1Y9BdxI4urAbkSJ6FrfA.webp","","","","https://framerusercontent.com/images/ceQ1QusSo96JydAUXoMTkQY77vc.webp","","https://framerusercontent.com/images/pEj6OyLZ1LjP2s4PsGqgqygb7Yk.webp","","https://framerusercontent.com/images/azUfSF1er2mSeE7AixHvDqMg340.webp","","true","false","John Dixon, Removals and Man and Van in Consett","Mr. John Dixon, based in Consett and working across County Durham","Other Man and Van Businesses in Consett","There is room for more drivers in Consett. If you have a van, set up a profile.","<p dir=""auto"">There is room for more drivers in Consett. If you have a van, <a href=""/driver-signup-page"">set up a profile</a>.</p>","Search for drivers in County Durham","true"
"sedgefield-removals-sedgefield","Sedgefield","County Durham","","Ryan Johns","Sedgefield Removals","https://www.sedgefieldremovals.co.uk","https://www.facebook.com/sedgefieldremovals","https://framerusercontent.com/images/KhlZX74gFc3Vn2zsXFvSS6IJk.jpg","Profile image for Sedgefield Removals in Sedgefield, County Durham.","true","sedgefield-county-durham","Newton Aycliffe, Ferryhill, Trimdon, Fishburn, Bishop Middleham, Coxhoe, Wingate, Billingham","07836583955","https://wa.me/447836583955","Luton with tailift, Low loader","","Single Item Collection, Local Courier Service, Small House Removals, Medium House Removals (multi van), Rubbish Removal","Yes","","","","Sedgefield Removals","<h2 dir=""auto"">Overview</h2><p dir=""auto"">Working from TS21 in Sedgefield, Sedgefield Removals handles jobs across County Durham and nearby. That puts Newton Aycliffe, Ferryhill, Trimdon, and Fishburn within easy reach for collections and drop-offs. For clearance loads the nearest household waste centre is Use Durham County Council HWRC guidance before sending bulky loads. Nearby options can depend on route, waste type and permit rules. Shop and store pickups often come off Sedgefield village centre and NETPark.</p><h3 dir=""auto"">Van and work</h3><p dir=""auto"">The profile lists a Luton with a tail lift and a vehicle transporter, so appliances, furniture, and heavier single items can be wheeled up rather than lifted by hand. Jobs listed include single-item collections, local courier work, small house moves, and medium house moves. An extra pair of hands is listed, useful where items need two people. The mix leans towards house moves and bulkier loads rather than light courier drops.</p><p dir=""auto"">Waste and clearance work should only go to a driver with valid waste carrier registration, so confirm this and how the load is disposed of first.</p><h3 dir=""auto"">Making contact</h3><p dir=""auto"">For a sensible price, send both postcodes, a quick item list, access at each end, and your date. It also helps to mention rough weights or sizes of the larger items. No insurance details have been supplied through VanHub UK, so confirm cover directly before booking valuable or higher-risk work. There is a website and a social page on the profile, useful for a quick background check first.</p>","https://framerusercontent.com/images/74yRCSFDqUH6HVBRhJ2WdDQ794.webp","","https://framerusercontent.com/images/SUN3A8zxFQjL4QFjunA3b6gCcnw.webp","","https://framerusercontent.com/images/7xFxF7YEZ36crGYyiwcyaEBoGk.webp","","https://framerusercontent.com/images/omzuUS1Y9BdxI4urAbkSJ6FrfA.webp","","","","https://framerusercontent.com/images/ceQ1QusSo96JydAUXoMTkQY77vc.webp","","https://framerusercontent.com/images/pEj6OyLZ1LjP2s4PsGqgqygb7Yk.webp","","https://framerusercontent.com/images/azUfSF1er2mSeE7AixHvDqMg340.webp","","false","false","Sedgefield Removals, Man and Van in Sedgefield","Ryan Johns covers Sedgefield and the wider County Durham area","Other Man and Van Businesses in Sedgefield","Sedgefield has space for more independent drivers. Add your details here.","<p dir=""auto"">Sedgefield has space for more independent drivers. <a href=""/driver-signup-page"">Add your details here</a>.</p>","Search for drivers in County Durham","true"
"van-go-logistics-newcastle-upon-tyne","Newcastle upon Tyne","Tyne and Wear","","Abhijith Kokkadan Santhosh","Van Go Logistics","","https://www.facebook.com/share/p/1BAGY6rErZ/","https://framerusercontent.com/images/OGnmsXNQrJvBeACtMscTq7VqW8.png","Profile image for Van Go Logistics in Newcastle upon, Tyne and Wear.","true","newcastle-upon-tyne-tyne-and-wear","Gateshead, Wallsend, Blaydon, Whickham, Felling, Gosforth, Jarrow, North Shields","07417409268","https://wa.me/447417409268","LWB panel","","UK Wide Courier Service, Local Courier Service, Small House Removals, Single Item Collection, Rubbish Removal, Motorbike Collection","Yes","","","","Van Go Logistics Newcastle upon Tyne","<h2 dir=""auto"">At a glance</h2><p dir=""auto"">Van Go Logistics covers Newcastle Upon Tyne and the surrounding Tyne and Wear area, working out of the NE4 postcode. Nearby spots like Gateshead, Wallsend, Blaydon, and Whickham sit inside the usual working area. Rubbish runs round here usually head to Newcastle recycling centres include Byker and Brunswick. Check vehicle rules, opening times and waste restrictions before sending a van or bulky load.</p><h3 dir=""auto"">The setup</h3><p dir=""auto"">Listed here is a long wheelbase panel van, a sensible size for single items and lighter moves. Jobs listed include UK-wide courier runs, local courier work, small house moves, single-item collections, and motorbike transport. Porter help is shown as available, which matters for two-person lifts or stairs. This covers a wide range, single items to bigger moves, so pin down the job when you get in touch.</p><p dir=""auto"">For any rubbish, clearance or waste jobs, check the driver holds valid waste carrier registration and disposes of loads properly before booking.</p><h3 dir=""auto"">Making contact</h3><p dir=""auto"">For a sensible price, send both postcodes, a quick item list, access at each end, and your date. It also helps to mention how the bike will be loaded and secured. There is no insurance on file with VanHub UK, so it is worth confirming cover directly, especially for anything valuable. There is a social page on the profile, worth a glance before you commit.</p>","https://framerusercontent.com/images/74yRCSFDqUH6HVBRhJ2WdDQ794.webp","","https://framerusercontent.com/images/SUN3A8zxFQjL4QFjunA3b6gCcnw.webp","","https://framerusercontent.com/images/7xFxF7YEZ36crGYyiwcyaEBoGk.webp","","https://framerusercontent.com/images/omzuUS1Y9BdxI4urAbkSJ6FrfA.webp","","","","https://framerusercontent.com/images/ceQ1QusSo96JydAUXoMTkQY77vc.webp","","https://framerusercontent.com/images/pEj6OyLZ1LjP2s4PsGqgqygb7Yk.webp","","https://framerusercontent.com/images/azUfSF1er2mSeE7AixHvDqMg340.webp","","false","false","Van Go Logistics, Van Driver Covering Newcastle upon Tyne","Removals and collections from Abhijith Kokkadan Santhosh in Newcastle upon Tyne, Tyne and Wear","Other Man and Van Businesses in Newcastle upon Tyne","Newcastle upon Tyne has one listed driver at the moment. Running a van nearby? Add your business.","<p dir=""auto"">Newcastle upon Tyne has one listed driver at the moment. Running a van nearby? <a href=""/driver-signup-page"">Add your business</a>.</p>","Search for drivers in Tyne and Wear","true"
"daylee-transport-marlborough","Marlborough","Wiltshire","","Dennis Sampson","daylee transport","","","https://framerusercontent.com/images/qmn4pNZDZlsr1c0QXtJPtVrdA.jpg","Profile image for daylee transport in Marlborough, Wiltshire.","false","marlborough-wiltshire","Pewsey, Hungerford, Ramsbury, Aldbourne, Great Bedwyn, Burbage, Ogbourne St George, Wootton Rivers","07393861360","https://wa.me/447393861360","LWB panel","","Single Item Collection, Local Courier Service, UK Wide Courier Service","Yes","","","","daylee transport Marlborough","<h2 dir=""auto"">The rundown</h2><p dir=""auto"">daylee transport runs out of Marlborough in Wiltshire, with the profile tied to the SN8 district. That puts Pewsey, Hungerford, Ramsbury, and Aldbourne within easy reach for collections and drop-offs. A lot of collection work here starts around Marlborough High Street and Salisbury Road. Expect the A4, A346 and A345 to carry most of the traffic, so peak-time access is worth flagging up front.</p><h3 dir=""auto"">What the van handles</h3><p dir=""auto"">You are looking at a long wheelbase panel van, a sensible size for single items and lighter moves.</p><h3 dir=""auto"">What Dennis covers</h3><p dir=""auto"">Jobs listed include single-item collections, local courier work, and UK-wide courier runs. Porter help is shown as available, which matters for two-person lifts or stairs. It reads as a courier and single-item setup rather than a big-removals one.</p><p dir=""auto"">Give the driver something to work with, both postcodes, what is moving, stairs or lift, and timing, and the quote will be more accurate. No insurance details have been supplied through VanHub UK, so confirm cover directly before booking valuable or higher-risk work.</p>","https://framerusercontent.com/images/74yRCSFDqUH6HVBRhJ2WdDQ794.webp","","https://framerusercontent.com/images/SUN3A8zxFQjL4QFjunA3b6gCcnw.webp","","https://framerusercontent.com/images/7xFxF7YEZ36crGYyiwcyaEBoGk.webp","","https://framerusercontent.com/images/omzuUS1Y9BdxI4urAbkSJ6FrfA.webp","","","","https://framerusercontent.com/images/ceQ1QusSo96JydAUXoMTkQY77vc.webp","","https://framerusercontent.com/images/pEj6OyLZ1LjP2s4PsGqgqygb7Yk.webp","","https://framerusercontent.com/images/azUfSF1er2mSeE7AixHvDqMg340.webp","","false","false","daylee transport, Man and Van Services in Marlborough","Jobs Dennis Sampson covers in and around Marlborough, Wiltshire","Other Man and Van Businesses in Marlborough","The Marlborough board has a single driver on it. Put your name on it.","<p dir=""auto"">The Marlborough board has a single driver on it. <a href=""/driver-signup-page"">Put your name on it</a>.</p>","Search for drivers in Wiltshire","true"
"smoves-nottingham","Nottingham","Nottinghamshire","","San Taylor","Smoves","","","https://framerusercontent.com/images/77l1dw3nMmxGIq6WPqvzYw6qmY.jpg","Profile image for Smoves in Nottingham, Nottinghamshire.","false","nottingham-nottinghamshire","Beeston, Carlton, Arnold, West Bridgford, Long Eaton, Ilkeston, Hucknall, Stapleford","07598504216","https://wa.me/447598504216","MWB panel","","Single Item Collection, Small House Removals, UK Wide Courier Service, Rubbish Removal, Motorbike Collection, Medium House Removals","Yes","","","","Smoves Nottingham","<h2 dir=""auto"">At a glance</h2><p dir=""auto"">Based in Nottingham (NG8), Smoves takes on man and van work across Nottinghamshire. Nearby spots like Beeston, Carlton, Arnold, and West Bridgford sit inside the usual working area.</p><h3 dir=""auto"">Services listed</h3><p dir=""auto"">Jobs listed include single-item collections, small house moves, UK-wide courier runs, motorbike transport, and medium house moves. Porter help is shown as available, which matters for two-person lifts or stairs. The job list is broad, from single items through to larger moves, so be specific about which you need.</p><h3 dir=""auto"">The vehicle</h3><p dir=""auto"">Listed here is a medium wheelbase panel van, well suited to single items, a few boxes, or a small furniture run.</p><h3 dir=""auto"">Working Nottingham</h3><p dir=""auto"">Rubbish runs round here usually head to Nottingham HWRC. Shop and store pickups often come off Victoria Centre and Broad Marsh.</p><p dir=""auto"">For any rubbish, clearance or waste jobs, check the driver holds valid waste carrier registration and disposes of loads properly before booking.</p><p dir=""auto"">To get a quote worth having, describe the load, both postcodes, and any access issues rather than asking for a flat rate. It also helps to mention how the bike will be loaded and secured. Insurance details have been supplied to VanHub UK, though it is still worth checking the cover suits your particular job.</p>","https://framerusercontent.com/images/74yRCSFDqUH6HVBRhJ2WdDQ794.webp","","https://framerusercontent.com/images/SUN3A8zxFQjL4QFjunA3b6gCcnw.webp","","https://framerusercontent.com/images/7xFxF7YEZ36crGYyiwcyaEBoGk.webp","","https://framerusercontent.com/images/omzuUS1Y9BdxI4urAbkSJ6FrfA.webp","","","","https://framerusercontent.com/images/ceQ1QusSo96JydAUXoMTkQY77vc.webp","","https://framerusercontent.com/images/pEj6OyLZ1LjP2s4PsGqgqygb7Yk.webp","","https://framerusercontent.com/images/azUfSF1er2mSeE7AixHvDqMg340.webp","","true","false","Smoves, Van Driver Covering Nottingham","Man and van jobs covered by San Taylor in Nottingham","Other Man and Van Businesses in Nottingham","No second driver is listed in Nottingham yet. Own a van locally? Add your listing.","<p dir=""auto"">No second driver is listed in Nottingham yet. Own a van locally? <a href=""/driver-signup-page"">Add your listing</a>.</p>","Search for drivers in Nottinghamshire","true"
"man-van-solutions-bow","Bow","Tower Hamlets","bow-tower-hamlets","Andre Howell","Man van solutions","","https://www.facebook.com/profile.php?id=61589743787264","https://framerusercontent.com/images/GdKEvAzo1miBw0qhING3SWOBvI.webp","Default profile image for Man van solutions in Bow, Tower Hamlets.","true","","Bethnal Green, Mile End, Stratford, Poplar, Hackney, Stepney, Canary Wharf, Leyton","07903640531","https://wa.me/447903640531","HGV, Transit medium van","","Single Item Collection, Local Courier Service, Small House Removals, Medium House Removals, Rubbish Removal, Motorbike Collection","Yes","","","","Man van solutions Bow","<h2 dir=""auto"">At a glance</h2><p dir=""auto"">Man van solutions covers Tower Hamlets and the surrounding Tower Hamlets area, working out of the E3 postcode. Nearby spots like Bethnal Green, Mile End, Stratford, and Poplar sit inside the usual working area.</p><h3 dir=""auto"">The van</h3><p dir=""auto"">You are looking at a 7.5t lorry and a medium wheelbase panel van, aimed at bigger moves, pallets, and heavier commercial jobs.</p><h3 dir=""auto"">Services listed</h3><p dir=""auto"">Jobs listed include single-item collections, local courier work, small house moves, medium house moves, and motorbike transport. Porter help is shown as available, which matters for two-person lifts or stairs. With the moving work and that load space, this reads as a removals-focused setup rather than a courier one.</p><p dir=""auto"">For any rubbish, clearance or waste jobs, check the driver holds valid waste carrier registration and disposes of loads properly before booking.</p><h3 dir=""auto"">Before you book</h3><p dir=""auto"">For a sensible price, send both postcodes, a quick item list, access at each end, and your date. It also helps to mention rough weights or sizes of the larger items and how the bike will be loaded and secured. There is no insurance on file with VanHub UK, so it is worth confirming cover directly, especially for anything valuable. A social page is linked, handy for a quick look at past work before booking.</p>","https://framerusercontent.com/images/74yRCSFDqUH6HVBRhJ2WdDQ794.webp","","https://framerusercontent.com/images/SUN3A8zxFQjL4QFjunA3b6gCcnw.webp","","https://framerusercontent.com/images/7xFxF7YEZ36crGYyiwcyaEBoGk.webp","","https://framerusercontent.com/images/omzuUS1Y9BdxI4urAbkSJ6FrfA.webp","","","","https://framerusercontent.com/images/ceQ1QusSo96JydAUXoMTkQY77vc.webp","","https://framerusercontent.com/images/pEj6OyLZ1LjP2s4PsGqgqygb7Yk.webp","","https://framerusercontent.com/images/azUfSF1er2mSeE7AixHvDqMg340.webp","","false","false","Man van solutions, Man and Van Work in Bow","Collections, moves and deliveries from Andre Howell in Bow, Tower Hamlets","Other Man and Van Businesses in Bow","Only one van is listed in Bow at present. Put yours on too.","<p dir=""auto"">Only one van is listed in Bow at present. <a href=""/driver-signup-page"">Put yours on too</a>.</p>","Search for drivers in Tower Hamlets","true"
"mac-on-track-scunthorpe","Scunthorpe","Lincolnshire","","Mac Burrows","Mac on track","www.macontrack.co.uk","https://www.facebook.com/profile.php?id=61589467210709","https://framerusercontent.com/images/Ij3O7YLNRr6zmDKp3W1WG1Y.png","Profile image for Mac on track in Scunthorpe, Lincolnshire.","true","scunthorpe-lincolnshire","Ashby, Bottesford, Brigg, Broughton, Kirton in Lindsey, Messingham, Burton upon Stather, Winterton","07575323689","https://wa.me/447575323689","Luton no tailift","","Single Item Collection, Local Courier Service, UK Wide Courier Service, Small House Removals, Motorbike Collection","Yes","","","","Mac on track Scunthorpe","<h2 dir=""auto"">The rundown</h2><p dir=""auto"">Mac on track is a Scunthorpe-based driver profile, set up around the DN16 area of Lincolnshire. Customers around Ashby, Bottesford, Brigg, and Broughton may also find this a useful option. A lot of collection work here starts around Scunthorpe town centre and Lakeside Retail Park. Local runs mostly follow the M180, M181 and A18, so timing around those routes matters more than raw mileage.</p><h3 dir=""auto"">What the van handles</h3><p dir=""auto"">Listed here is a Luton (no tail lift), with the box body giving room for bulky household items.</p><h3 dir=""auto"">What this covers</h3><p dir=""auto"">Jobs listed include single-item collections, local courier work, UK-wide courier runs, small house moves, and motorbike transport. Porter help is shown as available, which matters for two-person lifts or stairs. With the moving work and that load space, this reads as a removals-focused setup rather than a courier one.</p><h3 dir=""auto"">Getting a price</h3><p dir=""auto"">For a sensible price, send both postcodes, a quick item list, access at each end, and your date. It also helps to mention rough weights or sizes of the larger items and how the bike will be loaded and secured. No insurance details have been supplied through VanHub UK, so confirm cover directly before booking valuable or higher-risk work. A website and a social page are linked, worth a look before you commit.</p>","https://framerusercontent.com/images/74yRCSFDqUH6HVBRhJ2WdDQ794.webp","","https://framerusercontent.com/images/SUN3A8zxFQjL4QFjunA3b6gCcnw.webp","","https://framerusercontent.com/images/7xFxF7YEZ36crGYyiwcyaEBoGk.webp","","https://framerusercontent.com/images/omzuUS1Y9BdxI4urAbkSJ6FrfA.webp","","","","https://framerusercontent.com/images/ceQ1QusSo96JydAUXoMTkQY77vc.webp","","https://framerusercontent.com/images/pEj6OyLZ1LjP2s4PsGqgqygb7Yk.webp","","https://framerusercontent.com/images/azUfSF1er2mSeE7AixHvDqMg340.webp","","false","false","Mac on track, Van Driver in Scunthorpe","Removals and collections from Mac Burrows in Scunthorpe, Lincolnshire","Other Man and Van Businesses in Scunthorpe","Only one van is listed in Scunthorpe at present. Put yours on too.","<p dir=""auto"">Only one van is listed in Scunthorpe at present. <a href=""/driver-signup-page"">Put yours on too</a>.</p>","Search for drivers in Lincolnshire","true"
"fydo-penkridge","Fydo Penkridge","Staffordshire","","Wayne Blakey","F.Y.D.O - Fix Your Deliveries On-Time","https://fydocourier.co.uk","https://www.facebook.com/FYDO.Delivers","https://framerusercontent.com/images/ss03aUFJP0oZtbrQ7f1Bg3eWvI.jpg","Profile image for F.Y.D.O - Fix Your Deliveries On-Time in Fydo Penkridge, Staffordshire.","true","penkridge-staffordshire","Stafford, Cannock, Great Wyrley, Cheslyn Hay, Hednesford, Huntington, Brewood, Codsall","07386252627","https://wa.me/447386252627","SWB panel","UK Wide Courier Service, Single Item Collection, Local Courier Service","Single Item Collection, Local Courier Service, UK Wide Courier Service","No","","","","F.Y.D.O - Fix Your Deliveries On-Time","<h2 dir=""auto"">The rundown</h2><p dir=""auto"">F.Y.D.O - Fix Your Deliveries On-Time covers Penkridge and the surrounding Staffordshire area, working out of the ST19 postcode. Customers around Stafford, Cannock, Great Wyrley, and Cheslyn Hay may also find this a useful option.</p><h3 dir=""auto"">Van and work</h3><p dir=""auto"">You are looking at a short wheelbase panel van, handy for single items, furniture, and smaller moves. Jobs listed include single-item collections, local courier work, and UK-wide courier runs. Going by the van and the job list, this suits single items and courier-style runs more than full house moves.</p><h3 dir=""auto"">Local jobs</h3><p dir=""auto"">A lot of collection work here starts around Penkridge village centre and market area and Stone Cross / A449 local shops. Expect the A449, A5 and M6 to carry most of the traffic, so peak-time access is worth flagging up front.</p><p dir=""auto"">When you get in touch, give the pickup and drop-off postcodes, what is moving, parking and stairs, and when you need it. This is listed as driver-only, so flag if you will need lifting help. No insurance details have been supplied through VanHub UK, so confirm cover directly before booking valuable or higher-risk work. A website and a social page are linked, worth a look before you commit.</p>","https://framerusercontent.com/images/74yRCSFDqUH6HVBRhJ2WdDQ794.webp","","https://framerusercontent.com/images/SUN3A8zxFQjL4QFjunA3b6gCcnw.webp","","https://framerusercontent.com/images/7xFxF7YEZ36crGYyiwcyaEBoGk.webp","","https://framerusercontent.com/images/omzuUS1Y9BdxI4urAbkSJ6FrfA.webp","","","","https://framerusercontent.com/images/ceQ1QusSo96JydAUXoMTkQY77vc.webp","","https://framerusercontent.com/images/pEj6OyLZ1LjP2s4PsGqgqygb7Yk.webp","","https://framerusercontent.com/images/azUfSF1er2mSeE7AixHvDqMg340.webp","","false","false","F.Y.D.O - Fix Your Deliveries On-Time, Van and Driver in Fydo Penkridge","Man and van coverage from Wayne Blakey in Fydo Penkridge and Staffordshire","Other Man and Van Businesses in Fydo Penkridge","No second driver is listed in Fydo Penkridge yet. Own a van locally? Add your listing.","<p dir=""auto"">No second driver is listed in Fydo Penkridge yet. Own a van locally? <a href=""/driver-signup-page"">Add your listing</a>.</p>","Search for drivers in Staffordshire","true"
"cm-courier-group-newcastle-upon-tyne","Newcastle upon Tyne","Tyne and Wear","","CM Courier Group","CM Courier Group","","https://www.facebook.com/share/1DPbjcUAVL/?mibextid=wwXIfr","https://framerusercontent.com/images/nDmUqNNiSUvXsFegrGf3jfGA8oY.png","Profile image for CM Courier Group in Newcastle upon, Tyne and Wear.","true","newcastle-upon-tyne-tyne-and-wear","Gosforth, Gateshead, Wallsend, North Shields, South Shields, Whitley Bay, Jarrow, Blaydon","07923232417","https://wa.me/447923232417","LWB panel, SWB panel, MWB panel, XLWB panel, Luton no tailift, Luton with tailift, Curtainsider 3.5t, Curtainsider 7.5t, 7.5t with tailift, 7.5t no tailift, Vehicle transport, Refrigerated, HGV","","Single Item Collection, Local Courier Service, UK Wide Courier Service, Small House Removals, Medium House Removals (multi van), Large House Moves 7.5t, HGV, Rubbish Removal, Hazardous Waste Removal, Motorbike Collection, Vehicle Collection, HIAB","Yes","","","","CM Courier Group","<h2 dir=""auto"">The rundown</h2><p dir=""auto"">CM Courier Group is a Newcastle Upon Tyne-based driver profile, set up around the NE3 area of Tyne and Wear. Customers around Gosforth, Gateshead, Wallsend, and North Shields may also find this a useful option.</p><h3 dir=""auto"">The setup</h3><p dir=""auto"">Listed here are a few vehicles, including a long wheelbase panel van and a short wheelbase panel van, well suited to single items, a few boxes, or a small furniture run. Jobs listed include single-item collections, local courier work, UK-wide courier runs, small house moves, medium house moves, larger house moves, motorbike transport, vehicle transport, and Hiab lifts. Porter help is shown as available, which matters for two-person lifts or stairs. The job list is broad, from single items through to larger moves, so be specific about which you need.</p><h3 dir=""auto"">Working Newcastle Upon Tyne</h3><p dir=""auto"">Rubbish runs round here usually head to Newcastle recycling centres include Byker and Brunswick. Check vehicle rules, opening times and waste restrictions before sending a van or bulky load. A lot of collection work here starts around Newcastle city centre and Eldon Square.</p><p dir=""auto"">Waste and clearance work should only go to a driver with valid waste carrier registration, so confirm this and how the load is disposed of first. Hazardous waste is specialist work that needs the right licensing, so confirm this directly.</p><p dir=""auto"">To get a quote worth having, describe the load, both postcodes, and any access issues rather than asking for a flat rate. It also helps to mention how the bike will be loaded and secured. No insurance details have been supplied through VanHub UK, so confirm cover directly before booking valuable or higher-risk work. There is a social page on the profile, worth a glance before you commit.</p>","https://framerusercontent.com/images/74yRCSFDqUH6HVBRhJ2WdDQ794.webp","","https://framerusercontent.com/images/SUN3A8zxFQjL4QFjunA3b6gCcnw.webp","","https://framerusercontent.com/images/7xFxF7YEZ36crGYyiwcyaEBoGk.webp","","https://framerusercontent.com/images/omzuUS1Y9BdxI4urAbkSJ6FrfA.webp","","","","https://framerusercontent.com/images/ceQ1QusSo96JydAUXoMTkQY77vc.webp","","https://framerusercontent.com/images/pEj6OyLZ1LjP2s4PsGqgqygb7Yk.webp","","https://framerusercontent.com/images/azUfSF1er2mSeE7AixHvDqMg340.webp","","false","false","CM Courier Group, Van Driver in Newcastle upon Tyne","CM Courier Group is available for van work in Newcastle upon Tyne and Tyne and Wear","Other Man and Van Businesses in Newcastle upon Tyne","No second driver is listed in Newcastle upon Tyne yet. Own a van locally? Add your listing.","<p dir=""auto"">No second driver is listed in Newcastle upon Tyne yet. Own a van locally? <a href=""/driver-signup-page"">Add your listing</a>.</p>","Search for drivers in Tyne and Wear","true"
"ck-logistics-coventry","Coventry","West Midlands","","Chris Kennedy","CK-LOGISTICS","","","https://framerusercontent.com/images/ZCvkg1orKhzhRVTy7jFeTKaaP0U.png","Profile image for CK-LOGISTICS in Coventry, West Midlands.","false","coventry-west-midlands","Bedworth, Nuneaton, Kenilworth, Warwick, Royal Leamington Spa, Rugby, Balsall Common, Meriden","07756085416","https://wa.me/447756085416","SWB panel","","Single Item Collection, Local Courier Service, UK Wide Courier Service, Motorbike Collection","Yes","","","","CK-LOGISTICS","<h2 dir=""auto"">What you are looking at</h2><p dir=""auto"">CK-LOGISTICS runs out of Coventry in West Midlands, with the profile tied to the CV6 district. Nearby spots like Bedworth, Nuneaton, Kenilworth, and Warwick sit inside the usual working area. A lot of collection work here starts around Coventry city centre and Arena Shopping Park. Local runs mostly follow the M6, M69 and A45, so timing around those routes matters more than raw mileage.</p><h3 dir=""auto"">Jobs on the profile</h3><p dir=""auto"">Jobs listed include single-item collections, local courier work, UK-wide courier runs, and motorbike transport. Porter help is shown as available, which matters for two-person lifts or stairs. It reads as a courier and single-item setup rather than a big-removals one.</p><h3 dir=""auto"">Van type and loading</h3><p dir=""auto"">You are looking at a short wheelbase panel van, well suited to single items, a few boxes, or a small furniture run.</p><p dir=""auto"">To get a quote worth having, describe the load, both postcodes, and any access issues rather than asking for a flat rate. It also helps to mention how the bike will be loaded and secured. No insurance details have been supplied through VanHub UK, so confirm cover directly before booking valuable or higher-risk work.</p>","https://framerusercontent.com/images/74yRCSFDqUH6HVBRhJ2WdDQ794.webp","","https://framerusercontent.com/images/SUN3A8zxFQjL4QFjunA3b6gCcnw.webp","","https://framerusercontent.com/images/7xFxF7YEZ36crGYyiwcyaEBoGk.webp","","https://framerusercontent.com/images/omzuUS1Y9BdxI4urAbkSJ6FrfA.webp","","","","https://framerusercontent.com/images/ceQ1QusSo96JydAUXoMTkQY77vc.webp","","https://framerusercontent.com/images/pEj6OyLZ1LjP2s4PsGqgqygb7Yk.webp","","https://framerusercontent.com/images/azUfSF1er2mSeE7AixHvDqMg340.webp","","false","false","CK-LOGISTICS, Collections and Removals in Coventry","Chris Kennedy is available for van work in Coventry and West Midlands","Other Man and Van Businesses in Coventry","Chris Kennedy stands alone on the Coventry listings at the moment. List alongside them.","<p dir=""auto"">Chris Kennedy stands alone on the Coventry listings at the moment. <a href=""/driver-signup-page"">List alongside them</a>.</p>","Search for drivers in West Midlands","true"
"malik-tyyab-mahmood-manchester","Manchester","Greater Manchester","","Malik Tyyab Mahmood","Malik Tyyab Mahmood","","","https://framerusercontent.com/images/ePQpuazKHV5K4LLJqZYmiWzf9JY.jpg","Profile image for Malik Tyyab Mahmood in Manchester, Greater Manchester.","false","manchester-greater-manchester","Salford, Stretford, Prestwich, Eccles, Droylsden, Failsworth, Middleton, Swinton","07466903192","https://wa.me/447466903192","Small van, Peugeot Bipper","","Single Item Collection, Local Courier Service, UK Wide Courier Service","Yes","","","","Malik Tyyab Mahmood","<h2 dir=""auto"">In brief</h2><p dir=""auto"">Malik Tyyab Mahmood is a Manchester-based driver profile, set up around the M13 area of Greater Manchester. That typically takes in Salford, Stretford, Prestwich, and Eccles among other nearby areas.</p><h3 dir=""auto"">What Malik covers</h3><p dir=""auto"">Jobs listed include single-item collections, local courier work, and UK-wide courier runs. Porter help is shown as available, which matters for two-person lifts or stairs. It reads as a courier and single-item setup rather than a big-removals one.</p><h3 dir=""auto"">The van</h3><p dir=""auto"">Listed here is a small van, aimed at single items, parcels, and smaller drops rather than big moves.</p><h3 dir=""auto"">On the ground</h3><p dir=""auto"">Shop and store pickups often come off City centre and Northern Quarter. Expect the M60, M62 and M56 to carry most of the traffic, so peak-time access is worth flagging up front.</p><h3 dir=""auto"">Sorting a quote</h3><p dir=""auto"">When you get in touch, give the pickup and drop-off postcodes, what is moving, parking and stairs, and when you need it. The driver has supplied insurance details to VanHub UK. Confirm the cover fits your items before agreeing anything valuable.</p>","https://framerusercontent.com/images/74yRCSFDqUH6HVBRhJ2WdDQ794.webp","","https://framerusercontent.com/images/SUN3A8zxFQjL4QFjunA3b6gCcnw.webp","","https://framerusercontent.com/images/7xFxF7YEZ36crGYyiwcyaEBoGk.webp","","https://framerusercontent.com/images/omzuUS1Y9BdxI4urAbkSJ6FrfA.webp","","","","https://framerusercontent.com/images/ceQ1QusSo96JydAUXoMTkQY77vc.webp","","https://framerusercontent.com/images/pEj6OyLZ1LjP2s4PsGqgqygb7Yk.webp","","https://framerusercontent.com/images/azUfSF1er2mSeE7AixHvDqMg340.webp","","true","false","Malik Tyyab Mahmood, Man and Van Based in Manchester","Malik Tyyab Mahmood covers Manchester and the surrounding area","Other Man and Van Businesses in Manchester","The Manchester board has a single driver on it. Put your name on it.","<p dir=""auto"">The Manchester board has a single driver on it. <a href=""/driver-signup-page"">Put your name on it</a>.</p>","Search for drivers in Greater Manchester","true"
"rapid-relocations-bramley","Bramley","West Yorkshire","","James Finlay","Rapid Relocations","","https://www.facebook.com/share/1EDcMrM8iM/?mibextid=wwXIfr","https://framerusercontent.com/images/CXllh5aEc28bELQwT9Bn0XMCUg.png","Profile image for Rapid Relocations in Bramley, West Yorkshire.","true","leeds-west-yorkshire","Pudsey, Farsley, Horsforth, Rodley, Armley, Kirkstall, Calverley, Stanningley","07348307031","https://wa.me/447348307031","SWB panel","","Motorbike Collection, Small House Removals, Local Courier Service, Single Item Collection","Yes","","","","Rapid Relocations","<h2 dir=""auto"">The essentials</h2><p dir=""auto"">Rapid Relocations covers Leeds and the surrounding West Yorkshire area, working out of the LS13 postcode. That typically takes in Pudsey, Farsley, Horsforth, and Rodley among other nearby areas.</p><h3 dir=""auto"">Van type and loading</h3><p dir=""auto"">The profile lists a short wheelbase panel van, a sensible size for single items and lighter moves.</p><h3 dir=""auto"">What James covers</h3><p dir=""auto"">Jobs listed include motorbike transport, small house moves, local courier work, and single-item collections. An extra pair of hands is listed, useful where items need two people.</p><h3 dir=""auto"">Around Leeds</h3><p dir=""auto"">A lot of collection work here starts around Trinity and Victoria.</p><p dir=""auto"">A clear message beats a vague one: list the items, both postcodes, floor levels, and parking, plus the date you want. It also helps to mention how the bike will be loaded and secured. No insurance details have been supplied through VanHub UK, so confirm cover directly before booking valuable or higher-risk work. A social page is linked, handy for a quick look at past work before booking.</p>","https://framerusercontent.com/images/74yRCSFDqUH6HVBRhJ2WdDQ794.webp","","https://framerusercontent.com/images/SUN3A8zxFQjL4QFjunA3b6gCcnw.webp","","https://framerusercontent.com/images/7xFxF7YEZ36crGYyiwcyaEBoGk.webp","","https://framerusercontent.com/images/omzuUS1Y9BdxI4urAbkSJ6FrfA.webp","","","","https://framerusercontent.com/images/ceQ1QusSo96JydAUXoMTkQY77vc.webp","","https://framerusercontent.com/images/pEj6OyLZ1LjP2s4PsGqgqygb7Yk.webp","","https://framerusercontent.com/images/azUfSF1er2mSeE7AixHvDqMg340.webp","","false","false","Rapid Relocations, Man and Van Based in Bramley","James Finlay covers Bramley and the wider West Yorkshire area","Other Man and Van Businesses in Bramley","No one else covers Bramley on the platform yet. Sign your van up.","<p dir=""auto"">No one else covers Bramley on the platform yet. <a href=""/driver-signup-page"">Sign your van up</a>.</p>","Search for drivers in West Yorkshire","true"
"dels-man-and-van-ltd-sapcote","Hinckley","Leicestershire","","Delmar Brassil","Del's Man & Van Ltd","","https://www.facebook.com/share/1P5QQxhugq/","https://framerusercontent.com/images/JPxynS2FNJ3vCcVX9smRRKi8aM8.png","Profile image for Del's Man & Van Ltd in Dels Sapcote, Leicestershire.","true","hinckley-leicestershire","Hinckley, Broughton Astley, Stoney Stanton, Narborough, Earl Shilton, Countesthorpe, Blaby, Barwell","07852209064","https://wa.me/447852209064","Luton with tailift","","Single Item Collection, Local Courier Service, UK Wide Courier Service, Rubbish Removal, Small House Removals","Yes","https://www.instagram.com/delsmanandvanltd?igsh=ajBtb2tidnZ3OGl6","","","Del's Man & Van Ltd","<h2 dir=""auto"">In brief</h2><p dir=""auto"">Working from LE9 in Hinckley, Del's Man &amp; Van Ltd handles jobs across Leicestershire and nearby. Customers around Hinckley, Broughton Astley, Stoney Stanton, and Narborough may also find this a useful option.</p><h3 dir=""auto"">The van</h3><p dir=""auto"">Listed here is a Luton with a tail lift, so appliances, furniture, and heavier single items can be wheeled up rather than lifted by hand.</p><h3 dir=""auto"">Services listed</h3><p dir=""auto"">Jobs listed include single-item collections, local courier work, UK-wide courier runs, and small house moves. An extra pair of hands is listed, useful where items need two people. The mix leans towards house moves and bulkier loads rather than light courier drops.</p><h3 dir=""auto"">Working Hinckley</h3><p dir=""auto"">For clearance loads the nearest household waste centre is Barwell RHWS.</p><p dir=""auto"">Waste and clearance work should only go to a driver with valid waste carrier registration, so confirm this and how the load is disposed of first.</p><h3 dir=""auto"">Sorting a quote</h3><p dir=""auto"">When you get in touch, give the pickup and drop-off postcodes, what is moving, parking and stairs, and when you need it. It also helps to mention rough weights or sizes of the larger items. There is no insurance on file with VanHub UK, so it is worth confirming cover directly, especially for anything valuable. A social page is linked, handy for a quick look at past work before booking.</p>","https://framerusercontent.com/images/74yRCSFDqUH6HVBRhJ2WdDQ794.webp","","https://framerusercontent.com/images/SUN3A8zxFQjL4QFjunA3b6gCcnw.webp","","https://framerusercontent.com/images/7xFxF7YEZ36crGYyiwcyaEBoGk.webp","","https://framerusercontent.com/images/omzuUS1Y9BdxI4urAbkSJ6FrfA.webp","","","","https://framerusercontent.com/images/ceQ1QusSo96JydAUXoMTkQY77vc.webp","","https://framerusercontent.com/images/pEj6OyLZ1LjP2s4PsGqgqygb7Yk.webp","","https://framerusercontent.com/images/azUfSF1er2mSeE7AixHvDqMg340.webp","","false","false","Del's Man & Van Ltd, Removals and Man and Van in Hinckley","Delmar Brassil is available for van work in Hinckley and Leicestershire","Other Man and Van Businesses in Hinckley","Nobody has listed against Delmar Brassil in Hinckley yet. List your business here.","<p dir=""auto"">Nobody has listed against Delmar Brassil in Hinckley yet. <a href=""/driver-signup-page"">List your business here</a>.</p>","Search for drivers in Leicestershire","true"
"pennine-priority-logistics-bingley","Bingley","West Yorkshire","","Josh Atkinson","Pennine Priority Logistics","https://www.penninelogistics.com/","https://www.facebook.com/profile.php?id=61590426276997","https://framerusercontent.com/images/8DeVsyLqCFmC6o1e2RTbWRfWW0.png","Profile image for Pennine Priority Logistics in Bingley, West Yorkshire.","true","bingley","Shipley, Keighley, Baildon, Saltaire, Cottingley, Harden, Wilsden, Cullingworth","07821517238","https://wa.me/447821517238","LWB panel","","Local Courier Service, Single Item Collection, UK Wide Courier Service, Small House Removals, Medium House Removals","Dependant on the job and if required","","","","Pennine Priority Logistics","<h2 dir=""auto"">The essentials</h2><p dir=""auto"">Pennine Priority Logistics runs out of Bingley in West Yorkshire, with the profile tied to the BD16 district. That typically takes in Shipley, Keighley, Baildon, and Saltaire among other nearby areas. A lot of collection work here starts around Bingley town centre and Main Street and Chapel Lane shops. Between-property moves are common, with Keighley and Bradford among the local storage options.</p><h3 dir=""auto"">Van and load space</h3><p dir=""auto"">The profile lists a long wheelbase panel van, well suited to single items, a few boxes, or a small furniture run.</p><h3 dir=""auto"">Typical work</h3><p dir=""auto"">Jobs listed include local courier work, single-item collections, UK-wide courier runs, small house moves, and medium house moves. The job list is broad, from single items through to larger moves, so be specific about which you need.</p><h3 dir=""auto"">Making contact</h3><p dir=""auto"">For a sensible price, send both postcodes, a quick item list, access at each end, and your date. There is no insurance on file with VanHub UK, so it is worth confirming cover directly, especially for anything valuable. There is a website and a social page on the profile, useful for a quick background check first.</p>","https://framerusercontent.com/images/74yRCSFDqUH6HVBRhJ2WdDQ794.webp","","https://framerusercontent.com/images/SUN3A8zxFQjL4QFjunA3b6gCcnw.webp","","https://framerusercontent.com/images/7xFxF7YEZ36crGYyiwcyaEBoGk.webp","","https://framerusercontent.com/images/omzuUS1Y9BdxI4urAbkSJ6FrfA.webp","","","","https://framerusercontent.com/images/ceQ1QusSo96JydAUXoMTkQY77vc.webp","","https://framerusercontent.com/images/pEj6OyLZ1LjP2s4PsGqgqygb7Yk.webp","","https://framerusercontent.com/images/azUfSF1er2mSeE7AixHvDqMg340.webp","","false","false","Pennine Priority Logistics, Van and Driver in Bingley","Man and van coverage from Josh Atkinson in Bingley and West Yorkshire","Other Man and Van Businesses in Bingley","Josh Atkinson is the sole listed driver in Bingley right now. Get yourself listed.","<p dir=""auto"">Josh Atkinson is the sole listed driver in Bingley right now. <a href=""/driver-signup-page"">Get yourself listed</a>.</p>","Search for drivers in West Yorkshire","true"
"knight-home-and-property-maintenance-bracknell","Bracknell","Berkshire","","Sean Knight","Knight Home and Property Maintenance","","","https://framerusercontent.com/images/fwtHHQSE2JHPU6qrMPGc7Q6kVGI.png","Profile image for Knight Home and Property Maintenance in Bracknell, Berkshire.","false","bracknell-berkshire","Wokingham, Binfield, Warfield, Ascot, Crowthorne, Sandhurst, Camberley, Bagshot","07938560548","https://wa.me/447938560548","LWB panel","","Single Item Collection, Local Courier Service, UK Wide Courier Service, Small House Removals, Motorbike Collection, HIAB","No","","","","Knight Home and Property Maintenance","<h2 dir=""auto"">In brief</h2><p dir=""auto"">Knight Home and Property Maintenance covers Bracknell and the surrounding Berkshire area, working out of the RG42 postcode. That typically takes in Wokingham, Binfield, Warfield, and Ascot among other nearby areas. Shop and store pickups often come off The Lexicon and Peel Centre. Storage runs come up a fair bit locally, Access Storage Bracknell included.</p><h3 dir=""auto"">Work covered</h3><p dir=""auto"">Jobs listed include single-item collections, local courier work, UK-wide courier runs, small house moves, motorbike transport, and Hiab lifts. The job list is broad, from single items through to larger moves, so be specific about which you need.</p><h3 dir=""auto"">The van</h3><p dir=""auto"">You are looking at a long wheelbase panel van, well suited to single items, a few boxes, or a small furniture run.</p><p dir=""auto"">Give the driver something to work with, both postcodes, what is moving, stairs or lift, and timing, and the quote will be more accurate. It also helps to mention how the bike will be loaded and secured. This is listed as driver-only, so flag if you will need lifting help. No insurance details have been supplied through VanHub UK, so confirm cover directly before booking valuable or higher-risk work.</p>","https://framerusercontent.com/images/74yRCSFDqUH6HVBRhJ2WdDQ794.webp","","https://framerusercontent.com/images/SUN3A8zxFQjL4QFjunA3b6gCcnw.webp","","https://framerusercontent.com/images/7xFxF7YEZ36crGYyiwcyaEBoGk.webp","","https://framerusercontent.com/images/omzuUS1Y9BdxI4urAbkSJ6FrfA.webp","","","","https://framerusercontent.com/images/ceQ1QusSo96JydAUXoMTkQY77vc.webp","","https://framerusercontent.com/images/pEj6OyLZ1LjP2s4PsGqgqygb7Yk.webp","","https://framerusercontent.com/images/azUfSF1er2mSeE7AixHvDqMg340.webp","","false","false","Knight Home and Property Maintenance, Man and Van Services in Bracknell","Sean Knight, working Bracknell and the rest of Berkshire","Other Man and Van Businesses in Bracknell","Bracknell is covered by a single listed driver so far. List your van as well.","<p dir=""auto"">Bracknell is covered by a single listed driver so far. <a href=""/driver-signup-page"">List your van as well</a>.</p>","Search for drivers in Berkshire","true"
"the-van-man-co-bristol","Bristol","City of Bristol","","Dominic McBride Wilson","The Van Man Co.","https://thevanmanco.co.uk/","","https://framerusercontent.com/images/nCsFj5hIalGg7VKlV2BlAfJhQ.png","Profile image for The Van Man Co. in Bristol.","true","bristol","Bath, Yate, Kingswood, Keynsham, Portishead, Thornbury, Clevedon, Weston-super-Mare","03300430885","","SWB panel, MWB panel, LWB panel, XLWB panel, Luton no tailift, Luton with tailift","","Single Item Collection, UK Wide Courier Service, Small House Removals, Medium House Removals (multi van), Large House Moves 7.5t, HGV","Yes","","","","The Van Man Co.","<h2 dir=""auto"">At a glance</h2><p dir=""auto"">The Van Man Co is a City of Bristol-based man and van profile, set up around the BS6 area of Bristol. That typically takes in Bath, Yate, Kingswood, and Keynsham among other nearby areas. Shop and store pickups often come off Bristol city centre and Cabot Circus.</p><h3 dir=""auto"">Typical work</h3><p dir=""auto"">Jobs listed include single-item collections, UK-wide courier runs, small house moves, medium house moves, and larger house moves. An extra pair of hands is listed, useful where items need two people. The job list is broad, from single items through to larger moves, so be specific about which you need.</p><h3 dir=""auto"">What the van handles</h3><p dir=""auto"">Listed here are a few vehicles, including a short wheelbase panel van and a medium wheelbase panel van, a sensible size for single items and lighter moves.</p><h3 dir=""auto"">Getting a price</h3><p dir=""auto"">A clear message beats a vague one: list the items, both postcodes, floor levels, and parking, plus the date you want. There is no insurance on file with VanHub UK, so it is worth confirming cover directly, especially for anything valuable. There is a website linked, so there is more background to check before getting in touch.</p>","https://framerusercontent.com/images/74yRCSFDqUH6HVBRhJ2WdDQ794.webp","","https://framerusercontent.com/images/SUN3A8zxFQjL4QFjunA3b6gCcnw.webp","","https://framerusercontent.com/images/7xFxF7YEZ36crGYyiwcyaEBoGk.webp","","https://framerusercontent.com/images/omzuUS1Y9BdxI4urAbkSJ6FrfA.webp","","","","https://framerusercontent.com/images/ceQ1QusSo96JydAUXoMTkQY77vc.webp","","https://framerusercontent.com/images/pEj6OyLZ1LjP2s4PsGqgqygb7Yk.webp","","https://framerusercontent.com/images/azUfSF1er2mSeE7AixHvDqMg340.webp","","false","false","The Van Man Co., Man and Van Driver in Bristol","Removals and collections from Dominic McBride Wilson in Bristol","Other Man and Van Businesses in Bristol","Bristol is covered by a single listed driver so far. List your van as well.","<p dir=""auto"">Bristol is covered by a single listed driver so far. <a href=""/driver-signup-page"">List your van as well</a>.</p>","Search for drivers in Bristol","true"
"matrix-couriers-ltd-sunderland","Sunderland","Tyne and Wear","","Jamie Carr","Matrix Couriers LTD","","https://www.facebook.com/share/1PANK","https://framerusercontent.com/images/FrQYo2LS9MUHb7w4F4mLgEZWA1Y.png","Profile image for Matrix Couriers LTD in Sunderland, Tyne and Wear.","true","sunderland-tyne-and-wear","Newcastle upon Tyne, Gateshead, Washington, South Shields, Houghton-le-Spring, Seaham, Chester-le-Street, Durham","07475637897","https://wa.me/447475637897","SWB panel, MWB panel, LWB panel, XLWB panel, Luton no tailift","","Single Item Collection, Local Courier Service, UK Wide Courier Service, Small House Removals, Medium House Removals (multi van), Motorbike Collection","Yes","","","","Matrix Couriers LTD","<h2 dir=""auto"">Overview</h2><p dir=""auto"">Working from SR5 in Sunderland, Matrix Couriers LTD handles jobs across Tyne and Wear and nearby. That puts Newcastle upon Tyne, Gateshead, Washington, and South Shields within easy reach for collections and drop-offs. A lot of collection work here starts around The Bridges Shopping Centre and Sunderland city centre.</p><h3 dir=""auto"">Work covered</h3><p dir=""auto"">Jobs listed include single-item collections, local courier work, UK-wide courier runs, small house moves, medium house moves, and motorbike transport. An extra pair of hands is listed, useful where items need two people. This covers a wide range, single items to bigger moves, so pin down the job when you get in touch.</p><h3 dir=""auto"">Van type and loading</h3><p dir=""auto"">The profile lists a few vehicles, including a short wheelbase panel van and a medium wheelbase panel van, a sensible size for single items and lighter moves.</p><p dir=""auto"">Give the driver something to work with, both postcodes, what is moving, stairs or lift, and timing, and the quote will be more accurate. It also helps to mention how the bike will be loaded and secured. There is no insurance on file with VanHub UK, so it is worth confirming cover directly, especially for anything valuable. There is a social page on the profile, worth a glance before you commit.</p>","https://framerusercontent.com/images/74yRCSFDqUH6HVBRhJ2WdDQ794.webp","","https://framerusercontent.com/images/SUN3A8zxFQjL4QFjunA3b6gCcnw.webp","","https://framerusercontent.com/images/7xFxF7YEZ36crGYyiwcyaEBoGk.webp","","https://framerusercontent.com/images/omzuUS1Y9BdxI4urAbkSJ6FrfA.webp","","","","https://framerusercontent.com/images/ceQ1QusSo96JydAUXoMTkQY77vc.webp","","https://framerusercontent.com/images/pEj6OyLZ1LjP2s4PsGqgqygb7Yk.webp","","https://framerusercontent.com/images/azUfSF1er2mSeE7AixHvDqMg340.webp","","false","false","Matrix Couriers LTD, Man and Van in Sunderland","Van work from Jamie Carr across Sunderland and Tyne and Wear","Other Man and Van Businesses in Sunderland","Driver coverage in Sunderland is thin, with just Jamie Carr listed. Add yours to it.","<p dir=""auto"">Driver coverage in Sunderland is thin, with just Jamie Carr listed. <a href=""/driver-signup-page"">Add yours to it</a>.</p>","Search for drivers in Tyne and Wear","true"
"morphon-group-holdings-limited-manchester","Manchester","Greater Manchester","","Atiq Ur Rehman","Morphon Group Holdings Limited","","","https://framerusercontent.com/images/GdKEvAzo1miBw0qhING3SWOBvI.webp","Default profile image for Morphon Group Holdings Limited in Manchester, Greater Manchester.","false","manchester-greater-manchester","Salford, Stretford, Trafford, Chorlton-cum-Hardy, Hulme, Urmston, Stockport, Eccles","+447395181320","https://wa.me/447395181320","LWB panel","","Single Item Collection, UK Wide Courier Service, Local Courier Service, Small House Removals","Yes","","","","Morphon Group Holdings Limited","<h2 dir=""auto"">About this profile</h2><p dir=""auto"">Morphon Group Holdings Limited is a Manchester-based driver profile, set up around the M16 area of Greater Manchester. That typically takes in Salford, Stretford, Trafford, and Chorlton-cum-Hardy among other nearby areas. Shop and store pickups often come off City centre and Northern Quarter.</p><h3 dir=""auto"">The vehicle</h3><p dir=""auto"">You are looking at a long wheelbase panel van, well suited to single items, a few boxes, or a small furniture run.</p><h3 dir=""auto"">Jobs on the profile</h3><p dir=""auto"">Jobs listed include single-item collections, UK-wide courier runs, local courier work, and small house moves. Porter help is shown as available, which matters for two-person lifts or stairs.</p><h3 dir=""auto"">Making contact</h3><p dir=""auto"">When you get in touch, give the pickup and drop-off postcodes, what is moving, parking and stairs, and when you need it. The driver has supplied insurance details to VanHub UK. Confirm the cover fits your items before agreeing anything valuable.</p>","https://framerusercontent.com/images/74yRCSFDqUH6HVBRhJ2WdDQ794.webp","","https://framerusercontent.com/images/SUN3A8zxFQjL4QFjunA3b6gCcnw.webp","","https://framerusercontent.com/images/7xFxF7YEZ36crGYyiwcyaEBoGk.webp","","https://framerusercontent.com/images/omzuUS1Y9BdxI4urAbkSJ6FrfA.webp","","","","https://framerusercontent.com/images/ceQ1QusSo96JydAUXoMTkQY77vc.webp","","https://framerusercontent.com/images/pEj6OyLZ1LjP2s4PsGqgqygb7Yk.webp","","https://framerusercontent.com/images/azUfSF1er2mSeE7AixHvDqMg340.webp","","true","false","Morphon Group Holdings Limited, Man and Van Work in Manchester","Atiq Ur Rehman covers Manchester and the surrounding area","Other Man and Van Businesses in Manchester","Atiq Ur Rehman is the only driver covering Manchester on the platform so far. Put your van on the list.","<p dir=""auto"">Atiq Ur Rehman is the only driver covering Manchester on the platform so far. <a href=""/driver-signup-page"">Put your van on the list</a>.</p>","Search for drivers in Greater Manchester","true"
"shmoovit-milton-keynes","Milton Keynes","Buckinghamshire","","Connor Wilhelm","Shmoovit","https://www.shmoovit.uk","https://www.facebook.com/share/1ECVZNGKy8/","https://framerusercontent.com/images/p0nKGPI7WsTLwoTC0yWHYSNEfYQ.jpg","Profile image for Shmoovit in Milton Keynes, Buckinghamshire.","true","milton-keynes-buckinghamshire","Bletchley, Fenny Stratford, Wolverton, Newport Pagnell, Woburn, Leighton Buzzard, Buckingham, Bedford","07742935086","https://wa.me/447742935086","XLWB panel, Luton with tailift","","Small House Removals, Medium House Removals, Rubbish Removal, Single Item Collection, Local Courier Service","Yes","","","","Shmoovit","<h2 dir=""auto"">Profile summary</h2><p dir=""auto"">Shmoovit runs out of Milton Keynes in Buckinghamshire, with the profile tied to the MK3 district. Nearby spots like Bletchley, Fenny Stratford, Wolverton, and Newport Pagnell sit inside the usual working area. Rubbish runs round here usually head to Bleak Hall or Newport Pagnell CRC. A lot of collection work here starts around Centre:MK and Kingston.</p><h3 dir=""auto"">What the van handles</h3><p dir=""auto"">The profile lists an extra-long wheelbase panel van and a Luton with a tail lift, roomy enough for furniture runs or a modest house move.</p><h3 dir=""auto"">What Connor covers</h3><p dir=""auto"">Jobs listed include small house moves, medium house moves, single-item collections, and local courier work. Porter help is shown as available, which matters for two-person lifts or stairs. With the moving work and that load space, this reads as a removals-focused setup rather than a courier one.</p><p dir=""auto"">For any rubbish, clearance or waste jobs, check the driver holds valid waste carrier registration and disposes of loads properly before booking.</p><h3 dir=""auto"">Getting a useful quote</h3><p dir=""auto"">For a sensible price, send both postcodes, a quick item list, access at each end, and your date. It also helps to mention rough weights or sizes of the larger items. There is no insurance on file with VanHub UK, so it is worth confirming cover directly, especially for anything valuable. There is a website and a social page on the profile, useful for a quick background check first.</p>","https://framerusercontent.com/images/74yRCSFDqUH6HVBRhJ2WdDQ794.webp","","https://framerusercontent.com/images/SUN3A8zxFQjL4QFjunA3b6gCcnw.webp","","https://framerusercontent.com/images/7xFxF7YEZ36crGYyiwcyaEBoGk.webp","","https://framerusercontent.com/images/omzuUS1Y9BdxI4urAbkSJ6FrfA.webp","","","","https://framerusercontent.com/images/ceQ1QusSo96JydAUXoMTkQY77vc.webp","","https://framerusercontent.com/images/pEj6OyLZ1LjP2s4PsGqgqygb7Yk.webp","","https://framerusercontent.com/images/azUfSF1er2mSeE7AixHvDqMg340.webp","","false","false","Shmoovit, Man and Van Services in Milton Keynes","Connor Wilhelm runs a van out of Milton Keynes across Buckinghamshire","Other Man and Van Businesses in Milton Keynes","Just one van is listed for Milton Keynes at this point. List yours next.","<p dir=""auto"">Just one van is listed for Milton Keynes at this point. <a href=""/driver-signup-page"">List yours next</a>.</p>","Search for drivers in Buckinghamshire","true"
"hh-couriers-dewsbury","Dewsbury","West Yorkshire","","Muhammed khan","H&H couriers","","","https://framerusercontent.com/images/GdKEvAzo1miBw0qhING3SWOBvI.webp","Default profile image for H&H couriers in Hh Dewsbury, West Yorkshire.","false","dewsbury-west-yorkshire","Batley, Wakefield, Mirfield, Heckmondwike, Ossett, Morley, Leeds, Huddersfield","07365910593","https://wa.me/447365910593","Curtainsider 3.5t","","Single Item Collection, UK Wide Courier Service, Local Courier Service, Small House Removals, Rubbish Removal, Hazardous Waste Removal, Large House Moves 7.5t HGV, Medium House Removals","Yes","","","","H&H couriers","<h2 dir=""auto"">Overview</h2><p dir=""auto"">H&amp;H couriers runs out of Dewsbury in West Yorkshire, with the profile tied to the WF12 district. Customers around Batley, Wakefield, Mirfield, and Heckmondwike may also find this a useful option.</p><h3 dir=""auto"">Work covered</h3><p dir=""auto"">Jobs listed include single-item collections, UK-wide courier runs, local courier work, small house moves, larger house moves, and medium house moves. An extra pair of hands is listed, useful where items need two people. The mix leans towards house moves and bulkier loads rather than light courier drops.</p><h3 dir=""auto"">Van type and loading</h3><p dir=""auto"">Listed here is a curtainsider, sized for larger removals and heavier goods rather than a single item.</p><p dir=""auto"">Waste and clearance work should only go to a driver with valid waste carrier registration, so confirm this and how the load is disposed of first. Hazardous waste is specialist work that needs the right licensing, so confirm this directly.</p><h3 dir=""auto"">Getting a price</h3><p dir=""auto"">Give the driver something to work with, both postcodes, what is moving, stairs or lift, and timing, and the quote will be more accurate. It also helps to mention rough weights or sizes of the larger items. There is no insurance on file with VanHub UK, so it is worth confirming cover directly, especially for anything valuable.</p>","https://framerusercontent.com/images/74yRCSFDqUH6HVBRhJ2WdDQ794.webp","","https://framerusercontent.com/images/SUN3A8zxFQjL4QFjunA3b6gCcnw.webp","","https://framerusercontent.com/images/7xFxF7YEZ36crGYyiwcyaEBoGk.webp","","https://framerusercontent.com/images/omzuUS1Y9BdxI4urAbkSJ6FrfA.webp","","","","https://framerusercontent.com/images/ceQ1QusSo96JydAUXoMTkQY77vc.webp","","https://framerusercontent.com/images/pEj6OyLZ1LjP2s4PsGqgqygb7Yk.webp","","https://framerusercontent.com/images/azUfSF1er2mSeE7AixHvDqMg340.webp","","false","false","H&H couriers, Van Driver Covering Dewsbury","Van work from Muhammed khan across Dewsbury and West Yorkshire","Other Man and Van Businesses in Hh Couriers Dewsbury","No one else covers Dewsbury on the platform yet. Sign your van up.","<p dir=""auto"">No one else covers Dewsbury on the platform yet. <a href=""/driver-signup-page"">Sign your van up</a>.</p>","Search for drivers in West Yorkshire","true"
"early-rise-logistics-newquay","Newquay","Cornwall","","Scott fielding","Early rise logistics","","","https://framerusercontent.com/images/GdKEvAzo1miBw0qhING3SWOBvI.webp","Default profile image for Early rise logistics in Newquay, Cornwall.","false","newquay-cornwall","St Austell, Truro, Perranporth, Wadebridge, Bodmin, Redruth, Camborne, Falmouth","07774820644","https://wa.me/447774820644","LWB panel, SWB panel","","UK Wide Courier Service, Single Item Collection, Local Courier Service, Small House Removals, Rubbish Removal","Yes","","","","Early rise logistics","<h2 dir=""auto"">Overview</h2><p dir=""auto"">Early rise logistics covers Newquay and the surrounding Cornwall area, working out of the TR7 postcode. That typically takes in St Austell, Truro, Perranporth, and Wadebridge among other nearby areas.</p><h3 dir=""auto"">What the van handles</h3><p dir=""auto"">You are looking at a long wheelbase panel van and a short wheelbase panel van, well suited to single items, a few boxes, or a small furniture run.</p><h3 dir=""auto"">Jobs on the profile</h3><p dir=""auto"">Jobs listed include UK-wide courier runs, single-item collections, local courier work, and small house moves. An extra pair of hands is listed, useful where items need two people.</p><p dir=""auto"">For any rubbish, clearance or waste jobs, check the driver holds valid waste carrier registration and disposes of loads properly before booking.</p><p dir=""auto"">For a sensible price, send both postcodes, a quick item list, access at each end, and your date. The driver has supplied insurance details to VanHub UK. Confirm the cover fits your items before agreeing anything valuable.</p>","https://framerusercontent.com/images/74yRCSFDqUH6HVBRhJ2WdDQ794.webp","","https://framerusercontent.com/images/SUN3A8zxFQjL4QFjunA3b6gCcnw.webp","","https://framerusercontent.com/images/7xFxF7YEZ36crGYyiwcyaEBoGk.webp","","https://framerusercontent.com/images/omzuUS1Y9BdxI4urAbkSJ6FrfA.webp","","","","https://framerusercontent.com/images/ceQ1QusSo96JydAUXoMTkQY77vc.webp","","https://framerusercontent.com/images/pEj6OyLZ1LjP2s4PsGqgqygb7Yk.webp","","https://framerusercontent.com/images/azUfSF1er2mSeE7AixHvDqMg340.webp","","true","false","Early rise logistics, Van Driver Covering Newquay","Scott fielding takes van work across Newquay and Cornwall","Other Man and Van Businesses in Newquay","Just one van is listed for Newquay at this point. List yours next.","<p dir=""auto"">Just one van is listed for Newquay at this point. <a href=""/driver-signup-page"">List yours next</a>.</p>","Search for drivers in Cornwall","true"
"kayode-s-mosobalaje-stoke-on-trent","Stoke on Trent","Staffordshire","","KAYODE S MOSOBALAJE","kayswiftexpress@gmail.com","https://nextdoor.co.uk/!4GWVXC?utm_campaign=1782450056496&share_action_id=bb0edcaa-0c74-4b94-8c56-e19479a93cc6","","https://framerusercontent.com/images/GdKEvAzo1miBw0qhING3SWOBvI.webp","Default profile image for kayswiftexpress@gmail.com in Stoke on Trent, Staffordshire.","true","stoke-on-trent-staffordshire","Newcastle-under-Lyme, Burslem, Hanley, Tunstall, Kidsgrove, Longton, Stone, Crewe","07899632233","https://wa.me/447899632233","MWB panel","","Single Item Collection, UK Wide Courier Service, Small House Removals, Local Courier Service, Motorbike Collection, Medium House Removals","Yes","","","","Kayode S Mosobalaje","<h2 dir=""auto"">About this profile</h2><p dir=""auto"">kayswiftexpress@gmail.com is a Stoke-on-Trent-based man and van profile, set up around the ST6 area of Staffordshire. That puts Newcastle-under-Lyme, Burslem, Hanley, and Tunstall within easy reach for collections and drop-offs.</p><h3 dir=""auto"">What this covers</h3><p dir=""auto"">Jobs listed include single-item collections, UK-wide courier runs, small house moves, local courier work, motorbike transport, and medium house moves. Porter help is shown as available, which matters for two-person lifts or stairs. This covers a wide range, single items to bigger moves, so pin down the job when you get in touch.</p><h3 dir=""auto"">Van type and loading</h3><p dir=""auto"">Listed here is a medium wheelbase panel van, handy for single items, furniture, and smaller moves.</p><h3 dir=""auto"">On the ground</h3><p dir=""auto"">A lot of collection work here starts around Hanley city centre and Festival Park. Storage runs come up a fair bit locally, Big Yellow Stoke-on-Trent and Safestore Stoke-on-Trent included.</p><p dir=""auto"">A clear message beats a vague one: list the items, both postcodes, floor levels, and parking, plus the date you want. It also helps to mention how the bike will be loaded and secured. Insurance details have been supplied to VanHub UK, though it is still worth checking the cover suits your particular job. There is a website linked, so there is more background to check before getting in touch.</p>","https://framerusercontent.com/images/74yRCSFDqUH6HVBRhJ2WdDQ794.webp","","https://framerusercontent.com/images/SUN3A8zxFQjL4QFjunA3b6gCcnw.webp","","https://framerusercontent.com/images/7xFxF7YEZ36crGYyiwcyaEBoGk.webp","","https://framerusercontent.com/images/omzuUS1Y9BdxI4urAbkSJ6FrfA.webp","","","","https://framerusercontent.com/images/ceQ1QusSo96JydAUXoMTkQY77vc.webp","","https://framerusercontent.com/images/pEj6OyLZ1LjP2s4PsGqgqygb7Yk.webp","","https://framerusercontent.com/images/azUfSF1er2mSeE7AixHvDqMg340.webp","","true","false","kayswiftexpress@gmail.com, Collections and Removals in Stoke on Trent","Man and van coverage from KAYODE S MOSOBALAJE in Stoke on Trent and Staffordshire","Other Man and Van Businesses in Stoke On Trent","KAYODE S MOSOBALAJE is currently the only listed driver in Stoke on Trent. If you run a van locally, list your van here.","<p dir=""auto"">KAYODE S MOSOBALAJE is currently the only listed driver in Stoke on Trent. If you run a van locally, <a href=""/driver-signup-page"">list your van here</a>.</p>","Search for drivers in Staffordshire","true"
"twin-roots-national-services-peterborough","Peterborough","Cambridgeshire","","Raul Correia","Twin Roots National Services","","https://www.facebook.com/share/1FtocKxeDg/","https://framerusercontent.com/images/qpxQYsOozZNM7fdxJam0V8ml3kg.jpg","Profile image for Twin Roots National Services in Peterborough, Cambridgeshire.","true","peterborough-cambridgeshire","Whittlesey, Yaxley, March, Stamford, Wisbech, Huntingdon, Spalding, Oundle","07776082212","https://wa.me/447776082212","LWB panel","","Single Item Collection, Local Courier Service, UK Wide Courier Service, Rubbish Removal, Motorbike Collection, Small House Removals, Medium House Removals","Yes","","","","Twin Roots National Services","<h2 dir=""auto"">Profile summary</h2><p dir=""auto"">Working from PE7 in Peterborough, Twin Roots National Services handles jobs across Cambridgeshire and nearby. That puts Whittlesey, Yaxley, March, and Stamford within easy reach for collections and drop-offs.</p><h3 dir=""auto"">The vehicle</h3><p dir=""auto"">The profile lists a long wheelbase panel van, a sensible size for single items and lighter moves.</p><h3 dir=""auto"">What this covers</h3><p dir=""auto"">Jobs listed include single-item collections, local courier work, UK-wide courier runs, motorbike transport, small house moves, and medium house moves. Porter help is shown as available, which matters for two-person lifts or stairs. This covers a wide range, single items to bigger moves, so pin down the job when you get in touch.</p><h3 dir=""auto"">On the ground</h3><p dir=""auto"">Rubbish runs round here usually head to Fengate Household Recycling Centre. Shop and store pickups often come off Queensgate and Rivergate.</p><p dir=""auto"">For any rubbish, clearance or waste jobs, check the driver holds valid waste carrier registration and disposes of loads properly before booking.</p><p dir=""auto"">When you get in touch, give the pickup and drop-off postcodes, what is moving, parking and stairs, and when you need it. It also helps to mention how the bike will be loaded and secured. Insurance has been provided through VanHub UK, but ask that the cover matches your goods before you commit. A social page is linked, handy for a quick look at past work before booking.</p>","https://framerusercontent.com/images/74yRCSFDqUH6HVBRhJ2WdDQ794.webp","","https://framerusercontent.com/images/SUN3A8zxFQjL4QFjunA3b6gCcnw.webp","","https://framerusercontent.com/images/7xFxF7YEZ36crGYyiwcyaEBoGk.webp","","https://framerusercontent.com/images/omzuUS1Y9BdxI4urAbkSJ6FrfA.webp","","","","https://framerusercontent.com/images/ceQ1QusSo96JydAUXoMTkQY77vc.webp","","https://framerusercontent.com/images/pEj6OyLZ1LjP2s4PsGqgqygb7Yk.webp","","https://framerusercontent.com/images/azUfSF1er2mSeE7AixHvDqMg340.webp","","true","false","Twin Roots National Services, Man and Van in Peterborough","Jobs Raul Correia covers in and around Peterborough, Cambridgeshire","Other Man and Van Businesses in Peterborough","Peterborough could do with more listed drivers than Raul Correia alone. Add your van.","<p dir=""auto"">Peterborough could do with more listed drivers than Raul Correia alone. <a href=""/driver-signup-page"">Add your van</a>.</p>","Search for drivers in Cambridgeshire","true"
"t-rex-removals-doncaster","Doncaster","South Yorkshire","","Myles Harvey","T-REX Removals","","https://www.facebook.com/share/1BozYiRyTL/?mibextid=wwXIfr","https://framerusercontent.com/images/gAjZkHyPAlicDuqOcErjhYppb1o.png","Profile image for T-REX Removals in Doncaster, South Yorkshire.","true","doncaster-south-yorkshire","Bentley, Adwick Le Street, Conisbrough, Mexborough, Goldthorpe, Maltby, Bolton Upon Dearne, Thurnscoe","07842514025","https://wa.me/447842514025","LWB panel","Single Item Collection, Local Courier Service, UK Wide Courier Service, Small House Removals, Medium House Removals, Large House Moves 7.5t, HGV, Motorbike Collection, Vehicle Collection","Single Item Collection, Local Courier Service, UK Wide Courier Service, Small House Removals, Medium House Removals, Large House Moves 7.5t, HGV, Motorbike Collection, Vehicle Collection","Yes","","","","T-REX Removals Doncaster","<h2 dir=""auto"">At a glance</h2><p dir=""auto"">Working from DN2 in Doncaster, T-REX Removals handles jobs across South Yorkshire and nearby. Nearby spots like Bentley, Adwick Le Street, Conisbrough, and Mexborough sit inside the usual working area. A lot of collection work here starts around Frenchgate and Lakeside Village.</p><h3 dir=""auto"">The van</h3><p dir=""auto"">You are looking at a long wheelbase panel van, handy for single items, furniture, and smaller moves.</p><h3 dir=""auto"">Typical work</h3><p dir=""auto"">Jobs listed include single-item collections, local courier work, UK-wide courier runs, small house moves, medium house moves, larger house moves, motorbike transport, and vehicle transport. An extra pair of hands is listed, useful where items need two people. This covers a wide range, single items to bigger moves, so pin down the job when you get in touch.</p><h3 dir=""auto"">Getting a useful quote</h3><p dir=""auto"">For a sensible price, send both postcodes, a quick item list, access at each end, and your date. It also helps to mention how the bike will be loaded and secured. There is no insurance on file with VanHub UK, so it is worth confirming cover directly, especially for anything valuable. There is a social page on the profile, worth a glance before you commit.</p>","https://framerusercontent.com/images/74yRCSFDqUH6HVBRhJ2WdDQ794.webp","","https://framerusercontent.com/images/SUN3A8zxFQjL4QFjunA3b6gCcnw.webp","","https://framerusercontent.com/images/7xFxF7YEZ36crGYyiwcyaEBoGk.webp","","https://framerusercontent.com/images/omzuUS1Y9BdxI4urAbkSJ6FrfA.webp","","","","https://framerusercontent.com/images/ceQ1QusSo96JydAUXoMTkQY77vc.webp","","https://framerusercontent.com/images/pEj6OyLZ1LjP2s4PsGqgqygb7Yk.webp","","https://framerusercontent.com/images/azUfSF1er2mSeE7AixHvDqMg340.webp","","false","false","T-REX Removals, Van Driver Covering Doncaster","Man and Van Services from Myles Harvey in Doncaster, South Yorkshire","Other Man and Van Businesses in Doncaster","There is room for more drivers in Doncaster. If you have a van, set up a profile.","<p dir=""auto"">There is room for more drivers in Doncaster. If you have a van, <a href=""/driver-signup-page"">set up a profile</a>.</p>","Search for drivers in South Yorkshire","true"
"fastlane-couriers-24-7-birmingham","Birmingham","West Midlands","","Mita Tanna","FASTLANE COURIERS 24/7","","","https://framerusercontent.com/images/GdKEvAzo1miBw0qhING3SWOBvI.webp","Default profile image for FASTLANE COURIERS 24/7 in Birmingham, West Midlands.","false","birmingham-west-midlands","Kings Heath, Moseley, Solihull","07876437398","https://wa.me/447876437398","MWB panel, LWB panel, SWB panel","","Single Item Collection, Local Courier Service, UK Wide Courier Service, Small House Removals, Medium House Removals (multi van), Motorbike Collection","Yes","","","","FASTLANE COURIERS 24/7","<h2 dir=""auto"">The rundown</h2><p dir=""auto"">FASTLANE COURIERS 24/7 is a Birmingham-based man and van profile, set up around the B14 area of West Midlands. That puts Kings Heath, Moseley, and Solihull within easy reach for collections and drop-offs. Shop and store pickups often come off Bullring and Grand Central.</p><h3 dir=""auto"">Vehicle and services</h3><p dir=""auto"">You are looking at a few vehicles, including a medium wheelbase panel van and a long wheelbase panel van, a sensible size for single items and lighter moves. Jobs listed include single-item collections, local courier work, UK-wide courier runs, small house moves, medium house moves, and motorbike transport. An extra pair of hands is listed, useful where items need two people. This covers a wide range, single items to bigger moves, so pin down the job when you get in touch.</p><p dir=""auto"">For a sensible price, send both postcodes, a quick item list, access at each end, and your date. It also helps to mention how the bike will be loaded and secured. There is no insurance on file with VanHub UK, so it is worth confirming cover directly, especially for anything valuable.</p>","https://framerusercontent.com/images/74yRCSFDqUH6HVBRhJ2WdDQ794.webp","","https://framerusercontent.com/images/SUN3A8zxFQjL4QFjunA3b6gCcnw.webp","","https://framerusercontent.com/images/7xFxF7YEZ36crGYyiwcyaEBoGk.webp","","https://framerusercontent.com/images/omzuUS1Y9BdxI4urAbkSJ6FrfA.webp","","","","https://framerusercontent.com/images/ceQ1QusSo96JydAUXoMTkQY77vc.webp","","https://framerusercontent.com/images/pEj6OyLZ1LjP2s4PsGqgqygb7Yk.webp","","https://framerusercontent.com/images/azUfSF1er2mSeE7AixHvDqMg340.webp","","false","false","FASTLANE COURIERS 24/7, Van Driver Covering Birmingham","Mita Tanna runs a van out of Birmingham across West Midlands","Other Man and Van Businesses in Birmingham","The Birmingham listings currently show one driver. Add a second.","<p dir=""auto"">The Birmingham listings currently show one driver. <a href=""/driver-signup-page"">Add a second</a>.</p>","Search for drivers in West Midlands","true"
"wylds-removals-bodmin","Bodmin","Cornwall","","Barry Wylds","Wylds Removals","https://www.wyldsremovals.co.uk","","https://framerusercontent.com/images/GdKEvAzo1miBw0qhING3SWOBvI.webp","Default profile image for Wylds Removals in Bodmin, Cornwall.","true","bodmin-cornwall","Wadebridge, Liskeard, St Austell","07870495518","https://wa.me/447870495518","Luton with tailift, XLWB panel","","Single Item Collection, Local Courier Service, UK Wide Courier Service, Small House Removals, Medium House Removals (multi van)","Yes","","","","Wylds Removals","<h2 dir=""auto"">At a glance</h2><p dir=""auto"">Wylds Removals covers Bodmin and the surrounding Cornwall area, working out of the PL30 postcode. Customers around Wadebridge, Liskeard, and St Austell may also find this a useful option.</p><h3 dir=""auto"">Van type and loading</h3><p dir=""auto"">The profile lists a Luton with a tail lift and an extra-long wheelbase panel van, handy when the load includes weighty goods, white goods, or anything hard to raise into a van.</p><h3 dir=""auto"">Jobs on the profile</h3><p dir=""auto"">Jobs listed include single-item collections, local courier work, UK-wide courier runs, small house moves, and medium house moves. An extra pair of hands is listed, useful where items need two people. With the moving work and that load space, this reads as a removals-focused setup rather than a courier one.</p><h3 dir=""auto"">Before you book</h3><p dir=""auto"">Give the driver something to work with, both postcodes, what is moving, stairs or lift, and timing, and the quote will be more accurate. It also helps to mention rough weights or sizes of the larger items. The driver has supplied insurance details to VanHub UK. Confirm the cover fits your items before agreeing anything valuable. A website is linked on the profile, handy for a look before you make contact.</p>","https://framerusercontent.com/images/74yRCSFDqUH6HVBRhJ2WdDQ794.webp","","https://framerusercontent.com/images/SUN3A8zxFQjL4QFjunA3b6gCcnw.webp","","https://framerusercontent.com/images/7xFxF7YEZ36crGYyiwcyaEBoGk.webp","","https://framerusercontent.com/images/omzuUS1Y9BdxI4urAbkSJ6FrfA.webp","","","","https://framerusercontent.com/images/ceQ1QusSo96JydAUXoMTkQY77vc.webp","","https://framerusercontent.com/images/pEj6OyLZ1LjP2s4PsGqgqygb7Yk.webp","","https://framerusercontent.com/images/azUfSF1er2mSeE7AixHvDqMg340.webp","","true","false","Wylds Removals, Man and Van Services in Bodmin","Where Barry Wylds works: Bodmin and across Cornwall","Other Man and Van Businesses in Bodmin","Nobody has joined Barry Wylds on the Bodmin listings yet. Claim a spot.","<p dir=""auto"">Nobody has joined Barry Wylds on the Bodmin listings yet. <a href=""/driver-signup-page"">Claim a spot</a>.</p>","Search for drivers in Cornwall","true"
"b-r-services-dudley","Dudley","West Midlands","","David Brett Rolinson","B R Services","","","https://framerusercontent.com/images/sMKBD3URvObKIdUzCaSQtnpTZ0.jpg","Profile image for B R Services in Dudley, West Midlands.","false","dudley-west-midlands","Wolverhampton, Halesowen, Brierley Hill, Stourbridge, Tipton, Oldbury, Sedgley, Kingswinford","07896187079","https://wa.me/447896187079","MWB panel","","UK Wide Courier Service, Single Item Collection, Local Courier Service, Small House Removals","No","","","","B R Services","<h2 dir=""auto"">In brief</h2><p dir=""auto"">B R Services runs out of Dudley in West Midlands, with the profile tied to the DY2 district. That typically takes in Wolverhampton, Halesowen, Brierley Hill, and Stourbridge among other nearby areas.</p><h3 dir=""auto"">What the van handles</h3><p dir=""auto"">The profile lists a medium wheelbase panel van, handy for single items, furniture, and smaller moves.</p><h3 dir=""auto"">Typical work</h3><p dir=""auto"">Jobs listed include UK-wide courier runs, single-item collections, local courier work, and small house moves.</p><h3 dir=""auto"">Sorting a quote</h3><p dir=""auto"">When you get in touch, give the pickup and drop-off postcodes, what is moving, parking and stairs, and when you need it. This is listed as driver-only, so flag if you will need lifting help. Insurance has not been supplied through VanHub UK. Check cover with the driver before handing over anything of value.</p>","https://framerusercontent.com/images/74yRCSFDqUH6HVBRhJ2WdDQ794.webp","","https://framerusercontent.com/images/SUN3A8zxFQjL4QFjunA3b6gCcnw.webp","","https://framerusercontent.com/images/7xFxF7YEZ36crGYyiwcyaEBoGk.webp","","https://framerusercontent.com/images/omzuUS1Y9BdxI4urAbkSJ6FrfA.webp","","","","https://framerusercontent.com/images/ceQ1QusSo96JydAUXoMTkQY77vc.webp","","https://framerusercontent.com/images/pEj6OyLZ1LjP2s4PsGqgqygb7Yk.webp","","https://framerusercontent.com/images/azUfSF1er2mSeE7AixHvDqMg340.webp","","false","false","B R Services, Man and Van Based in Dudley","David Brett Rolinson takes van work across Dudley and West Midlands","Other Man and Van Businesses in Dudley","Dudley has space for more independent drivers. Add your details here.","<p dir=""auto"">Dudley has space for more independent drivers. <a href=""/driver-signup-page"">Add your details here</a>.</p>","Search for drivers in West Midlands","true"
"omega-transport-grimsby","Grimsby","Lincolnshire","","Scott Smith","Omega Transport","","https://www.facebook.com/share/1NXpKXPeXu/","https://framerusercontent.com/images/OhjF3stJaaHw8UX0ZwyqajMLp4.png","Profile image for Omega Transport in Grimsby, Lincolnshire.","true","grimsby-lincolnshire","Cleethorpes, Immingham, Waltham, New Waltham, Laceby, Humberston, Caistor, Louth","07521464985","https://wa.me/447521464985","MWB panel","","Single Item Collection, Local Courier Service, UK Wide Courier Service, Motorbike Collection, Rubbish Removal","No","","","","Omega Transport","<h2 dir=""auto"">What you are looking at</h2><p dir=""auto"">Working from DN32 in Grimsby, Omega Transport handles jobs across Lincolnshire and nearby. That puts Cleethorpes, Immingham, Waltham, and New Waltham within easy reach for collections and drop-offs.</p><h3 dir=""auto"">What Scott covers</h3><p dir=""auto"">Jobs listed include single-item collections, local courier work, UK-wide courier runs, and motorbike transport. It reads as a courier and single-item setup rather than a big-removals one.</p><h3 dir=""auto"">Van and load space</h3><p dir=""auto"">You are looking at a medium wheelbase panel van, handy for single items, furniture, and smaller moves.</p><p dir=""auto"">For any rubbish, clearance or waste jobs, check the driver holds valid waste carrier registration and disposes of loads properly before booking.</p><h3 dir=""auto"">Sorting a quote</h3><p dir=""auto"">For a sensible price, send both postcodes, a quick item list, access at each end, and your date. It also helps to mention how the bike will be loaded and secured. This is listed as driver-only, so flag if you will need lifting help. Insurance has been provided through VanHub UK, but ask that the cover matches your goods before you commit. There is a social page on the profile, worth a glance before you commit.</p>","https://framerusercontent.com/images/74yRCSFDqUH6HVBRhJ2WdDQ794.webp","","https://framerusercontent.com/images/SUN3A8zxFQjL4QFjunA3b6gCcnw.webp","","https://framerusercontent.com/images/7xFxF7YEZ36crGYyiwcyaEBoGk.webp","","https://framerusercontent.com/images/omzuUS1Y9BdxI4urAbkSJ6FrfA.webp","","","","https://framerusercontent.com/images/ceQ1QusSo96JydAUXoMTkQY77vc.webp","","https://framerusercontent.com/images/pEj6OyLZ1LjP2s4PsGqgqygb7Yk.webp","","https://framerusercontent.com/images/azUfSF1er2mSeE7AixHvDqMg340.webp","","true","false","Omega Transport, Collections and Removals in Grimsby","Scott Smith, working Grimsby and the rest of Lincolnshire","Other Man and Van Businesses in Grimsby","Only Scott Smith is listed for van work in Grimsby so far. Get listed too.","<p dir=""auto"">Only Scott Smith is listed for van work in Grimsby so far. <a href=""/driver-signup-page"">Get listed too</a>.</p>","Search for drivers in Lincolnshire","true"
"ak-transport-rochdale","Rochdale","Greater Manchester","","Azim Khan","AK Transport","","https://www.facebook.com/share/1Bw2QmMLkp/","https://framerusercontent.com/images/GdKEvAzo1miBw0qhING3SWOBvI.webp","Default profile image for AK Transport in Rochdale, Greater Manchester.","true","rochdale-greater-manchester","Buckley, Milnrow, Littleborough, Heywood, Whitworth, Royton, Shaw, Middleton","07438166421","https://wa.me/447438166421","Luton with tailift","","Small House Removals, UK Wide Courier Service","Yes","","","","AK Transport","<h2 dir=""auto"">The essentials</h2><p dir=""auto"">Working from OL11 in Rochdale, AK Transport handles jobs across Greater Manchester and nearby. Customers around Buckley, Milnrow, Littleborough, and Heywood may also find this a useful option. A lot of collection work here starts around Rochdale town centre and Kingsway Business Park. Between-property moves are common, with Rochdale Self Storage and Store First Rochdale among the local storage options.</p><h3 dir=""auto"">Vehicle and services</h3><p dir=""auto"">Listed here is a Luton with a tail lift, so appliances, furniture, and heavier single items can be wheeled up rather than lifted by hand. Jobs listed include small house moves and UK-wide courier runs. An extra pair of hands is listed, useful where items need two people.</p><h3 dir=""auto"">Getting a price</h3><p dir=""auto"">Give the driver something to work with, both postcodes, what is moving, stairs or lift, and timing, and the quote will be more accurate. It also helps to mention rough weights or sizes of the larger items. Insurance has not been supplied through VanHub UK. Check cover with the driver before handing over anything of value. There is a social page on the profile, worth a glance before you commit.</p>","https://framerusercontent.com/images/74yRCSFDqUH6HVBRhJ2WdDQ794.webp","","https://framerusercontent.com/images/SUN3A8zxFQjL4QFjunA3b6gCcnw.webp","","https://framerusercontent.com/images/7xFxF7YEZ36crGYyiwcyaEBoGk.webp","","https://framerusercontent.com/images/omzuUS1Y9BdxI4urAbkSJ6FrfA.webp","","","","https://framerusercontent.com/images/ceQ1QusSo96JydAUXoMTkQY77vc.webp","","https://framerusercontent.com/images/pEj6OyLZ1LjP2s4PsGqgqygb7Yk.webp","","https://framerusercontent.com/images/azUfSF1er2mSeE7AixHvDqMg340.webp","","false","false","AK Transport, Van and Driver in Rochdale","Azim Khan, working Rochdale and the rest of Greater Manchester","Other Man and Van Businesses in Rochdale","No other Rochdale van driver has signed up yet. Get your van listed.","<p dir=""auto"">No other Rochdale van driver has signed up yet. <a href=""/driver-signup-page"">Get your van listed</a>.</p>","Search for drivers in Greater Manchester","true"
"friend-n-friends-ltd-bolton","Bolton","Greater Manchester","","Muhammad Arslan","Friend N Friends LTD","","","https://framerusercontent.com/images/z39VRXWVmgL2nb5nBSbrmQR5o.jpg","Profile image for Friend N Friends LTD in Bolton, Greater Manchester.","true","bolton-greater-manchester","Bury, Wigan, Chorley, Farnworth, Westhoughton, Horwich, Leigh, Radcliffe","07448521193","https://wa.me/447448521193","LWB panel","","Single Item Collection, Medium House Removals (multi van), UK Wide Courier Service, Small House Removals, Local Courier Service, Motorbike Collection","No","","","","Friend N Friends LTD","<h2 dir=""auto"">About this profile</h2><p dir=""auto"">Friend N Friends LTD runs out of Bolton in Greater Manchester, with the profile tied to the BL1 district. Nearby spots like Bury, Wigan, Chorley, and Farnworth sit inside the usual working area.</p><h3 dir=""auto"">Van and work</h3><p dir=""auto"">Listed here is a long wheelbase panel van, well suited to single items, a few boxes, or a small furniture run. Jobs listed include single-item collections, medium house moves, UK-wide courier runs, small house moves, local courier work, and motorbike transport. This covers a wide range, single items to bigger moves, so pin down the job when you get in touch.</p><p dir=""auto"">For a sensible price, send both postcodes, a quick item list, access at each end, and your date. It also helps to mention how the bike will be loaded and secured. This is listed as driver-only, so flag if you will need lifting help. The driver has supplied insurance details to VanHub UK. Confirm the cover fits your items before agreeing anything valuable.</p>","https://framerusercontent.com/images/74yRCSFDqUH6HVBRhJ2WdDQ794.webp","","https://framerusercontent.com/images/SUN3A8zxFQjL4QFjunA3b6gCcnw.webp","","https://framerusercontent.com/images/7xFxF7YEZ36crGYyiwcyaEBoGk.webp","","https://framerusercontent.com/images/omzuUS1Y9BdxI4urAbkSJ6FrfA.webp","","","","https://framerusercontent.com/images/ceQ1QusSo96JydAUXoMTkQY77vc.webp","","https://framerusercontent.com/images/pEj6OyLZ1LjP2s4PsGqgqygb7Yk.webp","","https://framerusercontent.com/images/azUfSF1er2mSeE7AixHvDqMg340.webp","","true","false","Friend N Friends LTD, Van Driver in Bolton","Muhammad Arslan, working Bolton and the rest of Greater Manchester","Other Man and Van Businesses in Bolton","Muhammad Arslan is the sole listed driver in Bolton right now. Get yourself listed.","<p dir=""auto"">Muhammad Arslan is the sole listed driver in Bolton right now. <a href=""/driver-signup-page"">Get yourself listed</a>.</p>","Search for drivers in Greater Manchester","true"
"ace-express-couriers-chippenham","Chippenham","Wiltshire","","Alexandru Brinza","Ace Express Couriers","","","https://framerusercontent.com/images/NjEqe0vM7zaEYljMSSMvynjMxs.jpg","Profile image for Ace Express Couriers in Chippenham, Wiltshire.","false","chippenham-wiltshire","Calne, Corsham, Melksham, Trowbridge, Devizes, Bradford-on-Avon, Malmesbury, Bath","07845452061","https://wa.me/447845452061","Luton with tailift, LWB panel","","Single Item Collection, UK Wide Courier Service, Local Courier Service, Small House Removals","Yes","","","","Ace Express Couriers","<h2 dir=""auto"">The rundown</h2><p dir=""auto"">Ace Express Couriers covers Chippenham and the surrounding Wiltshire area, working out of the SN15 postcode. Nearby spots like Calne, Corsham, Melksham, and Trowbridge sit inside the usual working area.</p><h3 dir=""auto"">Vehicle and services</h3><p dir=""auto"">Listed here are a Luton with a tail lift and a long wheelbase panel van, which helps with heavier or bulky items, appliances, and stacked boxes that are awkward to lift in by hand. Jobs listed include single-item collections, UK-wide courier runs, local courier work, and small house moves. Porter help is shown as available, which matters for two-person lifts or stairs. The mix leans towards house moves and bulkier loads rather than light courier drops.</p><h3 dir=""auto"">Around Chippenham</h3><p dir=""auto"">A lot of collection work here starts around Town centre and Bath Road retail areas.</p><p dir=""auto"">For a sensible price, send both postcodes, a quick item list, access at each end, and your date. It also helps to mention rough weights or sizes of the larger items. Insurance has not been supplied through VanHub UK. Check cover with the driver before handing over anything of value.</p>","https://framerusercontent.com/images/74yRCSFDqUH6HVBRhJ2WdDQ794.webp","","https://framerusercontent.com/images/SUN3A8zxFQjL4QFjunA3b6gCcnw.webp","","https://framerusercontent.com/images/7xFxF7YEZ36crGYyiwcyaEBoGk.webp","","https://framerusercontent.com/images/omzuUS1Y9BdxI4urAbkSJ6FrfA.webp","","","","https://framerusercontent.com/images/ceQ1QusSo96JydAUXoMTkQY77vc.webp","","https://framerusercontent.com/images/pEj6OyLZ1LjP2s4PsGqgqygb7Yk.webp","","https://framerusercontent.com/images/azUfSF1er2mSeE7AixHvDqMg340.webp","","false","false","Ace Express Couriers, Man and Van Work in Chippenham","Man and van jobs covered by Alexandru Brinza in Chippenham and Wiltshire","Other Man and Van Businesses in Chippenham","Alexandru Brinza is the sole listed driver in Chippenham right now. Get yourself listed.","<p dir=""auto"">Alexandru Brinza is the sole listed driver in Chippenham right now. <a href=""/driver-signup-page"">Get yourself listed</a>.</p>","Search for drivers in Wiltshire","true"
"omeben-logistics-worksop","Worksop","Nottinghamshire","","Richy Omeben","Omeben Logistics","","https://www.facebook.com/share/14m8eAcNkZi/?mibextid=wwXIfr","https://framerusercontent.com/images/GdKEvAzo1miBw0qhING3SWOBvI.webp","Default profile image for Omeben Logistics in Worksop, Nottinghamshire.","true","worksop-nottinghamshire","Retford, Shireoaks, Dinnington, Creswell, Clowne, Mansfield, Rotherham, Doncaster","07497697880","https://wa.me/447497697880","Luton with tailift, Curtainsider 3.5t","Single Item Collection, Local Courier Service, UK Wide Courier Service, Small House Removals","Single Item Collection, Local Courier Service, UK Wide Courier Service, Small House Removals","Yes","","","","Omeben Logistics","<h2 dir=""auto"">Overview</h2><p dir=""auto"">Based in Worksop (S80), Omeben Logistics takes on man and van work across Nottinghamshire. That typically takes in Retford, Shireoaks, Dinnington, and Creswell among other nearby areas.</p><h3 dir=""auto"">Van type and loading</h3><p dir=""auto"">You are looking at a Luton with a tail lift and a curtainsider, handy when the load includes weighty goods, white goods, or anything hard to raise into a van.</p><h3 dir=""auto"">Typical work</h3><p dir=""auto"">Jobs listed include single-item collections, local courier work, UK-wide courier runs, and small house moves. An extra pair of hands is listed, useful where items need two people. The mix leans towards house moves and bulkier loads rather than light courier drops.</p><h3 dir=""auto"">Working Worksop</h3><p dir=""auto"">Shop and store pickups often come off Worksop town centre and Shireoaks Business Centre.</p><h3 dir=""auto"">Getting a useful quote</h3><p dir=""auto"">To get a quote worth having, describe the load, both postcodes, and any access issues rather than asking for a flat rate. It also helps to mention rough weights or sizes of the larger items. Insurance has been provided through VanHub UK, but ask that the cover matches your goods before you commit. There is a social page on the profile, worth a glance before you commit.</p>","https://framerusercontent.com/images/74yRCSFDqUH6HVBRhJ2WdDQ794.webp","","https://framerusercontent.com/images/SUN3A8zxFQjL4QFjunA3b6gCcnw.webp","","https://framerusercontent.com/images/7xFxF7YEZ36crGYyiwcyaEBoGk.webp","","https://framerusercontent.com/images/omzuUS1Y9BdxI4urAbkSJ6FrfA.webp","","","","https://framerusercontent.com/images/ceQ1QusSo96JydAUXoMTkQY77vc.webp","","https://framerusercontent.com/images/pEj6OyLZ1LjP2s4PsGqgqygb7Yk.webp","","https://framerusercontent.com/images/azUfSF1er2mSeE7AixHvDqMg340.webp","","true","false","Omeben Logistics, Man and Van Driver in Worksop","Richy Omeben, based in Worksop and working across Nottinghamshire","Other Man and Van Businesses in Worksop","Just one van is listed for Worksop at this point. List yours next.","<p dir=""auto"">Just one van is listed for Worksop at this point. <a href=""/driver-signup-page"">List yours next</a>.</p>","Search for drivers in Nottinghamshire","true"
"daventry-banbury-man-with-a-van-daventry","Daventry","Northamptonshire","","Aaron Hassett","Daventry Banbury Man With A Van","","https://facebook.com/daventrybanburymanwithavan","https://framerusercontent.com/images/cixSLfjmsiEsYLYLDp2TQnBYAo.jpg","Profile image for Daventry Banbury Man With A Van in Daventry, Northamptonshire.","true","daventry-northamptonshire","Banbury, Rugby, Long Buckby, Weedon Bec, Towcester, Northampton, Brackley, Southam","07474404941","https://wa.me/447474404941","XLWB panel","Single Item Collection, Local Courier Service, UK Wide Courier Service, Small House Removals, Rubbish Removal, Hazardous Waste Removal","Single Item Collection, Local Courier Service, UK Wide Courier Service, Small House Removals, Rubbish Removal, Hazardous Waste Removal","Yes","","","","Daventry Banbury Man With A Van","<h2 dir=""auto"">The rundown</h2><p dir=""auto"">Daventry Banbury Man With A Van is a Daventry-based man and van profile, set up around the NN11 area of Northamptonshire. That typically takes in Banbury, Rugby, Long Buckby, and Weedon Bec among other nearby areas.</p><h3 dir=""auto"">What Aaron covers</h3><p dir=""auto"">Jobs listed include single-item collections, local courier work, UK-wide courier runs, and small house moves. Porter help is shown as available, which matters for two-person lifts or stairs. With the moving work and that load space, this reads as a removals-focused setup rather than a courier one.</p><h3 dir=""auto"">Van type and loading</h3><p dir=""auto"">Listed here is an extra-long wheelbase panel van, which gives good load length for a small move or several larger items.</p><h3 dir=""auto"">Around Daventry</h3><p dir=""auto"">Rubbish runs round here usually head to Daventry HWRC. Shop and store pickups often come off Daventry town centre and Bowen Square.</p><p dir=""auto"">Waste and clearance work should only go to a driver with valid waste carrier registration, so confirm this and how the load is disposed of first. Hazardous waste is specialist work that needs the right licensing, so confirm this directly.</p><h3 dir=""auto"">Getting a useful quote</h3><p dir=""auto"">When you get in touch, give the pickup and drop-off postcodes, what is moving, parking and stairs, and when you need it. It also helps to mention rough weights or sizes of the larger items. There is no insurance on file with VanHub UK, so it is worth confirming cover directly, especially for anything valuable. A social page is linked, handy for a quick look at past work before booking.</p>","https://framerusercontent.com/images/74yRCSFDqUH6HVBRhJ2WdDQ794.webp","","https://framerusercontent.com/images/SUN3A8zxFQjL4QFjunA3b6gCcnw.webp","","https://framerusercontent.com/images/7xFxF7YEZ36crGYyiwcyaEBoGk.webp","","https://framerusercontent.com/images/omzuUS1Y9BdxI4urAbkSJ6FrfA.webp","","","","https://framerusercontent.com/images/ceQ1QusSo96JydAUXoMTkQY77vc.webp","","https://framerusercontent.com/images/pEj6OyLZ1LjP2s4PsGqgqygb7Yk.webp","","https://framerusercontent.com/images/azUfSF1er2mSeE7AixHvDqMg340.webp","","false","false","Daventry Banbury Man With A Van, Collections and Removals in Daventry","Aaron Hassett, based in Daventry and working across Northamptonshire","Other Man and Van Businesses in Daventry","No second driver is listed in Daventry yet. Own a van locally? Add your listing.","<p dir=""auto"">No second driver is listed in Daventry yet. Own a van locally? <a href=""/driver-signup-page"">Add your listing</a>.</p>","Search for drivers in Northamptonshire","true"
"bs-logistics-ltd-keighley","Keighley","West Yorkshire","","Muhammad Abubakr Hussain","B's Logistics LTD","","","https://framerusercontent.com/images/OsxXWXWF3rmp1i7eiiMQfM6FCOw.jpg","Profile image for B's Logistics LTD in Keighley, West Yorkshire.","false","keighley-west-yorkshire","Bingley, Shipley, Silsden, Skipton, Haworth, Oakworth, Cross Hills, Bradford, Halifax","07748042182","https://wa.me/447748042182","MWB panel","Single Item Collection, Local Courier Service, Small House Removals, UK Wide Courier Service, Motorbike Collection","Single Item Collection, Local Courier Service, Small House Removals, UK Wide Courier Service, Motorbike Collection","No","","","","B's Logistics LTD","<h2 dir=""auto"">The rundown</h2><p dir=""auto"">Based in Keighley (BD21), B's Logistics LTD takes on man and van work across West Yorkshire. That puts Bingley, Shipley, Silsden, and Skipton within easy reach for collections and drop-offs.</p><h3 dir=""auto"">Van and work</h3><p dir=""auto"">The profile lists a medium wheelbase panel van, a sensible size for single items and lighter moves. Jobs listed include single-item collections, local courier work, small house moves, UK-wide courier runs, and motorbike transport. The job list is broad, from single items through to larger moves, so be specific about which you need.</p><h3 dir=""auto"">Getting a price</h3><p dir=""auto"">A clear message beats a vague one: list the items, both postcodes, floor levels, and parking, plus the date you want. It also helps to mention how the bike will be loaded and secured. This is listed as driver-only, so flag if you will need lifting help. Insurance has not been supplied through VanHub UK. Check cover with the driver before handing over anything of value.</p>","https://framerusercontent.com/images/74yRCSFDqUH6HVBRhJ2WdDQ794.webp","","https://framerusercontent.com/images/SUN3A8zxFQjL4QFjunA3b6gCcnw.webp","","https://framerusercontent.com/images/7xFxF7YEZ36crGYyiwcyaEBoGk.webp","","https://framerusercontent.com/images/omzuUS1Y9BdxI4urAbkSJ6FrfA.webp","","","","https://framerusercontent.com/images/ceQ1QusSo96JydAUXoMTkQY77vc.webp","","https://framerusercontent.com/images/pEj6OyLZ1LjP2s4PsGqgqygb7Yk.webp","","https://framerusercontent.com/images/azUfSF1er2mSeE7AixHvDqMg340.webp","","false","false","B's Logistics LTD, Man and Van Work in Keighley","Removals and collections from Muhammad Abubakr Hussain in Keighley, West Yorkshire","Other Man and Van Businesses in Keighley","Nobody has joined Muhammad Abubakr Hussain on the Keighley listings yet. Claim a spot.","<p dir=""auto"">Nobody has joined Muhammad Abubakr Hussain on the Keighley listings yet. <a href=""/driver-signup-page"">Claim a spot</a>.</p>","Search for drivers in West Yorkshire","true"
"faster-removal-service-chingford","Chingford","Waltham Forest","chingford-waltham-forest","Jahanzaib","Faster Removal Service","","","https://framerusercontent.com/images/GdKEvAzo1miBw0qhING3SWOBvI.webp","Faster Removal Service profile image placeholder","false","","Walthamstow, Woodford, Highams Park, Edmonton, Enfield, Leyton, Loughton, Buckhurst Hill","+923189404387","https://wa.me/923189404387","Luton no tailift","Single Item Collection, Local Courier Service, Medium House Removals (multi van), Large House Moves 7.5t, HGV, Small House Removals, Rubbish Removal","Single Item Collection, Local Courier Service, Medium House Removals (multi van), Large House Moves 7.5t, HGV, Small House Removals, Rubbish Removal","Yes","","","","Faster Removal Service","<h2 dir=""auto"">At a glance</h2><p dir=""auto"">Faster Removal Service is a Chingford-based man and van listing, set up around the E4 area of Waltham Forest. That puts Walthamstow, Woodford, Highams Park, and Edmonton within easy reach for local collections and drop-offs.</p><h3 dir=""auto"">Vehicle and help</h3><p dir=""auto"">The profile lists a Luton van without a tail lift, so there is good load height for furniture, boxes, and small house moves, but heavier items may need careful lifting. Porter help is shown as available, useful where the job involves stairs, flats, or two-person items.</p><h3 dir=""auto"">Work listed</h3><p dir=""auto"">Jobs listed include single-item collections, local courier work, medium house removals, larger house moves, HGV work, small house removals, and rubbish removal. With the Luton and the removals work, this reads as a practical option for bulky loads rather than light parcel runs only.</p><p dir=""auto"">For any rubbish or clearance work, check the driver holds valid waste carrier registration and disposes of loads properly before booking.</p><h3 dir=""auto"">Before you book</h3><p dir=""auto"">For a useful quote, send both postcodes, an item list, floor levels, parking, and the date you need. It also helps to mention bulky pieces, rough weights, and whether there is space for a Luton van outside. Insurance details have been supplied to VanHub UK, though it is still worth checking the cover suits your particular job before handing over anything valuable.</p>","https://framerusercontent.com/images/74yRCSFDqUH6HVBRhJ2WdDQ794.webp","","https://framerusercontent.com/images/SUN3A8zxFQjL4QFjunA3b6gCcnw.webp","","https://framerusercontent.com/images/7xFxF7YEZ36crGYyiwcyaEBoGk.webp","","https://framerusercontent.com/images/omzuUS1Y9BdxI4urAbkSJ6FrfA.webp","","","","https://framerusercontent.com/images/ceQ1QusSo96JydAUXoMTkQY77vc.webp","","https://framerusercontent.com/images/pEj6OyLZ1LjP2s4PsGqgqygb7Yk.webp","","https://framerusercontent.com/images/azUfSF1er2mSeE7AixHvDqMg340.webp","","true","false","Faster Removal Service, Man and Van Driver in Chingford","Removals and collections from Jahanzaib in Chingford, Waltham Forest","Other Man and Van Businesses in Chingford","Chingford is covered by a single listed driver so far. List your van as well.","<p dir=""auto"">Chingford is covered by a single listed driver so far. <a href=""/driver-signup-page"">List your van as well</a>.</p>","Search for drivers in Waltham Forest","true"
"sterling-transport-waterlooville","Waterlooville","Hampshire","","Robin Wheeler","Sterling Transport","https://www.sterlingtransport.co.uk","","https://framerusercontent.com/images/laucE3zkwEIGjMspRXbnXG2yjxM.png","Sterling Transport XLWB panel van in Waterlooville, Hampshire.","true","waterlooville-hampshire","Havant, Portsmouth, Purbrook, Cosham, Horndean, Fareham, Bedhampton, Emsworth","07593247999","https://wa.me/447593247999","XLWB panel","","Single Item Collection, Local Courier Service, UK Wide Courier Service, Small House Removals","No, driver only","","","","Sterling Transport - Waterlooville man and van and courier service","<h2 dir=""auto"">Sterling Transport at a glance</h2><p dir=""auto"">Sterling Transport is a Waterlooville-based van service run by Robin Wheeler from the PO7 area of Hampshire. The profile covers single-item collections, local courier work, UK-wide courier runs and small house removals. Waterlooville also gives straightforward access towards Havant, Portsmouth and the wider south coast through the A3(M) and A27.</p><h3 dir=""auto"">Van and loading</h3><p dir=""auto"">Robin lists an extra-long-wheelbase panel van. That gives useful load length for furniture, boxed goods and multi-item deliveries, although customers should still provide measurements for anything unusually large. Extra manpower is not listed, so jobs involving heavy items, awkward stairs or two-person lifts should be discussed before booking.</p><h3 dir=""auto"">Work covered</h3><p dir=""auto"">The service mix suits store collections, furniture deliveries, smaller property moves and time-sensitive courier work. For a useful quote, send both postcodes, an item list, floor levels, parking details and the date or time required. Photographs and measurements help where access or item size may be an issue.</p><h3 dir=""auto"">Checks before booking</h3><p dir=""auto"">A profile image and insurance documents have been supplied to VanHub UK. Customers should still confirm that the current cover is suitable for the goods being moved. More information is available on the <a href=""https://www.sterlingtransport.co.uk"">Sterling Transport website</a>.</p>","https://framerusercontent.com/images/74yRCSFDqUH6HVBRhJ2WdDQ794.webp","","https://framerusercontent.com/images/SUN3A8zxFQjL4QFjunA3b6gCcnw.webp","","https://framerusercontent.com/images/7xFxF7YEZ36crGYyiwcyaEBoGk.webp","","https://framerusercontent.com/images/omzuUS1Y9BdxI4urAbkSJ6FrfA.webp","","","","https://framerusercontent.com/images/ceQ1QusSo96JydAUXoMTkQY77vc.webp","","https://framerusercontent.com/images/pEj6OyLZ1LjP2s4PsGqgqygb7Yk.webp","","https://framerusercontent.com/images/azUfSF1er2mSeE7AixHvDqMg340.webp","","true","false","Sterling Transport, Man and Van in Waterlooville","Robin Wheeler covers courier and small removal work around Waterlooville","Other Man and Van Businesses in Waterlooville","Waterlooville now has two listed van drivers. Add your business to the local results.","<p dir=""auto"">Waterlooville now has two listed van drivers. <a href=""/driver-signup-page"">List your van business</a> in the local results.</p>","Search for drivers in Hampshire","true"
"trusted-transport-co-hatfield","Hatfield","Hertfordshire","","Hossein Alizadeh","Trusted Transport Co","","","https://framerusercontent.com/images/6tOixpd5n6rUszfMNbCTMgdX30.jpg","Profile image supplied by Trusted Transport Co in Hatfield, Hertfordshire.","true","hatfield-hertfordshire","Welwyn Garden City, St Albans, Potters Bar, Borehamwood, Hertford, Harpenden, Stevenage, Hemel Hempstead","07990960362","https://wa.me/447990960362","LWB panel","","Single Item Collection, Local Courier Service, Small House Removals, UK Wide Courier Service","Yes","","","","Trusted Transport Co - Hatfield man and van and courier service","<h2 dir=""auto"">Trusted Transport Co at a glance</h2><p dir=""auto"">Trusted Transport Co is a Hatfield-based van service run by Hossein Alizadeh from the AL10 area of Hertfordshire. The profile covers single-item collections, local courier work, UK-wide courier runs and small house removals. Hatfield gives practical access to Welwyn Garden City, St Albans and Potters Bar, with the A1(M) and A414 close by for longer journeys.</p><h3 dir=""auto"">Van and lifting help</h3><p dir=""auto"">Hossein lists a long-wheelbase panel van, which is a useful size for furniture, boxed goods, store collections and smaller moves. Extra manpower can also be supplied when a job needs another pair of hands. Customers should still describe heavy or awkward items clearly so the right number of people can be agreed before the job.</p><h3 dir=""auto"">Work covered</h3><p dir=""auto"">The listed work includes local and UK-wide courier runs as well as household collections and smaller removals. For a useful quote, send both postcodes, an item list, measurements for bulky pieces, floor levels, parking details and the date or delivery deadline. Photographs are helpful where stairs, narrow access or unusually large items may affect loading.</p><h3 dir=""auto"">Checks before booking</h3><p dir=""auto"">A profile image and an insurance certificate have been supplied to VanHub UK. Customers should still confirm that the current cover suits the goods being moved. To discuss a job directly, <a href=""https://wa.me/447990960362"">message Trusted Transport Co on WhatsApp</a>.</p>","https://framerusercontent.com/images/74yRCSFDqUH6HVBRhJ2WdDQ794.webp","","https://framerusercontent.com/images/SUN3A8zxFQjL4QFjunA3b6gCcnw.webp","","https://framerusercontent.com/images/7xFxF7YEZ36crGYyiwcyaEBoGk.webp","","https://framerusercontent.com/images/omzuUS1Y9BdxI4urAbkSJ6FrfA.webp","","","","https://framerusercontent.com/images/ceQ1QusSo96JydAUXoMTkQY77vc.webp","","https://framerusercontent.com/images/pEj6OyLZ1LjP2s4PsGqgqygb7Yk.webp","","https://framerusercontent.com/images/azUfSF1er2mSeE7AixHvDqMg340.webp","","true","false","Trusted Transport Co, Man and Van in Hatfield","Hossein Alizadeh covers courier and small removal work around Hatfield","Other Man and Van Businesses in Hatfield","Hatfield currently has one listed van business. Add your details to appear alongside it.","<p dir=""auto"">Hatfield currently has one listed van business. <a href=""/driver-signup-page"">Add your van business</a> to appear alongside it.</p>","Search for drivers in Hertfordshire","true"
"24-7-movings-dewsbury","Dewsbury","West Yorkshire","","Fareed Hussain","24/7 MOVINGS","","https://www.facebook.com/share/1Ubi7PTQQk/?mibextid=wwXIfr","https://framerusercontent.com/images/YqY8bGur0wNvtVnqk4e9uiGBmc.jpg","Profile image supplied by 24/7 MOVINGS in Dewsbury, West Yorkshire.","true","dewsbury-west-yorkshire","Batley, Ossett, Heckmondwike, Mirfield, Cleckheaton, Wakefield, Brighouse, Huddersfield","07892685498","https://wa.me/447892685498","LWB panel, MWB panel, Luton no tailift, Luton with tailift","","Single Item Collection, UK Wide Courier Service, Medium House Removals (multi van), Motorbike Collection, Small House Removals","Yes","","","","24/7 MOVINGS - Dewsbury man and van and removals","<h2 dir=""auto"">24/7 MOVINGS at a glance</h2><p dir=""auto"">24/7 MOVINGS is a Dewsbury-based van and removals listing run by Fareed Hussain from the WF12 area of West Yorkshire. Work listed includes single-item collections, UK-wide courier jobs, small and medium house removals and motorbike collection. Dewsbury is well placed for Batley, Ossett, Heckmondwike and Mirfield, with routes towards the M1 and M62 for longer-distance work.</p><h3 dir=""auto"">Vehicles and extra manpower</h3><p dir=""auto"">The profile lists medium and long-wheelbase panel vans, plus Luton vans with and without a tail lift. That range can suit anything from a smaller collection to a multi-van move. Extra manpower is available, but customers should ask which van and how many people are being allocated to their particular job rather than assuming every vehicle is available at once.</p><h3 dir=""auto"">Planning the job</h3><p dir=""auto"">For removals, send an inventory, both postcodes, floor levels, parking details and photographs of larger items. For motorbike collection, confirm whether the bike runs, rolls and steers, and ask what ramps, straps and securing points will be used. Courier enquiries should include the collection window and required delivery time.</p><h3 dir=""auto"">Checks before booking</h3><p dir=""auto"">A profile image was supplied with the signup, but no insurance document was uploaded through VanHub UK. Confirm goods-in-transit and any other relevant cover directly before booking valuable, heavy or higher-risk work. The business also supplied a <a href=""https://www.facebook.com/share/1Ubi7PTQQk/?mibextid=wwXIfr"">24/7 MOVINGS Facebook page</a>.</p>","https://framerusercontent.com/images/74yRCSFDqUH6HVBRhJ2WdDQ794.webp","","https://framerusercontent.com/images/SUN3A8zxFQjL4QFjunA3b6gCcnw.webp","","https://framerusercontent.com/images/7xFxF7YEZ36crGYyiwcyaEBoGk.webp","","https://framerusercontent.com/images/omzuUS1Y9BdxI4urAbkSJ6FrfA.webp","","","","https://framerusercontent.com/images/ceQ1QusSo96JydAUXoMTkQY77vc.webp","","https://framerusercontent.com/images/pEj6OyLZ1LjP2s4PsGqgqygb7Yk.webp","","https://framerusercontent.com/images/azUfSF1er2mSeE7AixHvDqMg340.webp","","false","false","24/7 MOVINGS, Man and Van in Dewsbury","Fareed Hussain covers removals, courier work and motorbike collection around Dewsbury","Other Man and Van Businesses in Dewsbury","Dewsbury now has a listed van and removals business. Add your own profile to the local results.","<p dir=""auto"">Dewsbury now has a listed van and removals business. <a href=""/driver-signup-page"">Add your own profile</a> to the local results.</p>","Search for drivers in West Yorkshire","true"
"make-your-move-wallasey","Wallasey","Merseyside","","Colin Chesters","Make Your Move","","","https://framerusercontent.com/images/lu4s25HrmCzEu2ypzRggVycD2a8.jpg","Colin Chesters of Make Your Move, serving Wallasey and the Wirral.","true","wallasey-merseyside","Birkenhead, Leasowe, Moreton, Upton, New Brighton, Liverpool, Hoylake, West Kirby","07415299388","https://wa.me/447415299388","LWB panel","Single Item Collection, Local Courier Service, UK Wide Courier Service, Small House Removals, Medium House Removals (multi van), Large House Moves 7.5t, HGV","Single Item Collection, Local Courier Service, UK Wide Courier Service, Small House Removals, Medium House Removals (multi van), Large House Moves 7.5t, HGV","Yes","","","","Make Your Move - Wallasey man and van and removals","<h2 dir=""auto"">Booking Make Your Move in Wallasey</h2><p dir=""auto"">Colin Chesters lists single-item collections, local and UK-wide courier work, small house removals and larger moves. His signup records an LWB panel van and the option of extra manpower. Medium multi-van removals and larger 7.5-tonne or HGV moves were also selected, so customers should confirm the exact vehicle, number of movers and equipment assigned to a larger booking before accepting a quote.</p><h3 dir=""auto"">Jobs that suit the listed van</h3><p dir=""auto"">An LWB panel van can be a practical choice for furniture collections, bulky deliveries and smaller home moves when the load is measured properly. Send a complete item list, including the dimensions of large pieces, and mention anything fragile, unusually heavy or difficult to dismantle. If the job may need more than one journey, ask Colin to price that explicitly.</p><h3 dir=""auto"">Information needed for a useful quote</h3><p dir=""auto"">Provide both postcodes, the date and any fixed collection window. Include floor levels, stairs, lifts, parking restrictions and the carrying distance from each doorway. For routes between Wallasey and Liverpool, ask whether tunnel charges are included. Clear access information helps avoid a low estimate that changes on moving day.</p><h3 dir=""auto"">Insurance and booking checks</h3><p dir=""auto"">Colin supplied two insurance documents with his latest signup. Before handing over goods, confirm that the policies are still current and that the cover, limits and excess suit the load, particularly for high-value items or a full move. Agree the vehicle, crew, total price, payment terms and cancellation arrangements in writing. Customers can contact Make Your Move by <a href=""https://wa.me/447415299388"">WhatsApp</a> or phone.</p>","https://framerusercontent.com/images/74yRCSFDqUH6HVBRhJ2WdDQ794.webp","","https://framerusercontent.com/images/SUN3A8zxFQjL4QFjunA3b6gCcnw.webp","","https://framerusercontent.com/images/7xFxF7YEZ36crGYyiwcyaEBoGk.webp","","https://framerusercontent.com/images/omzuUS1Y9BdxI4urAbkSJ6FrfA.webp","","","","https://framerusercontent.com/images/ceQ1QusSo96JydAUXoMTkQY77vc.webp","","https://framerusercontent.com/images/pEj6OyLZ1LjP2s4PsGqgqygb7Yk.webp","","https://framerusercontent.com/images/azUfSF1er2mSeE7AixHvDqMg340.webp","","true","false","Make Your Move, Man and Van in Wallasey","Colin Chesters covers collections, courier work and removals around Wallasey","Other Man and Van Businesses in Wallasey","Wallasey currently has one listed van business. Add yours to the local results.","<p dir=""auto"">Wallasey currently has one listed van business. <a href=""/driver-signup-page"">Add yours</a> to the local results.</p>","Search for drivers in Merseyside","true"
"m-d-trash-masters-limited-rainham","Rainham","Havering","rainham-havering","Martin Quarm","M&D Trash Masters Limited","","https://www.facebook.com/share/1AK3QwV2fa/","https://framerusercontent.com/images/NrTRF9ob8Bld6EFJ8FwjYJXbtY.jpg","Martin Quarm of M&D Trash Masters Limited, serving Rainham and nearby East London.","true","","Dagenham, Hornchurch, Romford, Barking, Upminster, Erith, Purfleet, Grays","07979281887","https://wa.me/447979281887","Luton with tailift","Rubbish Removal, Medium House Removals (multi van), Small House Removals, Local Courier Service","Rubbish Removal, Medium House Removals (multi van), Small House Removals, Local Courier Service","Yes","","","","M&D Trash Masters Limited - Rainham removals and rubbish removal","<h2 dir=""auto"">Booking M&amp;D Trash Masters Limited in Rainham</h2><p dir=""auto"">Martin Quarm lists rubbish removal, small house moves, medium multi-van removals and local courier work. The vehicle recorded at signup is a Luton van with a tail lift, and extra manpower is available. That combination can be useful for bulky furniture, boxed household loads and heavier items that are suitable for a tail lift, subject to its stated weight limit.</p><h3 dir=""auto"">Plan the load before agreeing a price</h3><p dir=""auto"">Send Martin an itemised list with photos and measurements of the largest pieces. State the floor at each address, whether a lift works, how far the crew must carry, and where the van can legally stop. For a move, confirm how many movers and vehicles are included, whether dismantling is part of the quote, and whether waiting time has a separate charge.</p><h3 dir=""auto"">Extra checks for rubbish removal</h3><p dir=""auto"">Waste removal needs different checks from a house move. Before booking, ask for the business waste carrier registration details and where the load will be taken. A customer should receive the appropriate waste transfer paperwork and should not accept an unrealistically low cash price with no disposal record. The insurance supplied at signup does not replace waste carrier registration.</p><h3 dir=""auto"">Insurance and contact</h3><p dir=""auto"">Martin supplied an insurance document during signup. Confirm that it remains current and covers the specific job, goods and vehicle; also check the policy limit and excess before moving valuable items. Get the agreed scope, disposal fees where relevant, total price and payment terms in writing. M&amp;D Trash Masters Limited can be contacted through its <a href=""https://www.facebook.com/share/1AK3QwV2fa/"">Facebook page</a>, <a href=""https://wa.me/447979281887"">WhatsApp</a> or phone.</p>","https://framerusercontent.com/images/74yRCSFDqUH6HVBRhJ2WdDQ794.webp","","https://framerusercontent.com/images/SUN3A8zxFQjL4QFjunA3b6gCcnw.webp","","https://framerusercontent.com/images/7xFxF7YEZ36crGYyiwcyaEBoGk.webp","","https://framerusercontent.com/images/omzuUS1Y9BdxI4urAbkSJ6FrfA.webp","","","","https://framerusercontent.com/images/ceQ1QusSo96JydAUXoMTkQY77vc.webp","","https://framerusercontent.com/images/pEj6OyLZ1LjP2s4PsGqgqygb7Yk.webp","","https://framerusercontent.com/images/azUfSF1er2mSeE7AixHvDqMg340.webp","","true","false","M&D Trash Masters Limited, Removals and Rubbish Removal in Rainham","Martin Quarm covers removals, collections and rubbish removal around Rainham","Other Man and Van Businesses in Rainham","Rainham currently has one listed van business. Add yours to the local results.","<p dir=""auto"">Rainham currently has one listed van business. <a href=""/driver-signup-page"">Add yours</a> to the local results.</p>","Search for drivers in Havering","true"
"precision-way-transport-bradford","Bradford","West Yorkshire","","Zara Rasool","Precision Way Transport","","","https://framerusercontent.com/images/5aicAweB18rnjAaxtuBL8qvjCE.png","Zara Rasool of Precision Way Transport, providing courier services from Bradford.","true","bradford-west-yorkshire","Leeds, Shipley, Pudsey, Baildon, Queensbury, Cleckheaton, Bingley, Halifax","07346813380","https://wa.me/447346813380","MWB panel, LWB panel","UK Wide Courier Service, Local Courier Service","UK Wide Courier Service, Local Courier Service","Yes","","","","Precision Way Transport - Bradford courier service","<h2 dir=""auto"">Booking Precision Way Transport in Bradford</h2><p dir=""auto"">Zara Rasool lists local and UK-wide courier services from Bradford. Her signup records both MWB and LWB panel vans, with extra manpower available when a collection needs another pair of hands. The service profile is courier-focused, making it relevant to business consignments, scheduled collections and larger items that need a dedicated van rather than a parcel network.</p><h3 dir=""auto"">Describe the consignment clearly</h3><p dir=""auto"">For an accurate quote, provide the collection and delivery postcodes, ready time and latest acceptable delivery time. List the number of pieces and give their dimensions, weights and packaging. Mention pallets, fragile goods, high-value items, restricted-access sites and any item that cannot be stacked. Confirm whether loading and unloading help is available at both ends.</p><h3 dir=""auto"">Agree how the run will operate</h3><p dir=""auto"">Ask whether the price is for a dedicated direct run or may include other stops. If timing matters, agree the collection window, delivery deadline and how proof of delivery will be supplied. For commercial sites, share booking references, contact names, opening hours and the correct loading entrance before the driver sets off.</p><h3 dir=""auto"">Insurance and final checks</h3><p dir=""auto"">Zara supplied an insurance document during signup. Customers should still confirm that the policy is current and that its goods-in-transit limit, exclusions and excess are suitable for the consignment. Put the vehicle size, total charge, waiting-time terms and cancellation arrangements in writing. Precision Way Transport can be contacted by <a href=""https://wa.me/447346813380"">WhatsApp</a> or phone.</p>","https://framerusercontent.com/images/74yRCSFDqUH6HVBRhJ2WdDQ794.webp","","https://framerusercontent.com/images/SUN3A8zxFQjL4QFjunA3b6gCcnw.webp","","https://framerusercontent.com/images/7xFxF7YEZ36crGYyiwcyaEBoGk.webp","","https://framerusercontent.com/images/omzuUS1Y9BdxI4urAbkSJ6FrfA.webp","","","","https://framerusercontent.com/images/ceQ1QusSo96JydAUXoMTkQY77vc.webp","","https://framerusercontent.com/images/pEj6OyLZ1LjP2s4PsGqgqygb7Yk.webp","","https://framerusercontent.com/images/azUfSF1er2mSeE7AixHvDqMg340.webp","","true","false","Precision Way Transport, Courier Service in Bradford","Zara Rasool covers local and UK-wide courier work from Bradford","Other Man and Van Businesses in Bradford","Bradford now has several listed van businesses. Add yours to the local results.","<p dir=""auto"">Bradford now has several listed van businesses. <a href=""/driver-signup-page"">Add yours</a> to the local results.</p>","Search for drivers in West Yorkshire","true"
"odafe-smith-charlton","Charlton","Greenwich","charlton-greenwich","Odafe Smith","Smith","","","https://framerusercontent.com/images/cHNSG9BQF7Rwq9gW3ZSpdAOqT4.jpg","Odafe Smith, providing man and van services around Charlton.","true","","Greenwich, Woolwich, Blackheath, Lewisham, Deptford, Eltham, Plumstead, Kidbrooke","07446994494","https://wa.me/447446994494","LWB panel","Single Item Collection, Small House Removals, Local Courier Service","Single Item Collection, Small House Removals, Local Courier Service","Yes","","","","Smith - Charlton man and van and courier service","<h2 dir=""auto"">Booking Odafe Smith in Charlton</h2><p dir=""auto"">Odafe Smith lists single-item collections, small house removals and local courier work. His signup records an LWB panel van and the option of extra manpower. This can suit furniture purchases, bulky local deliveries and smaller moves when the load fits one van and the access is described in advance.</p><h3 dir=""auto"">Check that the load fits</h3><p dir=""auto"">Send a full item list with measurements of sofas, wardrobes, appliances and other large pieces. Say what needs dismantling, whether any item is fragile or unusually heavy, and whether help is available at either end. Ask how many movers are included and whether the quote allows for one journey or more.</p><h3 dir=""auto"">Access matters on London jobs</h3><p dir=""auto"">Provide both postcodes, floor levels, stairs, lift sizes and the carrying distance to the van. In Charlton and surrounding parts of south-east London, agree who will arrange parking or loading permission and whether any road, tunnel or emissions charges are included. A short journey can still take longer when the driver cannot stop close to the entrance.</p><h3 dir=""auto"">Insurance and booking checks</h3><p dir=""auto"">No insurance document was supplied with Odafe’s signup. Before handing over goods, ask for evidence of current cover that is appropriate to the job, including goods-in-transit protection where relevant, and check the limit, exclusions and excess. Agree the vehicle, crew, total price, payment method and cancellation terms in writing. Odafe can be contacted by <a href=""https://wa.me/447446994494"">WhatsApp</a> or phone.</p>","https://framerusercontent.com/images/74yRCSFDqUH6HVBRhJ2WdDQ794.webp","","https://framerusercontent.com/images/SUN3A8zxFQjL4QFjunA3b6gCcnw.webp","","https://framerusercontent.com/images/7xFxF7YEZ36crGYyiwcyaEBoGk.webp","","https://framerusercontent.com/images/omzuUS1Y9BdxI4urAbkSJ6FrfA.webp","","","","https://framerusercontent.com/images/ceQ1QusSo96JydAUXoMTkQY77vc.webp","","https://framerusercontent.com/images/pEj6OyLZ1LjP2s4PsGqgqygb7Yk.webp","","https://framerusercontent.com/images/azUfSF1er2mSeE7AixHvDqMg340.webp","","false","false","Smith, Man and Van in Charlton","Odafe Smith covers collections, courier work and small moves around Charlton","Other Man and Van Businesses in Charlton","Charlton currently has one listed van business. Add yours to the local results.","<p dir=""auto"">Charlton currently has one listed van business. <a href=""/driver-signup-page"">Add yours</a> to the local results.</p>","Search for drivers in Greenwich","true"
"plan-b-logistics-high-wycombe","High Wycombe","Buckinghamshire","","Don Morley","Plan B Logistics","https://www.planblogistics.uk","https://www.facebook.com/planblogisticssl7","https://framerusercontent.com/images/j2Bw42RpWGDbS6gR6bePUkNa5pE.png","Plan B Logistics logo for Don Morley in High Wycombe.","true","high-wycombe-buckinghamshire","","01628302903","https://wa.me/441628302903","XLWB panel","Single Item Collection, Local Courier Service, UK Wide Courier Service, Small House Removals, Motorbike Collection","Single Item Collection, Local Courier Service, UK Wide Courier Service, Small House Removals, Motorbike Collection","Yes","https://www.instagram.com/planblogistics/","","","Plan B Logistics - High Wycombe courier and man and van","<h2 dir=""auto"">Plan B Logistics in High Wycombe</h2><p dir=""auto"">Don Morley lists Plan B Logistics for single-item collections, local and UK-wide courier work, small house removals and motorbike collection. The stated vehicle is an XLWB panel van, with extra manpower available when arranged in advance.</p><h3 dir=""auto"">Check the load and vehicle before booking</h3><p dir=""auto"">For furniture and small moves, provide a complete item list with measurements for anything bulky, heavy or awkward. Include both postcodes, floors, stairs, lifts, parking restrictions and the carrying distance from the property to the van. Confirm how many movers the price includes and whether dismantling, waiting time or additional stops cost extra.</p><h3 dir=""auto"">Courier and motorbike collections</h3><p dir=""auto"">For courier work, state the collection window, delivery deadline, number of packages and whether the journey is direct or includes several drops. For a motorbike, give the make, model, condition and approximate weight. Ask Plan B Logistics how the bike will be loaded and secured, including the ramp, restraint points, wheel support and straps available for the job.</p><h3 dir=""auto"">Confirm the arrangement directly</h3><p dir=""auto"">Agree the written price, payment method, cancellation terms and the exact vehicle and crew before the collection date. Don supplied an insurance document during signup. Confirm that it remains current and that its cover, limits, exclusions and excess suit the job.</p>","https://framerusercontent.com/images/74yRCSFDqUH6HVBRhJ2WdDQ794.webp","","https://framerusercontent.com/images/SUN3A8zxFQjL4QFjunA3b6gCcnw.webp","","https://framerusercontent.com/images/7xFxF7YEZ36crGYyiwcyaEBoGk.webp","","https://framerusercontent.com/images/omzuUS1Y9BdxI4urAbkSJ6FrfA.webp","","","","https://framerusercontent.com/images/ceQ1QusSo96JydAUXoMTkQY77vc.webp","","https://framerusercontent.com/images/pEj6OyLZ1LjP2s4PsGqgqygb7Yk.webp","","https://framerusercontent.com/images/azUfSF1er2mSeE7AixHvDqMg340.webp","","true","false","Plan B Logistics, Man and Van in High Wycombe","Don Morley covers courier work, collections and small removals from High Wycombe","Other Man and Van Businesses in High Wycombe","High Wycombe currently has one listed van business. Add yours to the local results.","<p dir=""auto"">High Wycombe currently has one listed van business. <a href=""/driver-signup-page"">Add yours</a> to the local results.</p>","Search for drivers in Buckinghamshire","true"
"daves-couriers-brighton","Brighton","East Sussex","","David Willson","Dave's Couriers","","","https://framerusercontent.com/images/UCZu16uMarVvjZ6riXly202UBoA.jpg","David Willson of Dave's Couriers in Brighton.","true","brighton-east-sussex","Hove, Portslade, Shoreham-by-Sea, Lewes, Peacehaven, Burgess Hill, Worthing, Haywards Heath","07548655167","https://wa.me/447548655167","SWB panel","Local Courier Service","Local Courier Service","No, driver only","","","","Dave's Couriers - Brighton local courier service","<h2 dir=""auto"">Dave’s Couriers in Brighton</h2><p dir=""auto"">David Willson lists Dave’s Couriers for local courier work from the BN1 area of Brighton. The vehicle recorded at signup is a short-wheelbase panel van, a practical setup for parcels, boxed goods, trade collections and smaller direct deliveries where a larger removal van is not required.</p><h3 dir=""auto"">Give enough detail for a useful quote</h3><p dir=""auto"">Send the collection and delivery postcodes, what is being carried, the number of pieces and any dimensions or weights that matter. If the job has a fixed collection slot or delivery deadline, say so before the price is agreed. Brighton traffic and access can vary sharply around the A23, A27 and city-centre streets, so parking and loading details are worth including.</p><h3 dir=""auto"">Loading help and insurance</h3><p dir=""auto"">Extra manpower is not listed, so tell David if an item needs two people or cannot be safely handled by one driver. No insurance document was supplied through VanHub UK at signup. Customers should confirm the current vehicle and goods-in-transit cover directly before handing over valuable goods.</p>","https://framerusercontent.com/images/74yRCSFDqUH6HVBRhJ2WdDQ794.webp","","https://framerusercontent.com/images/SUN3A8zxFQjL4QFjunA3b6gCcnw.webp","","https://framerusercontent.com/images/7xFxF7YEZ36crGYyiwcyaEBoGk.webp","","https://framerusercontent.com/images/omzuUS1Y9BdxI4urAbkSJ6FrfA.webp","","","","https://framerusercontent.com/images/ceQ1QusSo96JydAUXoMTkQY77vc.webp","","https://framerusercontent.com/images/pEj6OyLZ1LjP2s4PsGqgqygb7Yk.webp","","https://framerusercontent.com/images/azUfSF1er2mSeE7AixHvDqMg340.webp","","false","false","Dave's Couriers, Courier Service in Brighton","David Willson covers local courier work from Brighton","Other Man and Van Businesses in Brighton","Run a van business around Brighton? Add your details to the local results.","<p dir=""auto"">Run a van business around Brighton? <a href=""/driver-signup-page"">Add your details</a> to the local results.</p>","Search for drivers in East Sussex","true"
"gdj-logistics-services-ltd-worksop","Worksop","Nottinghamshire","","Godwin Oyathelemi Johnson","GDJ Logistics Services Ltd","https://gdjlogistics.com","","https://framerusercontent.com/images/GeNeWHAzSdpQHmXX9eG867TF64.jpg","GDJ Logistics Services Ltd image supplied by Godwin Johnson.","true","worksop-nottinghamshire","Retford, Dinnington, Shireoaks, Creswell, Clowne, Mansfield, Rotherham, Doncaster","07587285161","https://wa.me/447587285161","Luton with tailift","UK Wide Courier Service, Local Courier Service, Single Item Collection, Small House Removals, Rubbish Removal","UK Wide Courier Service, Local Courier Service, Single Item Collection, Small House Removals, Rubbish Removal","Yes","","","","GDJ Logistics Services Ltd - Worksop courier and removals","<h2 dir=""auto"">GDJ Logistics Services Ltd near Worksop</h2><p dir=""auto"">Godwin Oyathelemi Johnson lists GDJ Logistics Services Ltd for local and UK-wide courier work, single-item collections, small house removals and rubbish removal. The signup records a Luton van with a tail lift and extra manpower, giving more scope for bulky furniture, boxed household loads and heavier items than a basic panel van.</p><h3 dir=""auto"">Plan the load before booking</h3><p dir=""auto"">Send a full item list with measurements for the largest pieces, both postcodes, floor levels, stairs or lifts, parking and the carrying distance to the van. Confirm how many movers are included and whether dismantling, waiting time or extra stops alter the quoted price.</p><h3 dir=""auto"">Rubbish work needs separate checks</h3><p dir=""auto"">If the job includes waste, ask for current waste carrier registration and where the material will be taken. Insurance does not replace the legal requirements for carrying and disposing of waste.</p><h3 dir=""auto"">Insurance and business details</h3><p dir=""auto"">Godwin supplied an insurance certificate during signup and selected the paid Featured Profile option. Customers should still confirm that the policy remains current and that its limits and exclusions suit the job. More information is available on the <a href=""https://gdjlogistics.com"">GDJ Logistics website</a>.</p>","https://framerusercontent.com/images/GeNeWHAzSdpQHmXX9eG867TF64.jpg","GDJ Logistics Services Ltd vehicle or work image 1 supplied during signup.","https://framerusercontent.com/images/wlkvz7NOQUtzqJrJ9u982netw.jpg","GDJ Logistics Services Ltd vehicle or work image 2 supplied during signup.","https://framerusercontent.com/images/eE20sTd0Jtt30ONy9pExPvoFmMQ.jpg","GDJ Logistics Services Ltd vehicle or work image 3 supplied during signup.","https://framerusercontent.com/images/v4lKGTAMYEE6N1hKefAvie5LzM.jpg","GDJ Logistics Services Ltd vehicle or work image 4 supplied during signup.","https://framerusercontent.com/images/F06hPyVJEgfaxuoGfzIm4lMW0.jpg","GDJ Logistics Services Ltd vehicle or work image 5 supplied during signup.","https://framerusercontent.com/images/0VL6w9QCWQR6vs3KdTHb6crzDVU.jpg","GDJ Logistics Services Ltd vehicle or work image 6 supplied during signup.","https://framerusercontent.com/images/GY1nbaZz0KfRlEeXuSaKa4Ny44.jpg","GDJ Logistics Services Ltd vehicle or work image 7 supplied during signup.","https://framerusercontent.com/images/8wKHqFW6wuUutj4uWicAZANuUNQ.jpg","GDJ Logistics Services Ltd vehicle or work image 8 supplied during signup.","true","true","GDJ Logistics Services Ltd, Man and Van in Worksop","Godwin Johnson covers courier work, collections and small removals around Worksop","Other Man and Van Businesses in Worksop","Run a van business around Worksop? Add your details to the local results.","<p dir=""auto"">Run a van business around Worksop? <a href=""/driver-signup-page"">Add your details</a> to the local results.</p>","Search for drivers in Nottinghamshire","true"
"jr-man-and-van-chester-le-street","Chester le Street","County Durham","","Jack Roberts","JR.Man&Van","","https://www.facebook.com/share/1c73Zmu5bw/?mibextid=wwXIfr","https://framerusercontent.com/images/LfAY4nLaSETSYGklsGZVcTGLolo.png","Jack Roberts of JR.Man&Van in Chester le Street.","true","chester-le-street-county-durham","Durham, Newcastle upon Tyne, Sunderland, Washington, Houghton-Le-Spring, Stanley, Hetton-Le-Hole, Gateshead","07809140528","https://wa.me/447809140528","SWB panel","Single Item Collection, Local Courier Service, Small House Removals, Motorbike Collection, UK Wide Courier Service","Single Item Collection, Local Courier Service, Small House Removals, Motorbike Collection, UK Wide Courier Service","Yes","","","","JR.Man&Van - Chester le Street collections, courier and removals","<h2 dir=""auto"">JR.Man&amp;Van in Chester le Street</h2><p dir=""auto"">Jack Roberts lists JR.Man&amp;Van for single-item collections, local and UK-wide courier work, small house removals and motorbike collection. The signup records a short-wheelbase panel van, with extra manpower available when the job needs another pair of hands.</p><h3 dir=""auto"">Match the job to the van</h3><p dir=""auto"">An SWB van can suit smaller moves and direct collections, but customers should provide measurements for furniture, appliances and awkward items rather than assuming everything will fit. Include both postcodes, stairs or lifts, parking and any time restrictions. Chester le Street is closely tied to the A1(M) and A167, so timing can matter on longer runs.</p><h3 dir=""auto"">Motorbike collections</h3><p dir=""auto"">For a bike, give the make, model, running condition and approximate weight. Ask how it will be loaded and secured, including ramp arrangements, wheel support and tie-down points.</p><h3 dir=""auto"">Checks before booking</h3><p dir=""auto"">No insurance document was supplied through VanHub UK at signup, so confirm current cover directly before booking valuable goods or a vehicle collection. JR.Man&amp;Van also provided a <a href=""https://www.facebook.com/share/1c73Zmu5bw/?mibextid=wwXIfr"">Facebook page</a>.</p>","https://framerusercontent.com/images/74yRCSFDqUH6HVBRhJ2WdDQ794.webp","","https://framerusercontent.com/images/SUN3A8zxFQjL4QFjunA3b6gCcnw.webp","","https://framerusercontent.com/images/7xFxF7YEZ36crGYyiwcyaEBoGk.webp","","https://framerusercontent.com/images/omzuUS1Y9BdxI4urAbkSJ6FrfA.webp","","","","https://framerusercontent.com/images/ceQ1QusSo96JydAUXoMTkQY77vc.webp","","https://framerusercontent.com/images/pEj6OyLZ1LjP2s4PsGqgqygb7Yk.webp","","https://framerusercontent.com/images/azUfSF1er2mSeE7AixHvDqMg340.webp","","false","false","JR.Man&Van, Man and Van in Chester le Street","Jack Roberts covers collections, courier work and small removals around Chester le Street","Other Man and Van Businesses in Chester le Street","Run a van business around Chester le Street? Add your details to the local results.","<p dir=""auto"">Run a van business around Chester le Street? <a href=""/driver-signup-page"">Add your details</a> to the local results.</p>","Search for drivers in County Durham","true"
"mow-move-kingswinford","Kingswinford","West Midlands","","Jonathan Rousell","Mow & Move","","","https://framerusercontent.com/images/OxreqTM31TqDTOATM3Y4CfaAQ.png","Jonathan Rousell of Mow & Move in Kingswinford.","true","kingswinford-west-midlands","Dudley, Stourbridge, Brierley Hill, Wolverhampton, Sedgley, Halesowen, Wombourne, Wordsley","07484268056","https://wa.me/447484268056","MWB panel","Single Item Collection, Local Courier Service","Single Item Collection, Local Courier Service","No, driver only","","","","Mow & Move - Kingswinford collections and courier service","<h2 dir=""auto"">Mow &amp; Move in Kingswinford</h2><p dir=""auto"">Jonathan Rousell lists Mow &amp; Move for single-item collections and local courier work from the DY6 area of Kingswinford. The vehicle recorded at signup is a medium-wheelbase panel van, giving more load space than a small van while remaining suitable for everyday residential and business collections.</p><h3 dir=""auto"">Describe the item and access</h3><p dir=""auto"">For furniture or bulky goods, send measurements and photos where useful. Include the collection and delivery postcodes, floor levels, stairs, lifts, parking and how far the item must be carried. Kingswinford sits close to Dudley, Stourbridge and Brierley Hill, so local jobs often cross between neighbouring Black Country towns.</p><h3 dir=""auto"">Driver-only setup</h3><p dir=""auto"">Extra manpower is not listed. If an item needs a two-person lift, tell Jonathan before agreeing the job and confirm who will help at each end.</p><h3 dir=""auto"">Insurance check</h3><p dir=""auto"">No insurance document was supplied through VanHub UK at signup. Before handing over valuable goods, confirm the current vehicle and goods-in-transit cover, the agreed price and any waiting-time or cancellation terms.</p>","https://framerusercontent.com/images/74yRCSFDqUH6HVBRhJ2WdDQ794.webp","","https://framerusercontent.com/images/SUN3A8zxFQjL4QFjunA3b6gCcnw.webp","","https://framerusercontent.com/images/7xFxF7YEZ36crGYyiwcyaEBoGk.webp","","https://framerusercontent.com/images/omzuUS1Y9BdxI4urAbkSJ6FrfA.webp","","","","https://framerusercontent.com/images/ceQ1QusSo96JydAUXoMTkQY77vc.webp","","https://framerusercontent.com/images/pEj6OyLZ1LjP2s4PsGqgqygb7Yk.webp","","https://framerusercontent.com/images/azUfSF1er2mSeE7AixHvDqMg340.webp","","false","false","Mow & Move, Courier and Collection Service in Kingswinford","Jonathan Rousell covers local courier work and single-item collections around Kingswinford","Other Man and Van Businesses in Kingswinford","Run a van business around Kingswinford? Add your details to the local results.","<p dir=""auto"">Run a van business around Kingswinford? <a href=""/driver-signup-page"">Add your details</a> to the local results.</p>","Search for drivers in West Midlands","true"
"back2back-couriers-halifax","Halifax","West Yorkshire","","Clifford Benjamin","Back2back Couriers","","","https://framerusercontent.com/images/GdKEvAzo1miBw0qhING3SWOBvI.webp","Default profile image for Clifford Benjamin of Back2back Couriers in Halifax.","true","halifax-west-yorkshire","Bradford, Sowerby Bridge, Elland, Queensbury, Brighouse, Cleckheaton, Huddersfield, Hebden Bridge","07724232924","https://wa.me/447724232924","MWB panel","Single Item Collection, Local Courier Service, UK Wide Courier Service, Motorbike Collection","Single Item Collection, Local Courier Service, UK Wide Courier Service, Motorbike Collection","Yes","","","","Back2back Couriers - Halifax courier and collection service","<h2 dir=""auto"">Back2back Couriers in Halifax</h2><p dir=""auto"">Clifford Benjamin lists Back2back Couriers for single-item collections, local and UK-wide courier work and motorbike collection from Halifax. The signup records a medium-wheelbase panel van, with extra manpower available when a job needs another person for loading or lifting.</p><h3 dir=""auto"">Collections and courier work</h3><p dir=""auto"">For a useful quote, send both postcodes, the item or consignment details, dimensions and approximate weights, plus the collection window and delivery deadline. Around Halifax, access can matter as much as mileage, particularly on steep residential streets and routes feeding the A629 and A58.</p><h3 dir=""auto"">Motorbike work</h3><p dir=""auto"">For a motorbike collection, give the make, model, condition and approximate weight. Ask how the bike will be loaded and restrained, including the ramp, wheel support and tie-down setup.</p><h3 dir=""auto"">Insurance and final checks</h3><p dir=""auto"">No insurance document was supplied through VanHub UK at signup. Confirm current cover directly before booking, especially for valuable goods or motorbikes. Agree the total price, waiting-time terms, loading help and payment method before the collection date.</p>","https://framerusercontent.com/images/74yRCSFDqUH6HVBRhJ2WdDQ794.webp","","https://framerusercontent.com/images/SUN3A8zxFQjL4QFjunA3b6gCcnw.webp","","https://framerusercontent.com/images/7xFxF7YEZ36crGYyiwcyaEBoGk.webp","","https://framerusercontent.com/images/omzuUS1Y9BdxI4urAbkSJ6FrfA.webp","","","","https://framerusercontent.com/images/ceQ1QusSo96JydAUXoMTkQY77vc.webp","","https://framerusercontent.com/images/pEj6OyLZ1LjP2s4PsGqgqygb7Yk.webp","","https://framerusercontent.com/images/azUfSF1er2mSeE7AixHvDqMg340.webp","","false","false","Back2back Couriers, Courier and Man and Van in Halifax","Clifford Benjamin covers courier work, collections and motorbike transport from Halifax","Other Man and Van Businesses in Halifax","Run a van business around Halifax? Add your details to the local results.","<p dir=""auto"">Run a van business around Halifax? <a href=""/driver-signup-page"">Add your details</a> to the local results.</p>","Search for drivers in West Yorkshire","true"